
PLAY [verify] ******************************************************************

TASK [Gathering Facts] *********************************************************
ok: [localhost]

TASK [/stigforge/roles/ubuntu22_cis : StigForge apply ubuntu22_cis profile cis-l2] ***
included: /stigforge/roles/ubuntu22_cis/tasks/cis-l2.yml for localhost

TASK [/stigforge/roles/ubuntu22_cis : Gather the package facts] ****************
ok: [localhost]

TASK [/stigforge/roles/ubuntu22_cis : Ensure prelink is Removed] ***************
ok: [localhost]

TASK [/stigforge/roles/ubuntu22_cis : Ensure aide is installed] ****************
skipping: [localhost]

TASK [/stigforge/roles/ubuntu22_cis : Ensure aide is installed] ****************
skipping: [localhost] => (item=aide) 
skipping: [localhost]

TASK [/stigforge/roles/ubuntu22_cis : Ensure AIDE is installed] ****************
skipping: [localhost]

TASK [/stigforge/roles/ubuntu22_cis : Install cron] ****************************
skipping: [localhost]

TASK [/stigforge/roles/ubuntu22_cis : Remove the GDM Package Group: Ensure gdm3 is removed] ***
skipping: [localhost]

TASK [/stigforge/roles/ubuntu22_cis : Ensure sudo is installed] ****************
skipping: [localhost]

TASK [/stigforge/roles/ubuntu22_cis : Ensure libpam-pwquality is installed] ****
changed: [localhost]

TASK [/stigforge/roles/ubuntu22_cis : Ensure apparmor is installed] ************
skipping: [localhost]

TASK [/stigforge/roles/ubuntu22_cis : Ensure rsyslog is installed] *************
skipping: [localhost]

TASK [/stigforge/roles/ubuntu22_cis : Ensure systemd-journal-remote is installed] ***
skipping: [localhost]

TASK [/stigforge/roles/ubuntu22_cis : Ensure iptables is installed] ************
skipping: [localhost]

TASK [/stigforge/roles/ubuntu22_cis : Remove iptables-persistent Package: Ensure iptables-persistent is removed] ***
skipping: [localhost]

TASK [/stigforge/roles/ubuntu22_cis : Ensure nftables is installed] ************
skipping: [localhost]

TASK [/stigforge/roles/ubuntu22_cis : Remove ufw Package: Ensure ufw is removed] ***
skipping: [localhost]

TASK [/stigforge/roles/ubuntu22_cis : Ensure NetworkManager is installed] ******
skipping: [localhost] => (item=NetworkManager) 
skipping: [localhost]

TASK [/stigforge/roles/ubuntu22_cis : Uninstall avahi Server Package: Ensure avahi-daemon is removed] ***
ok: [localhost]

TASK [/stigforge/roles/ubuntu22_cis : Uninstall the nis package: Ensure nis is removed] ***
ok: [localhost]

TASK [/stigforge/roles/ubuntu22_cis : Uninstall DHCP Server Package: Ensure isc-dhcp-server is removed] ***
ok: [localhost]

TASK [/stigforge/roles/ubuntu22_cis : Uninstall bind Package: Ensure bind9 is removed] ***
ok: [localhost]

TASK [/stigforge/roles/ubuntu22_cis : Uninstall vsftpd Package: Ensure vsftpd is removed] ***
ok: [localhost]

TASK [/stigforge/roles/ubuntu22_cis : Uninstall apache2 Package: Ensure apache2 is removed] ***
ok: [localhost]

TASK [/stigforge/roles/ubuntu22_cis : Uninstall nginx Package: Ensure nginx is removed] ***
ok: [localhost]

TASK [/stigforge/roles/ubuntu22_cis : Uninstall cyrus-imapd Package: Ensure cyrus-imapd is removed] ***
ok: [localhost]

TASK [/stigforge/roles/ubuntu22_cis : Uninstall dovecot Package: Ensure dovecot-core is removed] ***
ok: [localhost]

TASK [/stigforge/roles/ubuntu22_cis : Ensure LDAP client is not installed: Ensure ldap-utils is removed] ***
ok: [localhost]

TASK [/stigforge/roles/ubuntu22_cis : Uninstall openldap-servers Package: Ensure slapd is removed] ***
ok: [localhost]

TASK [/stigforge/roles/ubuntu22_cis : Uninstall nfs-kernel-server Package: Ensure nfs-kernel-server is removed] ***
ok: [localhost]

TASK [/stigforge/roles/ubuntu22_cis : Uninstall rpcbind Package: Ensure rpcbind is removed] ***
skipping: [localhost]

TASK [/stigforge/roles/ubuntu22_cis : Ensure systemd-timesyncd is installed] ***
skipping: [localhost]

TASK [/stigforge/roles/ubuntu22_cis : Uninstall rsync Package: Ensure rsync is removed] ***
ok: [localhost]

TASK [/stigforge/roles/ubuntu22_cis : Uninstall rsh Package: Ensure rsh-client is removed] ***
ok: [localhost]

TASK [/stigforge/roles/ubuntu22_cis : Uninstall talk Package: Ensure talk is removed] ***
ok: [localhost]

TASK [/stigforge/roles/ubuntu22_cis : Remove telnet Clients: Ensure telnet is removed] ***
ok: [localhost]

TASK [/stigforge/roles/ubuntu22_cis : Uninstall CUPS Package: Ensure cups is removed] ***
ok: [localhost]

TASK [/stigforge/roles/ubuntu22_cis : Uninstall squid Package: Ensure squid is removed] ***
ok: [localhost]

TASK [/stigforge/roles/ubuntu22_cis : Uninstall Samba Package: Ensure samba is removed] ***
ok: [localhost]

TASK [/stigforge/roles/ubuntu22_cis : Uninstall net-snmp Package: Ensure snmp is removed] ***
ok: [localhost]

TASK [/stigforge/roles/ubuntu22_cis : Remove the X Windows Package Group: Ensure xserver-xorg is removed] ***
ok: [localhost]

TASK [/stigforge/roles/ubuntu22_cis : Ensure auditd is installed] **************
skipping: [localhost]

TASK [/stigforge/roles/ubuntu22_cis : Gather the package facts] ****************
ok: [localhost]

TASK [/stigforge/roles/ubuntu22_cis : Enable rsyslog Service - Enable Service rsyslog] ***
skipping: [localhost]

TASK [/stigforge/roles/ubuntu22_cis : Enable systemd-journald Service - Enable Service systemd-journald] ***
skipping: [localhost]

TASK [/stigforge/roles/ubuntu22_cis : Verify nftables Service is Enabled - Enable Service nftables] ***
skipping: [localhost]

TASK [/stigforge/roles/ubuntu22_cis : Verify ufw Enabled - Enable Service ufw] ***
skipping: [localhost]

TASK [/stigforge/roles/ubuntu22_cis : Disable the Automounter - Collect systemd Services Present in the System] ***
skipping: [localhost]

TASK [/stigforge/roles/ubuntu22_cis : Disable the Automounter - Ensure autofs.service is Masked] ***
skipping: [localhost]

TASK [/stigforge/roles/ubuntu22_cis : Unit Socket Exists - autofs.socket] ******
skipping: [localhost]

TASK [/stigforge/roles/ubuntu22_cis : Disable the Automounter - Disable Socket autofs] ***
skipping: [localhost]

TASK [/stigforge/roles/ubuntu22_cis : Disable Apport Service - Collect systemd Services Present in the System] ***
skipping: [localhost]

TASK [/stigforge/roles/ubuntu22_cis : Disable Apport Service - Ensure apport.service is Masked] ***
skipping: [localhost]

TASK [/stigforge/roles/ubuntu22_cis : Unit Socket Exists - apport.socket] ******
skipping: [localhost]

TASK [/stigforge/roles/ubuntu22_cis : Disable Apport Service - Disable Socket apport] ***
skipping: [localhost]

TASK [/stigforge/roles/ubuntu22_cis : Disable Avahi Server Software - Collect systemd Services Present in the System] ***
skipping: [localhost]

TASK [/stigforge/roles/ubuntu22_cis : Disable Avahi Server Software - Ensure avahi-daemon.service is Masked] ***
skipping: [localhost]

TASK [/stigforge/roles/ubuntu22_cis : Unit Socket Exists - avahi-daemon.socket] ***
skipping: [localhost]

TASK [/stigforge/roles/ubuntu22_cis : Disable Avahi Server Software - Disable Socket avahi-daemon] ***
skipping: [localhost]

TASK [/stigforge/roles/ubuntu22_cis : Enable cron Service - Enable Service cron] ***
skipping: [localhost]

TASK [/stigforge/roles/ubuntu22_cis : The Chronyd service is enabled - Enable Service chrony] ***
skipping: [localhost]

TASK [/stigforge/roles/ubuntu22_cis : Enable the NTP Daemon - Enable Service ntp] ***
skipping: [localhost]

TASK [/stigforge/roles/ubuntu22_cis : Enable systemd_timesyncd Service - Enable Service systemd-timesyncd] ***
skipping: [localhost]

TASK [/stigforge/roles/ubuntu22_cis : Disable the CUPS Service - Collect systemd Services Present in the System] ***
skipping: [localhost]

TASK [/stigforge/roles/ubuntu22_cis : Disable the CUPS Service - Ensure cups.service is Masked] ***
skipping: [localhost]

TASK [/stigforge/roles/ubuntu22_cis : Unit Socket Exists - cups.socket] ********
skipping: [localhost]

TASK [/stigforge/roles/ubuntu22_cis : Disable the CUPS Service - Disable Socket cups] ***
skipping: [localhost]

TASK [/stigforge/roles/ubuntu22_cis : Enable auditd Service - Enable Service auditd] ***
skipping: [localhost]

TASK [/stigforge/roles/ubuntu22_cis : Gather the service facts] ****************
ok: [localhost]

TASK [/stigforge/roles/ubuntu22_cis : Check If Prelinked Is Installed] *********
ok: [localhost]

TASK [/stigforge/roles/ubuntu22_cis : Restore Prelinked Binaries] **************
skipping: [localhost]

TASK [/stigforge/roles/ubuntu22_cis : Build and Test AIDE Database - Ensure AIDE Is Installed] ***
skipping: [localhost]

TASK [/stigforge/roles/ubuntu22_cis : Build and Test AIDE Database - Check if DB Path in /etc/aide/aide.conf Is Already Set] ***
skipping: [localhost]

TASK [/stigforge/roles/ubuntu22_cis : Build and Test AIDE Database - Check if DB Out Path in /etc/aide/aide.conf Is Already Set] ***
skipping: [localhost]

TASK [/stigforge/roles/ubuntu22_cis : Build and Test AIDE Database - Fix DB Path in Config File if Necessary] ***
skipping: [localhost]

TASK [/stigforge/roles/ubuntu22_cis : Build and Test AIDE Database - Fix DB Out Path in Config File if Necessary] ***
skipping: [localhost]

TASK [/stigforge/roles/ubuntu22_cis : Build and Test AIDE Database - Ensure the Default DB Path is Added] ***
skipping: [localhost]

TASK [/stigforge/roles/ubuntu22_cis : Build and Test AIDE Database - Ensure the Default Out Path is Added] ***
skipping: [localhost]

TASK [/stigforge/roles/ubuntu22_cis : Build and Test AIDE Database - Build and Test AIDE Database] ***
skipping: [localhost]

TASK [/stigforge/roles/ubuntu22_cis : Set audit_tools fact] ********************
skipping: [localhost]

TASK [/stigforge/roles/ubuntu22_cis : Ensure existing AIDE configuration for audit tools are correct] ***
skipping: [localhost]

TASK [/stigforge/roles/ubuntu22_cis : Configure AIDE to properly protect audit tools] ***
skipping: [localhost]

TASK [/stigforge/roles/ubuntu22_cis : Configure Periodic Execution of AIDE] ****
skipping: [localhost]

TASK [/stigforge/roles/ubuntu22_cis : Ensure use_pty is enabled in /etc/sudoers] ***
skipping: [localhost]

TASK [/stigforge/roles/ubuntu22_cis : Ensure logfile is enabled with the appropriate value in /etc/sudoers] ***
skipping: [localhost]

TASK [/stigforge/roles/ubuntu22_cis : Enable logfile option with appropriate value in /etc/sudoers] ***
skipping: [localhost]

TASK [/stigforge/roles/ubuntu22_cis : Find /etc/sudoers.d/ files] **************
skipping: [localhost]

TASK [/stigforge/roles/ubuntu22_cis : Remove lines containing !authenticate from sudoers files] ***
skipping: [localhost]

TASK [/stigforge/roles/ubuntu22_cis : Modify the System Login Banner for Remote Connections - ensure correct banner] ***
skipping: [localhost]

TASK [/stigforge/roles/ubuntu22_cis : Set the file_groupowner_etc_issue_newgroup variable if represented by gid] ***
ok: [localhost]

TASK [/stigforge/roles/ubuntu22_cis : Test for existence /etc/issue] ***********
ok: [localhost]

TASK [/stigforge/roles/ubuntu22_cis : Ensure group owner on /etc/issue] ********
ok: [localhost]

TASK [/stigforge/roles/ubuntu22_cis : Set the file_groupowner_etc_issue_net_newgroup variable if represented by gid] ***
ok: [localhost]

TASK [/stigforge/roles/ubuntu22_cis : Test for existence /etc/issue.net] *******
ok: [localhost]

TASK [/stigforge/roles/ubuntu22_cis : Ensure group owner on /etc/issue.net] ****
ok: [localhost]

TASK [/stigforge/roles/ubuntu22_cis : Set the file_groupowner_etc_motd_newgroup variable if represented by gid] ***
ok: [localhost]

TASK [/stigforge/roles/ubuntu22_cis : Test for existence /etc/motd] ************
ok: [localhost]

TASK [/stigforge/roles/ubuntu22_cis : Ensure group owner on /etc/motd] *********
skipping: [localhost]

TASK [/stigforge/roles/ubuntu22_cis : Set the file_owner_etc_issue_newown variable if represented by uid] ***
ok: [localhost]

TASK [/stigforge/roles/ubuntu22_cis : Test for existence /etc/issue] ***********
ok: [localhost]

TASK [/stigforge/roles/ubuntu22_cis : Ensure owner on /etc/issue] **************
ok: [localhost]

TASK [/stigforge/roles/ubuntu22_cis : Set the file_owner_etc_issue_net_newown variable if represented by uid] ***
ok: [localhost]

TASK [/stigforge/roles/ubuntu22_cis : Test for existence /etc/issue.net] *******
ok: [localhost]

TASK [/stigforge/roles/ubuntu22_cis : Ensure owner on /etc/issue.net] **********
ok: [localhost]

TASK [/stigforge/roles/ubuntu22_cis : Set the file_owner_etc_motd_newown variable if represented by uid] ***
ok: [localhost]

TASK [/stigforge/roles/ubuntu22_cis : Test for existence /etc/motd] ************
ok: [localhost]

TASK [/stigforge/roles/ubuntu22_cis : Ensure owner on /etc/motd] ***************
skipping: [localhost]

TASK [/stigforge/roles/ubuntu22_cis : Test for existence /etc/issue] ***********
ok: [localhost]

TASK [/stigforge/roles/ubuntu22_cis : Ensure permission u-xs,g-xws,o-xwt on /etc/issue] ***
ok: [localhost]

TASK [/stigforge/roles/ubuntu22_cis : Test for existence /etc/issue.net] *******
ok: [localhost]

TASK [/stigforge/roles/ubuntu22_cis : Ensure permission u-xs,g-xws,o-xwt on /etc/issue.net] ***
ok: [localhost]

TASK [/stigforge/roles/ubuntu22_cis : Test for existence /etc/motd] ************
ok: [localhost]

TASK [/stigforge/roles/ubuntu22_cis : Ensure permission u-xs,g-xws,o-xwt on /etc/motd] ***
skipping: [localhost]

TASK [/stigforge/roles/ubuntu22_cis : Limit Password Reuse - Check if the required PAM module option is present in /etc/pam.d/common-password] ***
ok: [localhost]

TASK [/stigforge/roles/ubuntu22_cis : Limit Password Reuse - Ensure the "remember" PAM option for "pam_unix.so" is included in /etc/pam.d/common-password] ***
changed: [localhost]

TASK [/stigforge/roles/ubuntu22_cis : Limit Password Reuse - Ensure the required value for "remember" PAM option from "pam_unix.so" in /etc/pam.d/common-password] ***
skipping: [localhost]

TASK [/stigforge/roles/ubuntu22_cis : Ensure PAM Enforces Password Requirements - Minimum Digit Characters - Check if system relies on pam-auth-update tool] ***
ok: [localhost]

TASK [/stigforge/roles/ubuntu22_cis : Check if /usr/share/pam-configs/cac_pwquality exists] ***
ok: [localhost]

TASK [/stigforge/roles/ubuntu22_cis : Put the content into /usr/share/pam-configs/cac_pwquality if it does not exist] ***
changed: [localhost]

TASK [/stigforge/roles/ubuntu22_cis : Ensure PAM Enforces Password Requirements - Minimum Digit Characters - Ensure pam-auth-update profile changes are applied] ***
changed: [localhost]

TASK [/stigforge/roles/ubuntu22_cis : Ensure PAM Enforces Password Requirements - Minimum Digit Characters - Ensure PAM variable dcredit is set accordingly] ***
changed: [localhost]

TASK [/stigforge/roles/ubuntu22_cis : Ensure PAM Enforces Password Requirements - Minimum Lowercase Characters - Check if system relies on pam-auth-update tool] ***
ok: [localhost]

TASK [/stigforge/roles/ubuntu22_cis : Check if /usr/share/pam-configs/cac_pwquality exists] ***
ok: [localhost]

TASK [/stigforge/roles/ubuntu22_cis : Put the content into /usr/share/pam-configs/cac_pwquality if it does not exist] ***
skipping: [localhost]

TASK [/stigforge/roles/ubuntu22_cis : Ensure PAM Enforces Password Requirements - Minimum Lowercase Characters - Ensure pam-auth-update profile changes are applied] ***
changed: [localhost]

TASK [/stigforge/roles/ubuntu22_cis : Ensure PAM Enforces Password Requirements - Minimum Lowercase Characters - Ensure PAM variable lcredit is set accordingly] ***
changed: [localhost]

TASK [/stigforge/roles/ubuntu22_cis : Ensure PAM Enforces Password Requirements - Minimum Different Categories - Check if system relies on pam-auth-update tool] ***
ok: [localhost]

TASK [/stigforge/roles/ubuntu22_cis : Check if /usr/share/pam-configs/cac_pwquality exists] ***
ok: [localhost]

TASK [/stigforge/roles/ubuntu22_cis : Put the content into /usr/share/pam-configs/cac_pwquality if it does not exist] ***
skipping: [localhost]

TASK [/stigforge/roles/ubuntu22_cis : Ensure PAM Enforces Password Requirements - Minimum Different Categories - Ensure pam-auth-update profile changes are applied] ***
changed: [localhost]

TASK [/stigforge/roles/ubuntu22_cis : Ensure PAM Enforces Password Requirements - Minimum Different Categories - Ensure PAM variable minclass is set accordingly] ***
changed: [localhost]

TASK [/stigforge/roles/ubuntu22_cis : Ensure PAM Enforces Password Requirements - Minimum Length - Check if system relies on pam-auth-update tool] ***
ok: [localhost]

TASK [/stigforge/roles/ubuntu22_cis : Check if /usr/share/pam-configs/cac_pwquality exists] ***
ok: [localhost]

TASK [/stigforge/roles/ubuntu22_cis : Put the content into /usr/share/pam-configs/cac_pwquality if it does not exist] ***
skipping: [localhost]

TASK [/stigforge/roles/ubuntu22_cis : Ensure PAM Enforces Password Requirements - Minimum Length - Ensure pam-auth-update profile changes are applied] ***
changed: [localhost]

TASK [/stigforge/roles/ubuntu22_cis : Ensure PAM Enforces Password Requirements - Minimum Length - Ensure PAM variable minlen is set accordingly] ***
changed: [localhost]

TASK [/stigforge/roles/ubuntu22_cis : Ensure PAM Enforces Password Requirements - Minimum Special Characters - Check if system relies on pam-auth-update tool] ***
ok: [localhost]

TASK [/stigforge/roles/ubuntu22_cis : Check if /usr/share/pam-configs/cac_pwquality exists] ***
ok: [localhost]

TASK [/stigforge/roles/ubuntu22_cis : Put the content into /usr/share/pam-configs/cac_pwquality if it does not exist] ***
skipping: [localhost]

TASK [/stigforge/roles/ubuntu22_cis : Ensure PAM Enforces Password Requirements - Minimum Special Characters - Ensure pam-auth-update profile changes are applied] ***
changed: [localhost]

TASK [/stigforge/roles/ubuntu22_cis : Ensure PAM Enforces Password Requirements - Minimum Special Characters - Ensure PAM variable ocredit is set accordingly] ***
changed: [localhost]

TASK [/stigforge/roles/ubuntu22_cis : Ensure PAM Enforces Password Requirements - Minimum Uppercase Characters - Check if system relies on pam-auth-update tool] ***
ok: [localhost]

TASK [/stigforge/roles/ubuntu22_cis : Check if /usr/share/pam-configs/cac_pwquality exists] ***
ok: [localhost]

TASK [/stigforge/roles/ubuntu22_cis : Put the content into /usr/share/pam-configs/cac_pwquality if it does not exist] ***
skipping: [localhost]

TASK [/stigforge/roles/ubuntu22_cis : Ensure PAM Enforces Password Requirements - Minimum Uppercase Characters - Ensure pam-auth-update profile changes are applied] ***
changed: [localhost]

TASK [/stigforge/roles/ubuntu22_cis : Ensure PAM Enforces Password Requirements - Minimum Uppercase Characters - Ensure PAM variable ucredit is set accordingly] ***
changed: [localhost]

TASK [/stigforge/roles/ubuntu22_cis : Ensure interactive local users are the owners of their respective initialization files] ***
ok: [localhost]

TASK [/stigforge/roles/ubuntu22_cis : Collect users with not correct minimum time period between password changes] ***
changed: [localhost]

TASK [/stigforge/roles/ubuntu22_cis : Change the minimum time period between password changes] ***
skipping: [localhost]

TASK [/stigforge/roles/ubuntu22_cis : Collect users with no password] **********
skipping: [localhost]

TASK [/stigforge/roles/ubuntu22_cis : Lock users with no password] *************
skipping: [localhost]

TASK [/stigforge/roles/ubuntu22_cis : Get all /etc/passwd file entries] ********
ok: [localhost]

TASK [/stigforge/roles/ubuntu22_cis : Lock the password of the user accounts other than root with uid 0] ***
skipping: [localhost] => (item={'key': 'daemon', 'value': ['x', '1', '1', 'daemon', '/usr/sbin', '/usr/sbin/nologin']}) 
skipping: [localhost] => (item={'key': 'bin', 'value': ['x', '2', '2', 'bin', '/bin', '/usr/sbin/nologin']}) 
skipping: [localhost] => (item={'key': 'sys', 'value': ['x', '3', '3', 'sys', '/dev', '/usr/sbin/nologin']}) 
skipping: [localhost] => (item={'key': 'sync', 'value': ['x', '4', '65534', 'sync', '/bin', '/bin/sync']}) 
skipping: [localhost] => (item={'key': 'games', 'value': ['x', '5', '60', 'games', '/usr/games', '/usr/sbin/nologin']}) 
skipping: [localhost] => (item={'key': 'man', 'value': ['x', '6', '12', 'man', '/var/cache/man', '/usr/sbin/nologin']}) 
skipping: [localhost] => (item={'key': 'lp', 'value': ['x', '7', '7', 'lp', '/var/spool/lpd', '/usr/sbin/nologin']}) 
skipping: [localhost] => (item={'key': 'mail', 'value': ['x', '8', '8', 'mail', '/var/mail', '/usr/sbin/nologin']}) 
skipping: [localhost] => (item={'key': 'news', 'value': ['x', '9', '9', 'news', '/var/spool/news', '/usr/sbin/nologin']}) 
skipping: [localhost] => (item={'key': 'uucp', 'value': ['x', '10', '10', 'uucp', '/var/spool/uucp', '/usr/sbin/nologin']}) 
skipping: [localhost] => (item={'key': 'proxy', 'value': ['x', '13', '13', 'proxy', '/bin', '/usr/sbin/nologin']}) 
skipping: [localhost] => (item={'key': 'www-data', 'value': ['x', '33', '33', 'www-data', '/var/www', '/usr/sbin/nologin']}) 
skipping: [localhost] => (item={'key': 'backup', 'value': ['x', '34', '34', 'backup', '/var/backups', '/usr/sbin/nologin']}) 
skipping: [localhost] => (item={'key': 'list', 'value': ['x', '38', '38', 'Mailing List Manager', '/var/list', '/usr/sbin/nologin']}) 
skipping: [localhost] => (item={'key': 'irc', 'value': ['x', '39', '39', 'ircd', '/run/ircd', '/usr/sbin/nologin']}) 
skipping: [localhost] => (item={'key': 'gnats', 'value': ['x', '41', '41', 'Gnats Bug-Reporting System (admin)', '/var/lib/gnats', '/usr/sbin/nologin']}) 
skipping: [localhost] => (item={'key': 'nobody', 'value': ['x', '65534', '65534', 'nobody', '/nonexistent', '/usr/sbin/nologin']}) 
skipping: [localhost] => (item={'key': '_apt', 'value': ['x', '100', '65534', '', '/nonexistent', '/usr/sbin/nologin']}) 
skipping: [localhost]

TASK [/stigforge/roles/ubuntu22_cis : Ensure the Group Used by pam_wheel.so Module Exists on System and is Empty - Ensure sugroup Group Exists] ***
changed: [localhost]

TASK [/stigforge/roles/ubuntu22_cis : Ensure the Group Used by pam_wheel.so Module Exists on System and is Empty - Ensure sugroup Group is Empty] ***
ok: [localhost]

TASK [/stigforge/roles/ubuntu22_cis : Ensure that System Accounts Do Not Run a Shell Upon Login - Get All Local Users From /etc/passwd] ***
ok: [localhost]

TASK [/stigforge/roles/ubuntu22_cis : Ensure that System Accounts Do Not Run a Shell Upon Login - Create local_users Variable From getent_passwd Facts] ***
ok: [localhost]

TASK [/stigforge/roles/ubuntu22_cis : Ensure that System Accounts Do Not Run a Shell Upon Login -  Disable Login Shell for System Accounts] ***
skipping: [localhost] => (item={'key': 'root', 'value': ['x', '0', '0', 'root', '/root', '/bin/bash']}) 
changed: [localhost] => (item={'key': 'daemon', 'value': ['x', '1', '1', 'daemon', '/usr/sbin', '/usr/sbin/nologin']})
changed: [localhost] => (item={'key': 'bin', 'value': ['x', '2', '2', 'bin', '/bin', '/usr/sbin/nologin']})
changed: [localhost] => (item={'key': 'sys', 'value': ['x', '3', '3', 'sys', '/dev', '/usr/sbin/nologin']})
skipping: [localhost] => (item={'key': 'sync', 'value': ['x', '4', '65534', 'sync', '/bin', '/bin/sync']}) 
changed: [localhost] => (item={'key': 'games', 'value': ['x', '5', '60', 'games', '/usr/games', '/usr/sbin/nologin']})
changed: [localhost] => (item={'key': 'man', 'value': ['x', '6', '12', 'man', '/var/cache/man', '/usr/sbin/nologin']})
changed: [localhost] => (item={'key': 'lp', 'value': ['x', '7', '7', 'lp', '/var/spool/lpd', '/usr/sbin/nologin']})
changed: [localhost] => (item={'key': 'mail', 'value': ['x', '8', '8', 'mail', '/var/mail', '/usr/sbin/nologin']})
changed: [localhost] => (item={'key': 'news', 'value': ['x', '9', '9', 'news', '/var/spool/news', '/usr/sbin/nologin']})
changed: [localhost] => (item={'key': 'uucp', 'value': ['x', '10', '10', 'uucp', '/var/spool/uucp', '/usr/sbin/nologin']})
changed: [localhost] => (item={'key': 'proxy', 'value': ['x', '13', '13', 'proxy', '/bin', '/usr/sbin/nologin']})
changed: [localhost] => (item={'key': 'www-data', 'value': ['x', '33', '33', 'www-data', '/var/www', '/usr/sbin/nologin']})
changed: [localhost] => (item={'key': 'backup', 'value': ['x', '34', '34', 'backup', '/var/backups', '/usr/sbin/nologin']})
changed: [localhost] => (item={'key': 'list', 'value': ['x', '38', '38', 'Mailing List Manager', '/var/list', '/usr/sbin/nologin']})
changed: [localhost] => (item={'key': 'irc', 'value': ['x', '39', '39', 'ircd', '/run/ircd', '/usr/sbin/nologin']})
changed: [localhost] => (item={'key': 'gnats', 'value': ['x', '41', '41', 'Gnats Bug-Reporting System (admin)', '/var/lib/gnats', '/usr/sbin/nologin']})
skipping: [localhost] => (item={'key': 'nobody', 'value': ['x', '65534', '65534', 'nobody', '/nonexistent', '/usr/sbin/nologin']}) 
changed: [localhost] => (item={'key': '_apt', 'value': ['x', '100', '65534', '', '/nonexistent', '/usr/sbin/nologin']})

TASK [/stigforge/roles/ubuntu22_cis : Enforce Usage of pam_wheel with Group Parameter for su Authentication - Add the group to the /etc/pam.d/su file] ***
changed: [localhost]

TASK [/stigforge/roles/ubuntu22_cis : Correct any occurrence of TMOUT in /etc/profile] ***
skipping: [localhost]

TASK [/stigforge/roles/ubuntu22_cis : Set Interactive Session Timeout] *********
skipping: [localhost]

TASK [/stigforge/roles/ubuntu22_cis : Ensure interactive local users are the group-owners of their respective initialization files] ***
changed: [localhost]

TASK [/stigforge/roles/ubuntu22_cis : User Initialization Files Must Not Run World-Writable Programs - Initialize variables] ***
ok: [localhost]

TASK [/stigforge/roles/ubuntu22_cis : User Initialization Files Must Not Run World-Writable Programs - Get user's home dir list] ***
ok: [localhost]

TASK [/stigforge/roles/ubuntu22_cis : User Initialization Files Must Not Run World-Writable Programs - Fill home_user_dirs] ***
skipping: [localhost] => (item={'user': 'root', 'data': ['x', '0', '0', 'root', '/root', '/bin/bash']}) 
skipping: [localhost] => (item={'user': 'daemon', 'data': ['x', '1', '1', 'daemon', '/usr/sbin', '/sbin/nologin']}) 
skipping: [localhost] => (item={'user': 'bin', 'data': ['x', '2', '2', 'bin', '/bin', '/sbin/nologin']}) 
skipping: [localhost] => (item={'user': 'sys', 'data': ['x', '3', '3', 'sys', '/dev', '/sbin/nologin']}) 
skipping: [localhost] => (item={'user': 'sync', 'data': ['x', '4', '65534', 'sync', '/bin', '/bin/sync']}) 
skipping: [localhost] => (item={'user': 'games', 'data': ['x', '5', '60', 'games', '/usr/games', '/sbin/nologin']}) 
skipping: [localhost] => (item={'user': 'man', 'data': ['x', '6', '12', 'man', '/var/cache/man', '/sbin/nologin']}) 
skipping: [localhost] => (item={'user': 'lp', 'data': ['x', '7', '7', 'lp', '/var/spool/lpd', '/sbin/nologin']}) 
skipping: [localhost] => (item={'user': 'mail', 'data': ['x', '8', '8', 'mail', '/var/mail', '/sbin/nologin']}) 
skipping: [localhost] => (item={'user': 'news', 'data': ['x', '9', '9', 'news', '/var/spool/news', '/sbin/nologin']}) 
skipping: [localhost] => (item={'user': 'uucp', 'data': ['x', '10', '10', 'uucp', '/var/spool/uucp', '/sbin/nologin']}) 
skipping: [localhost] => (item={'user': 'proxy', 'data': ['x', '13', '13', 'proxy', '/bin', '/sbin/nologin']}) 
skipping: [localhost] => (item={'user': 'www-data', 'data': ['x', '33', '33', 'www-data', '/var/www', '/sbin/nologin']}) 
skipping: [localhost] => (item={'user': 'backup', 'data': ['x', '34', '34', 'backup', '/var/backups', '/sbin/nologin']}) 
skipping: [localhost] => (item={'user': 'list', 'data': ['x', '38', '38', 'Mailing List Manager', '/var/list', '/sbin/nologin']}) 
skipping: [localhost] => (item={'user': 'irc', 'data': ['x', '39', '39', 'ircd', '/run/ircd', '/sbin/nologin']}) 
skipping: [localhost] => (item={'user': 'gnats', 'data': ['x', '41', '41', 'Gnats Bug-Reporting System (admin)', '/var/lib/gnats', '/sbin/nologin']}) 
skipping: [localhost] => (item={'user': 'nobody', 'data': ['x', '65534', '65534', 'nobody', '/nonexistent', '/usr/sbin/nologin']}) 
skipping: [localhost] => (item={'user': '_apt', 'data': ['x', '100', '65534', '', '/nonexistent', '/sbin/nologin']}) 
skipping: [localhost]

TASK [/stigforge/roles/ubuntu22_cis : User Initialization Files Must Not Run World-Writable Programs - Get world writable files] ***
changed: [localhost]

TASK [/stigforge/roles/ubuntu22_cis : User Initialization Files Must Not Run World-Writable Programs - Find referenced_files in init files] ***
skipping: [localhost]

TASK [/stigforge/roles/ubuntu22_cis : User Initialization Files Must Not Run World-Writable Programs - Remove world writable permissions] ***
skipping: [localhost]

TASK [/stigforge/roles/ubuntu22_cis : Ensure interactive local users are the owners of their respective initialization files] ***
changed: [localhost]

TASK [/stigforge/roles/ubuntu22_cis : Get all local users from /etc/passwd] ****
ok: [localhost]

TASK [/stigforge/roles/ubuntu22_cis : Create local_users variable from the getent output] ***
ok: [localhost]

TASK [/stigforge/roles/ubuntu22_cis : Ensure interactive users have a home directory exists] ***
skipping: [localhost] => (item={'key': 'root', 'value': ['x', '0', '0', 'root', '/root', '/bin/bash']}) 
skipping: [localhost] => (item={'key': 'daemon', 'value': ['x', '1', '1', 'daemon', '/usr/sbin', '/sbin/nologin']}) 
skipping: [localhost] => (item={'key': 'bin', 'value': ['x', '2', '2', 'bin', '/bin', '/sbin/nologin']}) 
skipping: [localhost] => (item={'key': 'sys', 'value': ['x', '3', '3', 'sys', '/dev', '/sbin/nologin']}) 
skipping: [localhost] => (item={'key': 'sync', 'value': ['x', '4', '65534', 'sync', '/bin', '/bin/sync']}) 
skipping: [localhost] => (item={'key': 'games', 'value': ['x', '5', '60', 'games', '/usr/games', '/sbin/nologin']}) 
skipping: [localhost] => (item={'key': 'man', 'value': ['x', '6', '12', 'man', '/var/cache/man', '/sbin/nologin']}) 
skipping: [localhost] => (item={'key': 'lp', 'value': ['x', '7', '7', 'lp', '/var/spool/lpd', '/sbin/nologin']}) 
skipping: [localhost] => (item={'key': 'mail', 'value': ['x', '8', '8', 'mail', '/var/mail', '/sbin/nologin']}) 
skipping: [localhost] => (item={'key': 'news', 'value': ['x', '9', '9', 'news', '/var/spool/news', '/sbin/nologin']}) 
skipping: [localhost] => (item={'key': 'uucp', 'value': ['x', '10', '10', 'uucp', '/var/spool/uucp', '/sbin/nologin']}) 
skipping: [localhost] => (item={'key': 'proxy', 'value': ['x', '13', '13', 'proxy', '/bin', '/sbin/nologin']}) 
skipping: [localhost] => (item={'key': 'www-data', 'value': ['x', '33', '33', 'www-data', '/var/www', '/sbin/nologin']}) 
skipping: [localhost] => (item={'key': 'backup', 'value': ['x', '34', '34', 'backup', '/var/backups', '/sbin/nologin']}) 
skipping: [localhost] => (item={'key': 'list', 'value': ['x', '38', '38', 'Mailing List Manager', '/var/list', '/sbin/nologin']}) 
skipping: [localhost] => (item={'key': 'irc', 'value': ['x', '39', '39', 'ircd', '/run/ircd', '/sbin/nologin']}) 
skipping: [localhost] => (item={'key': 'gnats', 'value': ['x', '41', '41', 'Gnats Bug-Reporting System (admin)', '/var/lib/gnats', '/sbin/nologin']}) 
skipping: [localhost] => (item={'key': 'nobody', 'value': ['x', '65534', '65534', 'nobody', '/nonexistent', '/usr/sbin/nologin']}) 
skipping: [localhost] => (item={'key': '_apt', 'value': ['x', '100', '65534', '', '/nonexistent', '/sbin/nologin']}) 
skipping: [localhost]

TASK [/stigforge/roles/ubuntu22_cis : Get all local users from /etc/passwd] ****
ok: [localhost]

TASK [/stigforge/roles/ubuntu22_cis : Create local_users variable from the getent output] ***
ok: [localhost]

TASK [/stigforge/roles/ubuntu22_cis : Test for existence of home directories to avoid creating them, but only fixing group ownership] ***
skipping: [localhost] => (item={'key': 'root', 'value': ['x', '0', '0', 'root', '/root', '/bin/bash']}) 
skipping: [localhost] => (item={'key': 'daemon', 'value': ['x', '1', '1', 'daemon', '/usr/sbin', '/sbin/nologin']}) 
skipping: [localhost] => (item={'key': 'bin', 'value': ['x', '2', '2', 'bin', '/bin', '/sbin/nologin']}) 
skipping: [localhost] => (item={'key': 'sys', 'value': ['x', '3', '3', 'sys', '/dev', '/sbin/nologin']}) 
skipping: [localhost] => (item={'key': 'sync', 'value': ['x', '4', '65534', 'sync', '/bin', '/bin/sync']}) 
skipping: [localhost] => (item={'key': 'games', 'value': ['x', '5', '60', 'games', '/usr/games', '/sbin/nologin']}) 
skipping: [localhost] => (item={'key': 'man', 'value': ['x', '6', '12', 'man', '/var/cache/man', '/sbin/nologin']}) 
skipping: [localhost] => (item={'key': 'lp', 'value': ['x', '7', '7', 'lp', '/var/spool/lpd', '/sbin/nologin']}) 
skipping: [localhost] => (item={'key': 'mail', 'value': ['x', '8', '8', 'mail', '/var/mail', '/sbin/nologin']}) 
skipping: [localhost] => (item={'key': 'news', 'value': ['x', '9', '9', 'news', '/var/spool/news', '/sbin/nologin']}) 
skipping: [localhost] => (item={'key': 'uucp', 'value': ['x', '10', '10', 'uucp', '/var/spool/uucp', '/sbin/nologin']}) 
skipping: [localhost] => (item={'key': 'proxy', 'value': ['x', '13', '13', 'proxy', '/bin', '/sbin/nologin']}) 
skipping: [localhost] => (item={'key': 'www-data', 'value': ['x', '33', '33', 'www-data', '/var/www', '/sbin/nologin']}) 
skipping: [localhost] => (item={'key': 'backup', 'value': ['x', '34', '34', 'backup', '/var/backups', '/sbin/nologin']}) 
skipping: [localhost] => (item={'key': 'list', 'value': ['x', '38', '38', 'Mailing List Manager', '/var/list', '/sbin/nologin']}) 
skipping: [localhost] => (item={'key': 'irc', 'value': ['x', '39', '39', 'ircd', '/run/ircd', '/sbin/nologin']}) 
skipping: [localhost] => (item={'key': 'gnats', 'value': ['x', '41', '41', 'Gnats Bug-Reporting System (admin)', '/var/lib/gnats', '/sbin/nologin']}) 
skipping: [localhost] => (item={'key': 'nobody', 'value': ['x', '65534', '65534', 'nobody', '/nonexistent', '/usr/sbin/nologin']}) 
skipping: [localhost] => (item={'key': '_apt', 'value': ['x', '100', '65534', '', '/nonexistent', '/sbin/nologin']}) 
skipping: [localhost]

TASK [/stigforge/roles/ubuntu22_cis : Ensure interactive local users are the group-owners of their respective home directories] ***
skipping: [localhost] => (item=[{'key': 'root', 'value': ['x', '0', '0', 'root', '/root', '/bin/bash']}, {'changed': False, 'skipped': True, 'skip_reason': 'Conditional result was False', 'false_condition': 'item.value[1]|int >= 1000', 'item': {'key': 'root', 'value': ['x', '0', '0', 'root', '/root', '/bin/bash']}, 'ansible_loop_var': 'item'}]) 
skipping: [localhost] => (item=[{'key': 'daemon', 'value': ['x', '1', '1', 'daemon', '/usr/sbin', '/sbin/nologin']}, {'changed': False, 'skipped': True, 'skip_reason': 'Conditional result was False', 'false_condition': 'item.value[1]|int >= 1000', 'item': {'key': 'daemon', 'value': ['x', '1', '1', 'daemon', '/usr/sbin', '/sbin/nologin']}, 'ansible_loop_var': 'item'}]) 
skipping: [localhost] => (item=[{'key': 'bin', 'value': ['x', '2', '2', 'bin', '/bin', '/sbin/nologin']}, {'changed': False, 'skipped': True, 'skip_reason': 'Conditional result was False', 'false_condition': 'item.value[1]|int >= 1000', 'item': {'key': 'bin', 'value': ['x', '2', '2', 'bin', '/bin', '/sbin/nologin']}, 'ansible_loop_var': 'item'}]) 
skipping: [localhost] => (item=[{'key': 'sys', 'value': ['x', '3', '3', 'sys', '/dev', '/sbin/nologin']}, {'changed': False, 'skipped': True, 'skip_reason': 'Conditional result was False', 'false_condition': 'item.value[1]|int >= 1000', 'item': {'key': 'sys', 'value': ['x', '3', '3', 'sys', '/dev', '/sbin/nologin']}, 'ansible_loop_var': 'item'}]) 
skipping: [localhost] => (item=[{'key': 'sync', 'value': ['x', '4', '65534', 'sync', '/bin', '/bin/sync']}, {'changed': False, 'skipped': True, 'skip_reason': 'Conditional result was False', 'false_condition': 'item.value[1]|int >= 1000', 'item': {'key': 'sync', 'value': ['x', '4', '65534', 'sync', '/bin', '/bin/sync']}, 'ansible_loop_var': 'item'}]) 
skipping: [localhost] => (item=[{'key': 'games', 'value': ['x', '5', '60', 'games', '/usr/games', '/sbin/nologin']}, {'changed': False, 'skipped': True, 'skip_reason': 'Conditional result was False', 'false_condition': 'item.value[1]|int >= 1000', 'item': {'key': 'games', 'value': ['x', '5', '60', 'games', '/usr/games', '/sbin/nologin']}, 'ansible_loop_var': 'item'}]) 
skipping: [localhost] => (item=[{'key': 'man', 'value': ['x', '6', '12', 'man', '/var/cache/man', '/sbin/nologin']}, {'changed': False, 'skipped': True, 'skip_reason': 'Conditional result was False', 'false_condition': 'item.value[1]|int >= 1000', 'item': {'key': 'man', 'value': ['x', '6', '12', 'man', '/var/cache/man', '/sbin/nologin']}, 'ansible_loop_var': 'item'}]) 
skipping: [localhost] => (item=[{'key': 'lp', 'value': ['x', '7', '7', 'lp', '/var/spool/lpd', '/sbin/nologin']}, {'changed': False, 'skipped': True, 'skip_reason': 'Conditional result was False', 'false_condition': 'item.value[1]|int >= 1000', 'item': {'key': 'lp', 'value': ['x', '7', '7', 'lp', '/var/spool/lpd', '/sbin/nologin']}, 'ansible_loop_var': 'item'}]) 
skipping: [localhost] => (item=[{'key': 'mail', 'value': ['x', '8', '8', 'mail', '/var/mail', '/sbin/nologin']}, {'changed': False, 'skipped': True, 'skip_reason': 'Conditional result was False', 'false_condition': 'item.value[1]|int >= 1000', 'item': {'key': 'mail', 'value': ['x', '8', '8', 'mail', '/var/mail', '/sbin/nologin']}, 'ansible_loop_var': 'item'}]) 
skipping: [localhost] => (item=[{'key': 'news', 'value': ['x', '9', '9', 'news', '/var/spool/news', '/sbin/nologin']}, {'changed': False, 'skipped': True, 'skip_reason': 'Conditional result was False', 'false_condition': 'item.value[1]|int >= 1000', 'item': {'key': 'news', 'value': ['x', '9', '9', 'news', '/var/spool/news', '/sbin/nologin']}, 'ansible_loop_var': 'item'}]) 
skipping: [localhost] => (item=[{'key': 'uucp', 'value': ['x', '10', '10', 'uucp', '/var/spool/uucp', '/sbin/nologin']}, {'changed': False, 'skipped': True, 'skip_reason': 'Conditional result was False', 'false_condition': 'item.value[1]|int >= 1000', 'item': {'key': 'uucp', 'value': ['x', '10', '10', 'uucp', '/var/spool/uucp', '/sbin/nologin']}, 'ansible_loop_var': 'item'}]) 
skipping: [localhost] => (item=[{'key': 'proxy', 'value': ['x', '13', '13', 'proxy', '/bin', '/sbin/nologin']}, {'changed': False, 'skipped': True, 'skip_reason': 'Conditional result was False', 'false_condition': 'item.value[1]|int >= 1000', 'item': {'key': 'proxy', 'value': ['x', '13', '13', 'proxy', '/bin', '/sbin/nologin']}, 'ansible_loop_var': 'item'}]) 
skipping: [localhost] => (item=[{'key': 'www-data', 'value': ['x', '33', '33', 'www-data', '/var/www', '/sbin/nologin']}, {'changed': False, 'skipped': True, 'skip_reason': 'Conditional result was False', 'false_condition': 'item.value[1]|int >= 1000', 'item': {'key': 'www-data', 'value': ['x', '33', '33', 'www-data', '/var/www', '/sbin/nologin']}, 'ansible_loop_var': 'item'}]) 
skipping: [localhost] => (item=[{'key': 'backup', 'value': ['x', '34', '34', 'backup', '/var/backups', '/sbin/nologin']}, {'changed': False, 'skipped': True, 'skip_reason': 'Conditional result was False', 'false_condition': 'item.value[1]|int >= 1000', 'item': {'key': 'backup', 'value': ['x', '34', '34', 'backup', '/var/backups', '/sbin/nologin']}, 'ansible_loop_var': 'item'}]) 
skipping: [localhost] => (item=[{'key': 'list', 'value': ['x', '38', '38', 'Mailing List Manager', '/var/list', '/sbin/nologin']}, {'changed': False, 'skipped': True, 'skip_reason': 'Conditional result was False', 'false_condition': 'item.value[1]|int >= 1000', 'item': {'key': 'list', 'value': ['x', '38', '38', 'Mailing List Manager', '/var/list', '/sbin/nologin']}, 'ansible_loop_var': 'item'}]) 
skipping: [localhost] => (item=[{'key': 'irc', 'value': ['x', '39', '39', 'ircd', '/run/ircd', '/sbin/nologin']}, {'changed': False, 'skipped': True, 'skip_reason': 'Conditional result was False', 'false_condition': 'item.value[1]|int >= 1000', 'item': {'key': 'irc', 'value': ['x', '39', '39', 'ircd', '/run/ircd', '/sbin/nologin']}, 'ansible_loop_var': 'item'}]) 
skipping: [localhost] => (item=[{'key': 'gnats', 'value': ['x', '41', '41', 'Gnats Bug-Reporting System (admin)', '/var/lib/gnats', '/sbin/nologin']}, {'changed': False, 'skipped': True, 'skip_reason': 'Conditional result was False', 'false_condition': 'item.value[1]|int >= 1000', 'item': {'key': 'gnats', 'value': ['x', '41', '41', 'Gnats Bug-Reporting System (admin)', '/var/lib/gnats', '/sbin/nologin']}, 'ansible_loop_var': 'item'}]) 
skipping: [localhost] => (item=[{'key': 'nobody', 'value': ['x', '65534', '65534', 'nobody', '/nonexistent', '/usr/sbin/nologin']}, {'changed': False, 'skipped': True, 'skip_reason': 'Conditional result was False', 'false_condition': 'item.value[1]|int != 65534', 'item': {'key': 'nobody', 'value': ['x', '65534', '65534', 'nobody', '/nonexistent', '/usr/sbin/nologin']}, 'ansible_loop_var': 'item'}]) 
skipping: [localhost] => (item=[{'key': '_apt', 'value': ['x', '100', '65534', '', '/nonexistent', '/sbin/nologin']}, {'changed': False, 'skipped': True, 'skip_reason': 'Conditional result was False', 'false_condition': 'item.value[1]|int >= 1000', 'item': {'key': '_apt', 'value': ['x', '100', '65534', '', '/nonexistent', '/sbin/nologin']}, 'ansible_loop_var': 'item'}]) 
skipping: [localhost]

TASK [/stigforge/roles/ubuntu22_cis : Get all local users from /etc/passwd] ****
ok: [localhost]

TASK [/stigforge/roles/ubuntu22_cis : Create local_users variable from the getent output] ***
ok: [localhost]

TASK [/stigforge/roles/ubuntu22_cis : Test for existence of home directories to avoid creating them, but only fixing ownership] ***
skipping: [localhost] => (item={'key': 'root', 'value': ['x', '0', '0', 'root', '/root', '/bin/bash']}) 
skipping: [localhost] => (item={'key': 'daemon', 'value': ['x', '1', '1', 'daemon', '/usr/sbin', '/sbin/nologin']}) 
skipping: [localhost] => (item={'key': 'bin', 'value': ['x', '2', '2', 'bin', '/bin', '/sbin/nologin']}) 
skipping: [localhost] => (item={'key': 'sys', 'value': ['x', '3', '3', 'sys', '/dev', '/sbin/nologin']}) 
skipping: [localhost] => (item={'key': 'sync', 'value': ['x', '4', '65534', 'sync', '/bin', '/bin/sync']}) 
skipping: [localhost] => (item={'key': 'games', 'value': ['x', '5', '60', 'games', '/usr/games', '/sbin/nologin']}) 
skipping: [localhost] => (item={'key': 'man', 'value': ['x', '6', '12', 'man', '/var/cache/man', '/sbin/nologin']}) 
skipping: [localhost] => (item={'key': 'lp', 'value': ['x', '7', '7', 'lp', '/var/spool/lpd', '/sbin/nologin']}) 
skipping: [localhost] => (item={'key': 'mail', 'value': ['x', '8', '8', 'mail', '/var/mail', '/sbin/nologin']}) 
skipping: [localhost] => (item={'key': 'news', 'value': ['x', '9', '9', 'news', '/var/spool/news', '/sbin/nologin']}) 
skipping: [localhost] => (item={'key': 'uucp', 'value': ['x', '10', '10', 'uucp', '/var/spool/uucp', '/sbin/nologin']}) 
skipping: [localhost] => (item={'key': 'proxy', 'value': ['x', '13', '13', 'proxy', '/bin', '/sbin/nologin']}) 
skipping: [localhost] => (item={'key': 'www-data', 'value': ['x', '33', '33', 'www-data', '/var/www', '/sbin/nologin']}) 
skipping: [localhost] => (item={'key': 'backup', 'value': ['x', '34', '34', 'backup', '/var/backups', '/sbin/nologin']}) 
skipping: [localhost] => (item={'key': 'list', 'value': ['x', '38', '38', 'Mailing List Manager', '/var/list', '/sbin/nologin']}) 
skipping: [localhost] => (item={'key': 'irc', 'value': ['x', '39', '39', 'ircd', '/run/ircd', '/sbin/nologin']}) 
skipping: [localhost] => (item={'key': 'gnats', 'value': ['x', '41', '41', 'Gnats Bug-Reporting System (admin)', '/var/lib/gnats', '/sbin/nologin']}) 
skipping: [localhost] => (item={'key': 'nobody', 'value': ['x', '65534', '65534', 'nobody', '/nonexistent', '/usr/sbin/nologin']}) 
skipping: [localhost] => (item={'key': '_apt', 'value': ['x', '100', '65534', '', '/nonexistent', '/sbin/nologin']}) 
skipping: [localhost]

TASK [/stigforge/roles/ubuntu22_cis : Ensure interactive local users are the owners of their respective home directories] ***
skipping: [localhost] => (item=[{'key': 'root', 'value': ['x', '0', '0', 'root', '/root', '/bin/bash']}, {'changed': False, 'skipped': True, 'skip_reason': 'Conditional result was False', 'false_condition': 'item.value[1]|int >= 1000', 'item': {'key': 'root', 'value': ['x', '0', '0', 'root', '/root', '/bin/bash']}, 'ansible_loop_var': 'item'}]) 
skipping: [localhost] => (item=[{'key': 'daemon', 'value': ['x', '1', '1', 'daemon', '/usr/sbin', '/sbin/nologin']}, {'changed': False, 'skipped': True, 'skip_reason': 'Conditional result was False', 'false_condition': 'item.value[1]|int >= 1000', 'item': {'key': 'daemon', 'value': ['x', '1', '1', 'daemon', '/usr/sbin', '/sbin/nologin']}, 'ansible_loop_var': 'item'}]) 
skipping: [localhost] => (item=[{'key': 'bin', 'value': ['x', '2', '2', 'bin', '/bin', '/sbin/nologin']}, {'changed': False, 'skipped': True, 'skip_reason': 'Conditional result was False', 'false_condition': 'item.value[1]|int >= 1000', 'item': {'key': 'bin', 'value': ['x', '2', '2', 'bin', '/bin', '/sbin/nologin']}, 'ansible_loop_var': 'item'}]) 
skipping: [localhost] => (item=[{'key': 'sys', 'value': ['x', '3', '3', 'sys', '/dev', '/sbin/nologin']}, {'changed': False, 'skipped': True, 'skip_reason': 'Conditional result was False', 'false_condition': 'item.value[1]|int >= 1000', 'item': {'key': 'sys', 'value': ['x', '3', '3', 'sys', '/dev', '/sbin/nologin']}, 'ansible_loop_var': 'item'}]) 
skipping: [localhost] => (item=[{'key': 'sync', 'value': ['x', '4', '65534', 'sync', '/bin', '/bin/sync']}, {'changed': False, 'skipped': True, 'skip_reason': 'Conditional result was False', 'false_condition': 'item.value[1]|int >= 1000', 'item': {'key': 'sync', 'value': ['x', '4', '65534', 'sync', '/bin', '/bin/sync']}, 'ansible_loop_var': 'item'}]) 
skipping: [localhost] => (item=[{'key': 'games', 'value': ['x', '5', '60', 'games', '/usr/games', '/sbin/nologin']}, {'changed': False, 'skipped': True, 'skip_reason': 'Conditional result was False', 'false_condition': 'item.value[1]|int >= 1000', 'item': {'key': 'games', 'value': ['x', '5', '60', 'games', '/usr/games', '/sbin/nologin']}, 'ansible_loop_var': 'item'}]) 
skipping: [localhost] => (item=[{'key': 'man', 'value': ['x', '6', '12', 'man', '/var/cache/man', '/sbin/nologin']}, {'changed': False, 'skipped': True, 'skip_reason': 'Conditional result was False', 'false_condition': 'item.value[1]|int >= 1000', 'item': {'key': 'man', 'value': ['x', '6', '12', 'man', '/var/cache/man', '/sbin/nologin']}, 'ansible_loop_var': 'item'}]) 
skipping: [localhost] => (item=[{'key': 'lp', 'value': ['x', '7', '7', 'lp', '/var/spool/lpd', '/sbin/nologin']}, {'changed': False, 'skipped': True, 'skip_reason': 'Conditional result was False', 'false_condition': 'item.value[1]|int >= 1000', 'item': {'key': 'lp', 'value': ['x', '7', '7', 'lp', '/var/spool/lpd', '/sbin/nologin']}, 'ansible_loop_var': 'item'}]) 
skipping: [localhost] => (item=[{'key': 'mail', 'value': ['x', '8', '8', 'mail', '/var/mail', '/sbin/nologin']}, {'changed': False, 'skipped': True, 'skip_reason': 'Conditional result was False', 'false_condition': 'item.value[1]|int >= 1000', 'item': {'key': 'mail', 'value': ['x', '8', '8', 'mail', '/var/mail', '/sbin/nologin']}, 'ansible_loop_var': 'item'}]) 
skipping: [localhost] => (item=[{'key': 'news', 'value': ['x', '9', '9', 'news', '/var/spool/news', '/sbin/nologin']}, {'changed': False, 'skipped': True, 'skip_reason': 'Conditional result was False', 'false_condition': 'item.value[1]|int >= 1000', 'item': {'key': 'news', 'value': ['x', '9', '9', 'news', '/var/spool/news', '/sbin/nologin']}, 'ansible_loop_var': 'item'}]) 
skipping: [localhost] => (item=[{'key': 'uucp', 'value': ['x', '10', '10', 'uucp', '/var/spool/uucp', '/sbin/nologin']}, {'changed': False, 'skipped': True, 'skip_reason': 'Conditional result was False', 'false_condition': 'item.value[1]|int >= 1000', 'item': {'key': 'uucp', 'value': ['x', '10', '10', 'uucp', '/var/spool/uucp', '/sbin/nologin']}, 'ansible_loop_var': 'item'}]) 
skipping: [localhost] => (item=[{'key': 'proxy', 'value': ['x', '13', '13', 'proxy', '/bin', '/sbin/nologin']}, {'changed': False, 'skipped': True, 'skip_reason': 'Conditional result was False', 'false_condition': 'item.value[1]|int >= 1000', 'item': {'key': 'proxy', 'value': ['x', '13', '13', 'proxy', '/bin', '/sbin/nologin']}, 'ansible_loop_var': 'item'}]) 
skipping: [localhost] => (item=[{'key': 'www-data', 'value': ['x', '33', '33', 'www-data', '/var/www', '/sbin/nologin']}, {'changed': False, 'skipped': True, 'skip_reason': 'Conditional result was False', 'false_condition': 'item.value[1]|int >= 1000', 'item': {'key': 'www-data', 'value': ['x', '33', '33', 'www-data', '/var/www', '/sbin/nologin']}, 'ansible_loop_var': 'item'}]) 
skipping: [localhost] => (item=[{'key': 'backup', 'value': ['x', '34', '34', 'backup', '/var/backups', '/sbin/nologin']}, {'changed': False, 'skipped': True, 'skip_reason': 'Conditional result was False', 'false_condition': 'item.value[1]|int >= 1000', 'item': {'key': 'backup', 'value': ['x', '34', '34', 'backup', '/var/backups', '/sbin/nologin']}, 'ansible_loop_var': 'item'}]) 
skipping: [localhost] => (item=[{'key': 'list', 'value': ['x', '38', '38', 'Mailing List Manager', '/var/list', '/sbin/nologin']}, {'changed': False, 'skipped': True, 'skip_reason': 'Conditional result was False', 'false_condition': 'item.value[1]|int >= 1000', 'item': {'key': 'list', 'value': ['x', '38', '38', 'Mailing List Manager', '/var/list', '/sbin/nologin']}, 'ansible_loop_var': 'item'}]) 
skipping: [localhost] => (item=[{'key': 'irc', 'value': ['x', '39', '39', 'ircd', '/run/ircd', '/sbin/nologin']}, {'changed': False, 'skipped': True, 'skip_reason': 'Conditional result was False', 'false_condition': 'item.value[1]|int >= 1000', 'item': {'key': 'irc', 'value': ['x', '39', '39', 'ircd', '/run/ircd', '/sbin/nologin']}, 'ansible_loop_var': 'item'}]) 
skipping: [localhost] => (item=[{'key': 'gnats', 'value': ['x', '41', '41', 'Gnats Bug-Reporting System (admin)', '/var/lib/gnats', '/sbin/nologin']}, {'changed': False, 'skipped': True, 'skip_reason': 'Conditional result was False', 'false_condition': 'item.value[1]|int >= 1000', 'item': {'key': 'gnats', 'value': ['x', '41', '41', 'Gnats Bug-Reporting System (admin)', '/var/lib/gnats', '/sbin/nologin']}, 'ansible_loop_var': 'item'}]) 
skipping: [localhost] => (item=[{'key': 'nobody', 'value': ['x', '65534', '65534', 'nobody', '/nonexistent', '/usr/sbin/nologin']}, {'changed': False, 'skipped': True, 'skip_reason': 'Conditional result was False', 'false_condition': 'item.value[1]|int != 65534', 'item': {'key': 'nobody', 'value': ['x', '65534', '65534', 'nobody', '/nonexistent', '/usr/sbin/nologin']}, 'ansible_loop_var': 'item'}]) 
skipping: [localhost] => (item=[{'key': '_apt', 'value': ['x', '100', '65534', '', '/nonexistent', '/sbin/nologin']}, {'changed': False, 'skipped': True, 'skip_reason': 'Conditional result was False', 'false_condition': 'item.value[1]|int >= 1000', 'item': {'key': '_apt', 'value': ['x', '100', '65534', '', '/nonexistent', '/sbin/nologin']}, 'ansible_loop_var': 'item'}]) 
skipping: [localhost]

TASK [/stigforge/roles/ubuntu22_cis : Get all local users from /etc/passwd] ****
ok: [localhost]

TASK [/stigforge/roles/ubuntu22_cis : Create local_users variable from the getent output] ***
ok: [localhost]

TASK [/stigforge/roles/ubuntu22_cis : Test for existence home directories to avoid creating them.] ***
skipping: [localhost] => (item={'key': 'root', 'value': ['x', '0', '0', 'root', '/root', '/bin/bash']}) 
skipping: [localhost] => (item={'key': 'daemon', 'value': ['x', '1', '1', 'daemon', '/usr/sbin', '/sbin/nologin']}) 
skipping: [localhost] => (item={'key': 'bin', 'value': ['x', '2', '2', 'bin', '/bin', '/sbin/nologin']}) 
skipping: [localhost] => (item={'key': 'sys', 'value': ['x', '3', '3', 'sys', '/dev', '/sbin/nologin']}) 
skipping: [localhost] => (item={'key': 'sync', 'value': ['x', '4', '65534', 'sync', '/bin', '/bin/sync']}) 
skipping: [localhost] => (item={'key': 'games', 'value': ['x', '5', '60', 'games', '/usr/games', '/sbin/nologin']}) 
skipping: [localhost] => (item={'key': 'man', 'value': ['x', '6', '12', 'man', '/var/cache/man', '/sbin/nologin']}) 
skipping: [localhost] => (item={'key': 'lp', 'value': ['x', '7', '7', 'lp', '/var/spool/lpd', '/sbin/nologin']}) 
skipping: [localhost] => (item={'key': 'mail', 'value': ['x', '8', '8', 'mail', '/var/mail', '/sbin/nologin']}) 
skipping: [localhost] => (item={'key': 'news', 'value': ['x', '9', '9', 'news', '/var/spool/news', '/sbin/nologin']}) 
skipping: [localhost] => (item={'key': 'uucp', 'value': ['x', '10', '10', 'uucp', '/var/spool/uucp', '/sbin/nologin']}) 
skipping: [localhost] => (item={'key': 'proxy', 'value': ['x', '13', '13', 'proxy', '/bin', '/sbin/nologin']}) 
skipping: [localhost] => (item={'key': 'www-data', 'value': ['x', '33', '33', 'www-data', '/var/www', '/sbin/nologin']}) 
skipping: [localhost] => (item={'key': 'backup', 'value': ['x', '34', '34', 'backup', '/var/backups', '/sbin/nologin']}) 
skipping: [localhost] => (item={'key': 'list', 'value': ['x', '38', '38', 'Mailing List Manager', '/var/list', '/sbin/nologin']}) 
skipping: [localhost] => (item={'key': 'irc', 'value': ['x', '39', '39', 'ircd', '/run/ircd', '/sbin/nologin']}) 
skipping: [localhost] => (item={'key': 'gnats', 'value': ['x', '41', '41', 'Gnats Bug-Reporting System (admin)', '/var/lib/gnats', '/sbin/nologin']}) 
skipping: [localhost] => (item={'key': 'nobody', 'value': ['x', '65534', '65534', 'nobody', '/nonexistent', '/usr/sbin/nologin']}) 
skipping: [localhost] => (item={'key': '_apt', 'value': ['x', '100', '65534', '', '/nonexistent', '/sbin/nologin']}) 
skipping: [localhost]

TASK [/stigforge/roles/ubuntu22_cis : Ensure interactive local users have proper permissions on their respective home directories] ***
skipping: [localhost] => (item=[{'key': 'root', 'value': ['x', '0', '0', 'root', '/root', '/bin/bash']}, {'changed': False, 'skipped': True, 'skip_reason': 'Conditional result was False', 'false_condition': 'item.value[1]|int >= 1000', 'item': {'key': 'root', 'value': ['x', '0', '0', 'root', '/root', '/bin/bash']}, 'ansible_loop_var': 'item'}]) 
skipping: [localhost] => (item=[{'key': 'daemon', 'value': ['x', '1', '1', 'daemon', '/usr/sbin', '/sbin/nologin']}, {'changed': False, 'skipped': True, 'skip_reason': 'Conditional result was False', 'false_condition': 'item.value[1]|int >= 1000', 'item': {'key': 'daemon', 'value': ['x', '1', '1', 'daemon', '/usr/sbin', '/sbin/nologin']}, 'ansible_loop_var': 'item'}]) 
skipping: [localhost] => (item=[{'key': 'bin', 'value': ['x', '2', '2', 'bin', '/bin', '/sbin/nologin']}, {'changed': False, 'skipped': True, 'skip_reason': 'Conditional result was False', 'false_condition': 'item.value[1]|int >= 1000', 'item': {'key': 'bin', 'value': ['x', '2', '2', 'bin', '/bin', '/sbin/nologin']}, 'ansible_loop_var': 'item'}]) 
skipping: [localhost] => (item=[{'key': 'sys', 'value': ['x', '3', '3', 'sys', '/dev', '/sbin/nologin']}, {'changed': False, 'skipped': True, 'skip_reason': 'Conditional result was False', 'false_condition': 'item.value[1]|int >= 1000', 'item': {'key': 'sys', 'value': ['x', '3', '3', 'sys', '/dev', '/sbin/nologin']}, 'ansible_loop_var': 'item'}]) 
skipping: [localhost] => (item=[{'key': 'sync', 'value': ['x', '4', '65534', 'sync', '/bin', '/bin/sync']}, {'changed': False, 'skipped': True, 'skip_reason': 'Conditional result was False', 'false_condition': 'item.value[1]|int >= 1000', 'item': {'key': 'sync', 'value': ['x', '4', '65534', 'sync', '/bin', '/bin/sync']}, 'ansible_loop_var': 'item'}]) 
skipping: [localhost] => (item=[{'key': 'games', 'value': ['x', '5', '60', 'games', '/usr/games', '/sbin/nologin']}, {'changed': False, 'skipped': True, 'skip_reason': 'Conditional result was False', 'false_condition': 'item.value[1]|int >= 1000', 'item': {'key': 'games', 'value': ['x', '5', '60', 'games', '/usr/games', '/sbin/nologin']}, 'ansible_loop_var': 'item'}]) 
skipping: [localhost] => (item=[{'key': 'man', 'value': ['x', '6', '12', 'man', '/var/cache/man', '/sbin/nologin']}, {'changed': False, 'skipped': True, 'skip_reason': 'Conditional result was False', 'false_condition': 'item.value[1]|int >= 1000', 'item': {'key': 'man', 'value': ['x', '6', '12', 'man', '/var/cache/man', '/sbin/nologin']}, 'ansible_loop_var': 'item'}]) 
skipping: [localhost] => (item=[{'key': 'lp', 'value': ['x', '7', '7', 'lp', '/var/spool/lpd', '/sbin/nologin']}, {'changed': False, 'skipped': True, 'skip_reason': 'Conditional result was False', 'false_condition': 'item.value[1]|int >= 1000', 'item': {'key': 'lp', 'value': ['x', '7', '7', 'lp', '/var/spool/lpd', '/sbin/nologin']}, 'ansible_loop_var': 'item'}]) 
skipping: [localhost] => (item=[{'key': 'mail', 'value': ['x', '8', '8', 'mail', '/var/mail', '/sbin/nologin']}, {'changed': False, 'skipped': True, 'skip_reason': 'Conditional result was False', 'false_condition': 'item.value[1]|int >= 1000', 'item': {'key': 'mail', 'value': ['x', '8', '8', 'mail', '/var/mail', '/sbin/nologin']}, 'ansible_loop_var': 'item'}]) 
skipping: [localhost] => (item=[{'key': 'news', 'value': ['x', '9', '9', 'news', '/var/spool/news', '/sbin/nologin']}, {'changed': False, 'skipped': True, 'skip_reason': 'Conditional result was False', 'false_condition': 'item.value[1]|int >= 1000', 'item': {'key': 'news', 'value': ['x', '9', '9', 'news', '/var/spool/news', '/sbin/nologin']}, 'ansible_loop_var': 'item'}]) 
skipping: [localhost] => (item=[{'key': 'uucp', 'value': ['x', '10', '10', 'uucp', '/var/spool/uucp', '/sbin/nologin']}, {'changed': False, 'skipped': True, 'skip_reason': 'Conditional result was False', 'false_condition': 'item.value[1]|int >= 1000', 'item': {'key': 'uucp', 'value': ['x', '10', '10', 'uucp', '/var/spool/uucp', '/sbin/nologin']}, 'ansible_loop_var': 'item'}]) 
skipping: [localhost] => (item=[{'key': 'proxy', 'value': ['x', '13', '13', 'proxy', '/bin', '/sbin/nologin']}, {'changed': False, 'skipped': True, 'skip_reason': 'Conditional result was False', 'false_condition': 'item.value[1]|int >= 1000', 'item': {'key': 'proxy', 'value': ['x', '13', '13', 'proxy', '/bin', '/sbin/nologin']}, 'ansible_loop_var': 'item'}]) 
skipping: [localhost] => (item=[{'key': 'www-data', 'value': ['x', '33', '33', 'www-data', '/var/www', '/sbin/nologin']}, {'changed': False, 'skipped': True, 'skip_reason': 'Conditional result was False', 'false_condition': 'item.value[1]|int >= 1000', 'item': {'key': 'www-data', 'value': ['x', '33', '33', 'www-data', '/var/www', '/sbin/nologin']}, 'ansible_loop_var': 'item'}]) 
skipping: [localhost] => (item=[{'key': 'backup', 'value': ['x', '34', '34', 'backup', '/var/backups', '/sbin/nologin']}, {'changed': False, 'skipped': True, 'skip_reason': 'Conditional result was False', 'false_condition': 'item.value[1]|int >= 1000', 'item': {'key': 'backup', 'value': ['x', '34', '34', 'backup', '/var/backups', '/sbin/nologin']}, 'ansible_loop_var': 'item'}]) 
skipping: [localhost] => (item=[{'key': 'list', 'value': ['x', '38', '38', 'Mailing List Manager', '/var/list', '/sbin/nologin']}, {'changed': False, 'skipped': True, 'skip_reason': 'Conditional result was False', 'false_condition': 'item.value[1]|int >= 1000', 'item': {'key': 'list', 'value': ['x', '38', '38', 'Mailing List Manager', '/var/list', '/sbin/nologin']}, 'ansible_loop_var': 'item'}]) 
skipping: [localhost] => (item=[{'key': 'irc', 'value': ['x', '39', '39', 'ircd', '/run/ircd', '/sbin/nologin']}, {'changed': False, 'skipped': True, 'skip_reason': 'Conditional result was False', 'false_condition': 'item.value[1]|int >= 1000', 'item': {'key': 'irc', 'value': ['x', '39', '39', 'ircd', '/run/ircd', '/sbin/nologin']}, 'ansible_loop_var': 'item'}]) 
skipping: [localhost] => (item=[{'key': 'gnats', 'value': ['x', '41', '41', 'Gnats Bug-Reporting System (admin)', '/var/lib/gnats', '/sbin/nologin']}, {'changed': False, 'skipped': True, 'skip_reason': 'Conditional result was False', 'false_condition': 'item.value[1]|int >= 1000', 'item': {'key': 'gnats', 'value': ['x', '41', '41', 'Gnats Bug-Reporting System (admin)', '/var/lib/gnats', '/sbin/nologin']}, 'ansible_loop_var': 'item'}]) 
skipping: [localhost] => (item=[{'key': 'nobody', 'value': ['x', '65534', '65534', 'nobody', '/nonexistent', '/usr/sbin/nologin']}, {'changed': False, 'skipped': True, 'skip_reason': 'Conditional result was False', 'false_condition': 'item.value[1]|int != 65534', 'item': {'key': 'nobody', 'value': ['x', '65534', '65534', 'nobody', '/nonexistent', '/usr/sbin/nologin']}, 'ansible_loop_var': 'item'}]) 
skipping: [localhost] => (item=[{'key': '_apt', 'value': ['x', '100', '65534', '', '/nonexistent', '/sbin/nologin']}, {'changed': False, 'skipped': True, 'skip_reason': 'Conditional result was False', 'false_condition': 'item.value[1]|int >= 1000', 'item': {'key': '_apt', 'value': ['x', '100', '65534', '', '/nonexistent', '/sbin/nologin']}, 'ansible_loop_var': 'item'}]) 
skipping: [localhost]

TASK [/stigforge/roles/ubuntu22_cis : Check if umask in /etc/bash.bashrc is already set] ***
ok: [localhost]

TASK [/stigforge/roles/ubuntu22_cis : Replace user umask in /etc/bash.bashrc] ***
skipping: [localhost]

TASK [/stigforge/roles/ubuntu22_cis : Ensure the Default umask is Appended Correctly] ***
changed: [localhost]

TASK [/stigforge/roles/ubuntu22_cis : Check if UMASK is already set] ***********
ok: [localhost]

TASK [/stigforge/roles/ubuntu22_cis : Replace user UMASK in /etc/login.defs] ***
changed: [localhost]

TASK [/stigforge/roles/ubuntu22_cis : Ensure the Default UMASK is Appended Correctly] ***
skipping: [localhost]

TASK [/stigforge/roles/ubuntu22_cis : Ensure the Default Umask is Set Correctly in /etc/profile - Locate Profile Configuration Files Where umask Is Defined] ***
ok: [localhost]

TASK [/stigforge/roles/ubuntu22_cis : Ensure the Default Umask is Set Correctly in /etc/profile - Replace Existing umask Value in Files From /etc/profile.d] ***
skipping: [localhost]

TASK [/stigforge/roles/ubuntu22_cis : Ensure the Default Umask is Set Correctly in /etc/profile - Ensure umask Is Set in /etc/profile if Not Already Set Elsewhere] ***
changed: [localhost]

TASK [/stigforge/roles/ubuntu22_cis : Ensure the Default Umask is Set Correctly in /etc/profile - Ensure umask Value For All Existing umask Definition in /etc/profile] ***
ok: [localhost]

TASK [/stigforge/roles/ubuntu22_cis : Set the file_owner_grub2_cfg_newown variable if represented by uid] ***
skipping: [localhost]

TASK [/stigforge/roles/ubuntu22_cis : Test for existence /boot/grub/grub.cfg] ***
skipping: [localhost]

TASK [/stigforge/roles/ubuntu22_cis : Ensure owner on /boot/grub/grub.cfg] *****
skipping: [localhost]

TASK [/stigforge/roles/ubuntu22_cis : Test for existence /boot/grub/grub.cfg] ***
skipping: [localhost]

TASK [/stigforge/roles/ubuntu22_cis : Ensure permission u-xs,g-xwrs,o-xwrt on /boot/grub/grub.cfg] ***
skipping: [localhost]

TASK [/stigforge/roles/ubuntu22_cis : Ensure rsyslog Default File Permissions Configured - Search for $FileCreateMode Parameter in rsyslog Main Config File] ***
skipping: [localhost]

TASK [/stigforge/roles/ubuntu22_cis : Ensure rsyslog Default File Permissions Configured - Search for $FileCreateMode Parameter in rsyslog Include Files] ***
skipping: [localhost]

TASK [/stigforge/roles/ubuntu22_cis : Ensure rsyslog Default File Permissions Configured - Assemble List of rsyslog Configuration Files with $FileCreateMode Parameter] ***
skipping: [localhost]

TASK [/stigforge/roles/ubuntu22_cis : Ensure rsyslog Default File Permissions Configured - Remove $FileCreateMode Parameter from Multiple Files to Avoid Conflicts] ***
skipping: [localhost]

TASK [/stigforge/roles/ubuntu22_cis : Ensure rsyslog Default File Permissions Configured - Add $FileCreateMode Parameter and Expected Value] ***
skipping: [localhost]

TASK [/stigforge/roles/ubuntu22_cis : Ensure rsyslog Default File Permissions Configured - Ensure Correct Value of Existing $FileCreateMode Parameter] ***
skipping: [localhost]

TASK [/stigforge/roles/ubuntu22_cis : Check for duplicate values] **************
skipping: [localhost]

TASK [/stigforge/roles/ubuntu22_cis : Deduplicate values from /etc/systemd/journald.conf] ***
skipping: [localhost]

TASK [/stigforge/roles/ubuntu22_cis : Insert correct line to /etc/systemd/journald.conf] ***
skipping: [localhost]

TASK [/stigforge/roles/ubuntu22_cis : Check for duplicate values] **************
skipping: [localhost]

TASK [/stigforge/roles/ubuntu22_cis : Deduplicate values from /etc/systemd/journald.conf] ***
skipping: [localhost]

TASK [/stigforge/roles/ubuntu22_cis : Insert correct line to /etc/systemd/journald.conf] ***
skipping: [localhost]

TASK [/stigforge/roles/ubuntu22_cis : Disable systemd-journal-remote Socket - Collect systemd Socket Units Present in the System] ***
skipping: [localhost]

TASK [/stigforge/roles/ubuntu22_cis : Disable systemd-journal-remote Socket - Ensure systemd-journal-remote.socket is Masked] ***
skipping: [localhost]

TASK [/stigforge/roles/ubuntu22_cis : Ensure rsyslog Does Not Accept Remote Messages Unless Acting As Log Server - Define Rsyslog Config Lines Regex in Legacy Syntax] ***
skipping: [localhost]

TASK [/stigforge/roles/ubuntu22_cis : Ensure rsyslog Does Not Accept Remote Messages Unless Acting As Log Server - Search for Legacy Config Lines in Rsyslog Main Config File] ***
skipping: [localhost]

TASK [/stigforge/roles/ubuntu22_cis : Ensure rsyslog Does Not Accept Remote Messages Unless Acting As Log Server - Search for Legacy Config Lines in Rsyslog Include Files] ***
skipping: [localhost]

TASK [/stigforge/roles/ubuntu22_cis : Ensure rsyslog Does Not Accept Remote Messages Unless Acting As Log Server - Assemble List of Config Files With Listen Lines in Legacy Syntax] ***
skipping: [localhost]

TASK [/stigforge/roles/ubuntu22_cis : Ensure rsyslog Does Not Accept Remote Messages Unless Acting As Log Server - Comment Listen Config Lines Wherever Defined Using Legacy Syntax] ***
skipping: [localhost]

TASK [/stigforge/roles/ubuntu22_cis : Ensure rsyslog Does Not Accept Remote Messages Unless Acting As Log Server - Define Rsyslog Config Lines Regex in RainerScript Syntax] ***
skipping: [localhost]

TASK [/stigforge/roles/ubuntu22_cis : Ensure rsyslog Does Not Accept Remote Messages Unless Acting As Log Server - Search for RainerScript Config Lines in Rsyslog Main Config File] ***
skipping: [localhost]

TASK [/stigforge/roles/ubuntu22_cis : Ensure rsyslog Does Not Accept Remote Messages Unless Acting As Log Server - Search for RainerScript Config Lines in Rsyslog Include Files] ***
skipping: [localhost]

TASK [/stigforge/roles/ubuntu22_cis : Ensure rsyslog Does Not Accept Remote Messages Unless Acting As Log Server - Assemble List of Config Files With Listen Lines in RainerScript] ***
skipping: [localhost]

TASK [/stigforge/roles/ubuntu22_cis : Ensure rsyslog Does Not Accept Remote Messages Unless Acting As Log Server - Comment Listen Config Lines Wherever Defined Using RainerScript] ***
skipping: [localhost]

TASK [/stigforge/roles/ubuntu22_cis : Ensure rsyslog Does Not Accept Remote Messages Unless Acting As Log Server - Restart Rsyslog if Any Line Were Commented Out] ***
skipping: [localhost]

TASK [/stigforge/roles/ubuntu22_cis : Check if IPv6 is enabled] ****************
skipping: [localhost]

TASK [/stigforge/roles/ubuntu22_cis : Allow incoming traffic on the loopback interface] ***
skipping: [localhost]

TASK [/stigforge/roles/ubuntu22_cis : Allow outgoing traffic on the loopback interface] ***
skipping: [localhost]

TASK [/stigforge/roles/ubuntu22_cis : Drop incoming traffic from the localhost] ***
skipping: [localhost]

TASK [/stigforge/roles/ubuntu22_cis : Allow incoming traffic on the loopback interface] ***
skipping: [localhost]

TASK [/stigforge/roles/ubuntu22_cis : Allow outgoing traffic on the loopback interface] ***
skipping: [localhost]

TASK [/stigforge/roles/ubuntu22_cis : Drop incoming traffic from the localhost] ***
skipping: [localhost]

TASK [/stigforge/roles/ubuntu22_cis : List /etc/sysctl.d/*.conf files] *********
skipping: [localhost]

TASK [/stigforge/roles/ubuntu22_cis : Comment out any occurrences of net.ipv6.conf.all.accept_ra from config files] ***
skipping: [localhost]

TASK [/stigforge/roles/ubuntu22_cis : Comment out any occurrences of net.ipv6.conf.all.accept_ra from /etc/ufw/sysctl.conf] ***
skipping: [localhost]

TASK [/stigforge/roles/ubuntu22_cis : Ensure sysctl net.ipv6.conf.all.accept_ra is set] ***
skipping: [localhost]

TASK [/stigforge/roles/ubuntu22_cis : List /etc/sysctl.d/*.conf files] *********
skipping: [localhost]

TASK [/stigforge/roles/ubuntu22_cis : Comment out any occurrences of net.ipv6.conf.all.accept_redirects from config files] ***
skipping: [localhost]

TASK [/stigforge/roles/ubuntu22_cis : Comment out any occurrences of net.ipv6.conf.all.accept_redirects from /etc/ufw/sysctl.conf] ***
skipping: [localhost]

TASK [/stigforge/roles/ubuntu22_cis : Ensure sysctl net.ipv6.conf.all.accept_redirects is set] ***
skipping: [localhost]

TASK [/stigforge/roles/ubuntu22_cis : List /etc/sysctl.d/*.conf files] *********
skipping: [localhost]

TASK [/stigforge/roles/ubuntu22_cis : Comment out any occurrences of net.ipv6.conf.all.accept_source_route from config files] ***
skipping: [localhost]

TASK [/stigforge/roles/ubuntu22_cis : Comment out any occurrences of net.ipv6.conf.all.accept_source_route from /etc/ufw/sysctl.conf] ***
skipping: [localhost]

TASK [/stigforge/roles/ubuntu22_cis : Ensure sysctl net.ipv6.conf.all.accept_source_route is set] ***
skipping: [localhost]

TASK [/stigforge/roles/ubuntu22_cis : List /etc/sysctl.d/*.conf files] *********
skipping: [localhost]

TASK [/stigforge/roles/ubuntu22_cis : Comment out any occurrences of net.ipv6.conf.all.forwarding from config files] ***
skipping: [localhost]

TASK [/stigforge/roles/ubuntu22_cis : Comment out any occurrences of net.ipv6.conf.all.forwarding from /etc/ufw/sysctl.conf] ***
skipping: [localhost]

TASK [/stigforge/roles/ubuntu22_cis : Ensure sysctl net.ipv6.conf.all.forwarding is set] ***
skipping: [localhost]

TASK [/stigforge/roles/ubuntu22_cis : List /etc/sysctl.d/*.conf files] *********
skipping: [localhost]

TASK [/stigforge/roles/ubuntu22_cis : Comment out any occurrences of net.ipv6.conf.default.accept_ra from config files] ***
skipping: [localhost]

TASK [/stigforge/roles/ubuntu22_cis : Comment out any occurrences of net.ipv6.conf.default.accept_ra from /etc/ufw/sysctl.conf] ***
skipping: [localhost]

TASK [/stigforge/roles/ubuntu22_cis : Ensure sysctl net.ipv6.conf.default.accept_ra is set] ***
skipping: [localhost]

TASK [/stigforge/roles/ubuntu22_cis : List /etc/sysctl.d/*.conf files] *********
skipping: [localhost]

TASK [/stigforge/roles/ubuntu22_cis : Comment out any occurrences of net.ipv6.conf.default.accept_redirects from config files] ***
skipping: [localhost]

TASK [/stigforge/roles/ubuntu22_cis : Comment out any occurrences of net.ipv6.conf.default.accept_redirects from /etc/ufw/sysctl.conf] ***
skipping: [localhost]

TASK [/stigforge/roles/ubuntu22_cis : Ensure sysctl net.ipv6.conf.default.accept_redirects is set] ***
skipping: [localhost]

TASK [/stigforge/roles/ubuntu22_cis : List /etc/sysctl.d/*.conf files] *********
skipping: [localhost]

TASK [/stigforge/roles/ubuntu22_cis : Comment out any occurrences of net.ipv6.conf.default.accept_source_route from config files] ***
skipping: [localhost]

TASK [/stigforge/roles/ubuntu22_cis : Comment out any occurrences of net.ipv6.conf.default.accept_source_route from /etc/ufw/sysctl.conf] ***
skipping: [localhost]

TASK [/stigforge/roles/ubuntu22_cis : Ensure sysctl net.ipv6.conf.default.accept_source_route is set] ***
skipping: [localhost]

TASK [/stigforge/roles/ubuntu22_cis : List /etc/sysctl.d/*.conf files] *********
skipping: [localhost]

TASK [/stigforge/roles/ubuntu22_cis : Comment out any occurrences of net.ipv4.conf.all.accept_redirects from config files] ***
skipping: [localhost]

TASK [/stigforge/roles/ubuntu22_cis : Comment out any occurrences of net.ipv4.conf.all.accept_redirects from /etc/ufw/sysctl.conf] ***
skipping: [localhost]

TASK [/stigforge/roles/ubuntu22_cis : Ensure sysctl net.ipv4.conf.all.accept_redirects is set] ***
skipping: [localhost]

TASK [/stigforge/roles/ubuntu22_cis : List /etc/sysctl.d/*.conf files] *********
skipping: [localhost]

TASK [/stigforge/roles/ubuntu22_cis : Comment out any occurrences of net.ipv4.conf.all.accept_source_route from config files] ***
skipping: [localhost]

TASK [/stigforge/roles/ubuntu22_cis : Comment out any occurrences of net.ipv4.conf.all.accept_source_route from /etc/ufw/sysctl.conf] ***
skipping: [localhost]

TASK [/stigforge/roles/ubuntu22_cis : Ensure sysctl net.ipv4.conf.all.accept_source_route is set] ***
skipping: [localhost]

TASK [/stigforge/roles/ubuntu22_cis : List /etc/sysctl.d/*.conf files] *********
skipping: [localhost]

TASK [/stigforge/roles/ubuntu22_cis : Comment out any occurrences of net.ipv4.conf.all.log_martians from config files] ***
skipping: [localhost]

TASK [/stigforge/roles/ubuntu22_cis : Comment out any occurrences of net.ipv4.conf.all.log_martians from /etc/ufw/sysctl.conf] ***
skipping: [localhost]

TASK [/stigforge/roles/ubuntu22_cis : Ensure sysctl net.ipv4.conf.all.log_martians is set] ***
skipping: [localhost]

TASK [/stigforge/roles/ubuntu22_cis : List /etc/sysctl.d/*.conf files] *********
skipping: [localhost]

TASK [/stigforge/roles/ubuntu22_cis : Comment out any occurrences of net.ipv4.conf.all.rp_filter from config files] ***
skipping: [localhost]

TASK [/stigforge/roles/ubuntu22_cis : Comment out any occurrences of net.ipv4.conf.all.rp_filter from /etc/ufw/sysctl.conf] ***
skipping: [localhost]

TASK [/stigforge/roles/ubuntu22_cis : Ensure sysctl net.ipv4.conf.all.rp_filter is set] ***
skipping: [localhost]

TASK [/stigforge/roles/ubuntu22_cis : List /etc/sysctl.d/*.conf files] *********
skipping: [localhost]

TASK [/stigforge/roles/ubuntu22_cis : Comment out any occurrences of net.ipv4.conf.all.secure_redirects from config files] ***
skipping: [localhost]

TASK [/stigforge/roles/ubuntu22_cis : Comment out any occurrences of net.ipv4.conf.all.secure_redirects from /etc/ufw/sysctl.conf] ***
skipping: [localhost]

TASK [/stigforge/roles/ubuntu22_cis : Ensure sysctl net.ipv4.conf.all.secure_redirects is set] ***
skipping: [localhost]

TASK [/stigforge/roles/ubuntu22_cis : List /etc/sysctl.d/*.conf files] *********
skipping: [localhost]

TASK [/stigforge/roles/ubuntu22_cis : Comment out any occurrences of net.ipv4.conf.default.accept_redirects from config files] ***
skipping: [localhost]

TASK [/stigforge/roles/ubuntu22_cis : Comment out any occurrences of net.ipv4.conf.default.accept_redirects from /etc/ufw/sysctl.conf] ***
skipping: [localhost]

TASK [/stigforge/roles/ubuntu22_cis : Ensure sysctl net.ipv4.conf.default.accept_redirects is set] ***
skipping: [localhost]

TASK [/stigforge/roles/ubuntu22_cis : List /etc/sysctl.d/*.conf files] *********
skipping: [localhost]

TASK [/stigforge/roles/ubuntu22_cis : Comment out any occurrences of net.ipv4.conf.default.accept_source_route from config files] ***
skipping: [localhost]

TASK [/stigforge/roles/ubuntu22_cis : Comment out any occurrences of net.ipv4.conf.default.accept_source_route from /etc/ufw/sysctl.conf] ***
skipping: [localhost]

TASK [/stigforge/roles/ubuntu22_cis : Ensure sysctl net.ipv4.conf.default.accept_source_route is set] ***
skipping: [localhost]

TASK [/stigforge/roles/ubuntu22_cis : List /etc/sysctl.d/*.conf files] *********
skipping: [localhost]

TASK [/stigforge/roles/ubuntu22_cis : Comment out any occurrences of net.ipv4.conf.default.log_martians from config files] ***
skipping: [localhost]

TASK [/stigforge/roles/ubuntu22_cis : Comment out any occurrences of net.ipv4.conf.default.log_martians from /etc/ufw/sysctl.conf] ***
skipping: [localhost]

TASK [/stigforge/roles/ubuntu22_cis : Ensure sysctl net.ipv4.conf.default.log_martians is set] ***
skipping: [localhost]

TASK [/stigforge/roles/ubuntu22_cis : List /etc/sysctl.d/*.conf files] *********
skipping: [localhost]

TASK [/stigforge/roles/ubuntu22_cis : Comment out any occurrences of net.ipv4.conf.default.rp_filter from config files] ***
skipping: [localhost]

TASK [/stigforge/roles/ubuntu22_cis : Comment out any occurrences of net.ipv4.conf.default.rp_filter from /etc/ufw/sysctl.conf] ***
skipping: [localhost]

TASK [/stigforge/roles/ubuntu22_cis : Ensure sysctl net.ipv4.conf.default.rp_filter is set] ***
skipping: [localhost]

TASK [/stigforge/roles/ubuntu22_cis : List /etc/sysctl.d/*.conf files] *********
skipping: [localhost]

TASK [/stigforge/roles/ubuntu22_cis : Comment out any occurrences of net.ipv4.conf.default.secure_redirects from config files] ***
skipping: [localhost]

TASK [/stigforge/roles/ubuntu22_cis : Comment out any occurrences of net.ipv4.conf.default.secure_redirects from /etc/ufw/sysctl.conf] ***
skipping: [localhost]

TASK [/stigforge/roles/ubuntu22_cis : Ensure sysctl net.ipv4.conf.default.secure_redirects is set] ***
skipping: [localhost]

TASK [/stigforge/roles/ubuntu22_cis : List /etc/sysctl.d/*.conf files] *********
skipping: [localhost]

TASK [/stigforge/roles/ubuntu22_cis : Comment out any occurrences of net.ipv4.icmp_echo_ignore_broadcasts from config files] ***
skipping: [localhost]

TASK [/stigforge/roles/ubuntu22_cis : Comment out any occurrences of net.ipv4.icmp_echo_ignore_broadcasts from /etc/ufw/sysctl.conf] ***
skipping: [localhost]

TASK [/stigforge/roles/ubuntu22_cis : Ensure sysctl net.ipv4.icmp_echo_ignore_broadcasts is set] ***
skipping: [localhost]

TASK [/stigforge/roles/ubuntu22_cis : List /etc/sysctl.d/*.conf files] *********
skipping: [localhost]

TASK [/stigforge/roles/ubuntu22_cis : Comment out any occurrences of net.ipv4.icmp_ignore_bogus_error_responses from config files] ***
skipping: [localhost]

TASK [/stigforge/roles/ubuntu22_cis : Comment out any occurrences of net.ipv4.icmp_ignore_bogus_error_responses from /etc/ufw/sysctl.conf] ***
skipping: [localhost]

TASK [/stigforge/roles/ubuntu22_cis : Ensure sysctl net.ipv4.icmp_ignore_bogus_error_responses is set] ***
skipping: [localhost]

TASK [/stigforge/roles/ubuntu22_cis : List /etc/sysctl.d/*.conf files] *********
skipping: [localhost]

TASK [/stigforge/roles/ubuntu22_cis : Comment out any occurrences of net.ipv4.tcp_syncookies from config files] ***
skipping: [localhost]

TASK [/stigforge/roles/ubuntu22_cis : Comment out any occurrences of net.ipv4.tcp_syncookies from /etc/ufw/sysctl.conf] ***
skipping: [localhost]

TASK [/stigforge/roles/ubuntu22_cis : Ensure sysctl net.ipv4.tcp_syncookies is set] ***
skipping: [localhost]

TASK [/stigforge/roles/ubuntu22_cis : List /etc/sysctl.d/*.conf files] *********
skipping: [localhost]

TASK [/stigforge/roles/ubuntu22_cis : Comment out any occurrences of net.ipv4.conf.all.send_redirects from config files] ***
skipping: [localhost]

TASK [/stigforge/roles/ubuntu22_cis : Comment out any occurrences of net.ipv4.conf.all.send_redirects from /etc/ufw/sysctl.conf] ***
skipping: [localhost]

TASK [/stigforge/roles/ubuntu22_cis : Ensure sysctl net.ipv4.conf.all.send_redirects is set to 0] ***
skipping: [localhost]

TASK [/stigforge/roles/ubuntu22_cis : List /etc/sysctl.d/*.conf files] *********
skipping: [localhost]

TASK [/stigforge/roles/ubuntu22_cis : Comment out any occurrences of net.ipv4.conf.default.send_redirects from config files] ***
skipping: [localhost]

TASK [/stigforge/roles/ubuntu22_cis : Comment out any occurrences of net.ipv4.conf.default.send_redirects from /etc/ufw/sysctl.conf] ***
skipping: [localhost]

TASK [/stigforge/roles/ubuntu22_cis : Ensure sysctl net.ipv4.conf.default.send_redirects is set to 0] ***
skipping: [localhost]

TASK [/stigforge/roles/ubuntu22_cis : List /etc/sysctl.d/*.conf files] *********
skipping: [localhost]

TASK [/stigforge/roles/ubuntu22_cis : Comment out any occurrences of net.ipv4.ip_forward from config files] ***
skipping: [localhost]

TASK [/stigforge/roles/ubuntu22_cis : Comment out any occurrences of net.ipv4.ip_forward from /etc/ufw/sysctl.conf] ***
skipping: [localhost]

TASK [/stigforge/roles/ubuntu22_cis : Ensure sysctl net.ipv4.ip_forward is set to 0] ***
skipping: [localhost]

TASK [/stigforge/roles/ubuntu22_cis : Ensure Base Chains Exist for Nftables - Check Existence of Nftables Table] ***
skipping: [localhost]

TASK [/stigforge/roles/ubuntu22_cis : Ensure Base Chains Exist for Nftables - Set NFTables Table] ***
skipping: [localhost]

TASK [/stigforge/roles/ubuntu22_cis : Ensure Base Chains Exist for Nftables - Add Base Chains] ***
skipping: [localhost] => (item=['input', 'filter', 'input', '0', 'accept']) 
skipping: [localhost] => (item=['forward', 'filter', 'forward', '0', 'accept']) 
skipping: [localhost] => (item=['output', 'filter', 'output', '0', 'accept']) 
skipping: [localhost]

TASK [/stigforge/roles/ubuntu22_cis : Implement Loopback Rules] ****************
skipping: [localhost]

TASK [/stigforge/roles/ubuntu22_cis : Create Rule to Drop Input IP Address from Loopback] ***
skipping: [localhost]

TASK [/stigforge/roles/ubuntu22_cis : Check if IPv6 is Disabled in grub Configuration] ***
skipping: [localhost]

TASK [/stigforge/roles/ubuntu22_cis : Check sysctl value of net.ipv6.conf.all.disable_ipv6] ***
skipping: [localhost]

TASK [/stigforge/roles/ubuntu22_cis : Check sysctl value of net.ipv6.conf.default.disable_ipv6] ***
skipping: [localhost]

TASK [/stigforge/roles/ubuntu22_cis : Implement IPv6 loopback rules] ***********
skipping: [localhost]

TASK [/stigforge/roles/ubuntu22_cis : Collect Existing Nftables] ***************
skipping: [localhost]

TASK [/stigforge/roles/ubuntu22_cis : Set Nftable Table] ***********************
skipping: [localhost]

TASK [/stigforge/roles/ubuntu22_cis : Ensure kernel module 'dccp' is disabled] ***
skipping: [localhost]

TASK [/stigforge/roles/ubuntu22_cis : Ensure kernel module 'dccp' is blacklisted] ***
skipping: [localhost]

TASK [/stigforge/roles/ubuntu22_cis : Ensure kernel module 'rds' is disabled] ***
skipping: [localhost]

TASK [/stigforge/roles/ubuntu22_cis : Ensure kernel module 'rds' is blacklisted] ***
skipping: [localhost]

TASK [/stigforge/roles/ubuntu22_cis : Ensure kernel module 'sctp' is disabled] ***
skipping: [localhost]

TASK [/stigforge/roles/ubuntu22_cis : Ensure kernel module 'sctp' is blacklisted] ***
skipping: [localhost]

TASK [/stigforge/roles/ubuntu22_cis : Ensure kernel module 'tipc' is disabled] ***
skipping: [localhost]

TASK [/stigforge/roles/ubuntu22_cis : Ensure kernel module 'tipc' is blacklisted] ***
skipping: [localhost]

TASK [/stigforge/roles/ubuntu22_cis : NetworkManager Deactivate Wireless Network Interfaces] ***
skipping: [localhost]

TASK [/stigforge/roles/ubuntu22_cis : Find /var/log/ file(s) recursively] ******
ok: [localhost]

TASK [/stigforge/roles/ubuntu22_cis : Set permissions for /var/log/ file(s)] ***
changed: [localhost] => (item=/var/log/faillog)
changed: [localhost] => (item=/var/log/bootstrap.log)
changed: [localhost] => (item=/var/log/alternatives.log)
changed: [localhost] => (item=/var/log/dpkg.log)

TASK [/stigforge/roles/ubuntu22_cis : Set the file_groupowner_backup_etc_group_newgroup variable if represented by gid] ***
ok: [localhost]

TASK [/stigforge/roles/ubuntu22_cis : Test for existence /etc/group-] **********
ok: [localhost]

TASK [/stigforge/roles/ubuntu22_cis : Ensure group owner on /etc/group-] *******
ok: [localhost]

TASK [/stigforge/roles/ubuntu22_cis : Set the file_groupowner_backup_etc_gshadow_newgroup variable if represented by gid] ***
ok: [localhost]

TASK [/stigforge/roles/ubuntu22_cis : Test for existence /etc/gshadow-] ********
ok: [localhost]

TASK [/stigforge/roles/ubuntu22_cis : Ensure group owner on /etc/gshadow-] *****
ok: [localhost]

TASK [/stigforge/roles/ubuntu22_cis : Set the file_groupowner_backup_etc_passwd_newgroup variable if represented by gid] ***
ok: [localhost]

TASK [/stigforge/roles/ubuntu22_cis : Test for existence /etc/passwd-] *********
ok: [localhost]

TASK [/stigforge/roles/ubuntu22_cis : Ensure group owner on /etc/passwd-] ******
ok: [localhost]

TASK [/stigforge/roles/ubuntu22_cis : Set the file_groupowner_backup_etc_shadow_newgroup variable if represented by gid] ***
ok: [localhost]

TASK [/stigforge/roles/ubuntu22_cis : Test for existence /etc/shadow-] *********
ok: [localhost]

TASK [/stigforge/roles/ubuntu22_cis : Ensure group owner on /etc/shadow-] ******
skipping: [localhost]

TASK [/stigforge/roles/ubuntu22_cis : Set the file_groupowner_etc_group_newgroup variable if represented by gid] ***
ok: [localhost]

TASK [/stigforge/roles/ubuntu22_cis : Test for existence /etc/group] ***********
ok: [localhost]

TASK [/stigforge/roles/ubuntu22_cis : Ensure group owner on /etc/group] ********
ok: [localhost]

TASK [/stigforge/roles/ubuntu22_cis : Set the file_groupowner_etc_gshadow_newgroup variable if represented by gid] ***
ok: [localhost]

TASK [/stigforge/roles/ubuntu22_cis : Test for existence /etc/gshadow] *********
ok: [localhost]

TASK [/stigforge/roles/ubuntu22_cis : Ensure group owner on /etc/gshadow] ******
ok: [localhost]

TASK [/stigforge/roles/ubuntu22_cis : Set the file_groupowner_etc_passwd_newgroup variable if represented by gid] ***
ok: [localhost]

TASK [/stigforge/roles/ubuntu22_cis : Test for existence /etc/passwd] **********
ok: [localhost]

TASK [/stigforge/roles/ubuntu22_cis : Ensure group owner on /etc/passwd] *******
ok: [localhost]

TASK [/stigforge/roles/ubuntu22_cis : Set the file_groupowner_etc_shadow_newgroup variable if represented by gid] ***
ok: [localhost]

TASK [/stigforge/roles/ubuntu22_cis : Test for existence /etc/shadow] **********
ok: [localhost]

TASK [/stigforge/roles/ubuntu22_cis : Ensure group owner on /etc/shadow] *******
ok: [localhost]

TASK [/stigforge/roles/ubuntu22_cis : Set the file_owner_backup_etc_group_newown variable if represented by uid] ***
ok: [localhost]

TASK [/stigforge/roles/ubuntu22_cis : Test for existence /etc/group-] **********
ok: [localhost]

TASK [/stigforge/roles/ubuntu22_cis : Ensure owner on /etc/group-] *************
ok: [localhost]

TASK [/stigforge/roles/ubuntu22_cis : Set the file_owner_backup_etc_gshadow_newown variable if represented by uid] ***
ok: [localhost]

TASK [/stigforge/roles/ubuntu22_cis : Test for existence /etc/gshadow-] ********
ok: [localhost]

TASK [/stigforge/roles/ubuntu22_cis : Ensure owner on /etc/gshadow-] ***********
ok: [localhost]

TASK [/stigforge/roles/ubuntu22_cis : Set the file_owner_backup_etc_passwd_newown variable if represented by uid] ***
ok: [localhost]

TASK [/stigforge/roles/ubuntu22_cis : Test for existence /etc/passwd-] *********
ok: [localhost]

TASK [/stigforge/roles/ubuntu22_cis : Ensure owner on /etc/passwd-] ************
ok: [localhost]

TASK [/stigforge/roles/ubuntu22_cis : Set the file_owner_backup_etc_shadow_newown variable if represented by uid] ***
ok: [localhost]

TASK [/stigforge/roles/ubuntu22_cis : Test for existence /etc/shadow-] *********
ok: [localhost]

TASK [/stigforge/roles/ubuntu22_cis : Ensure owner on /etc/shadow-] ************
skipping: [localhost]

TASK [/stigforge/roles/ubuntu22_cis : Set the file_owner_etc_group_newown variable if represented by uid] ***
ok: [localhost]

TASK [/stigforge/roles/ubuntu22_cis : Test for existence /etc/group] ***********
ok: [localhost]

TASK [/stigforge/roles/ubuntu22_cis : Ensure owner on /etc/group] **************
ok: [localhost]

TASK [/stigforge/roles/ubuntu22_cis : Set the file_owner_etc_gshadow_newown variable if represented by uid] ***
ok: [localhost]

TASK [/stigforge/roles/ubuntu22_cis : Test for existence /etc/gshadow] *********
ok: [localhost]

TASK [/stigforge/roles/ubuntu22_cis : Ensure owner on /etc/gshadow] ************
ok: [localhost]

TASK [/stigforge/roles/ubuntu22_cis : Set the file_owner_etc_passwd_newown variable if represented by uid] ***
ok: [localhost]

TASK [/stigforge/roles/ubuntu22_cis : Test for existence /etc/passwd] **********
ok: [localhost]

TASK [/stigforge/roles/ubuntu22_cis : Ensure owner on /etc/passwd] *************
ok: [localhost]

TASK [/stigforge/roles/ubuntu22_cis : Set the file_owner_etc_shadow_newown variable if represented by uid] ***
ok: [localhost]

TASK [/stigforge/roles/ubuntu22_cis : Test for existence /etc/shadow] **********
ok: [localhost]

TASK [/stigforge/roles/ubuntu22_cis : Ensure owner on /etc/shadow] *************
ok: [localhost]

TASK [/stigforge/roles/ubuntu22_cis : Test for existence /etc/group-] **********
ok: [localhost]

TASK [/stigforge/roles/ubuntu22_cis : Ensure permission u-xs,g-xws,o-xwt on /etc/group-] ***
ok: [localhost]

TASK [/stigforge/roles/ubuntu22_cis : Test for existence /etc/gshadow-] ********
ok: [localhost]

TASK [/stigforge/roles/ubuntu22_cis : Ensure permission u-xs,g-xws,o-xwrt on /etc/gshadow-] ***
ok: [localhost]

TASK [/stigforge/roles/ubuntu22_cis : Test for existence /etc/passwd-] *********
ok: [localhost]

TASK [/stigforge/roles/ubuntu22_cis : Ensure permission u-xs,g-xws,o-xwt on /etc/passwd-] ***
ok: [localhost]

TASK [/stigforge/roles/ubuntu22_cis : Test for existence /etc/shadow-] *********
ok: [localhost]

TASK [/stigforge/roles/ubuntu22_cis : Ensure permission u-xs,g-xws,o-xwrt on /etc/shadow-] ***
skipping: [localhost]

TASK [/stigforge/roles/ubuntu22_cis : Test for existence /etc/group] ***********
ok: [localhost]

TASK [/stigforge/roles/ubuntu22_cis : Ensure permission u-xs,g-xws,o-xwt on /etc/group] ***
ok: [localhost]

TASK [/stigforge/roles/ubuntu22_cis : Test for existence /etc/gshadow] *********
ok: [localhost]

TASK [/stigforge/roles/ubuntu22_cis : Ensure permission u-xs,g-xws,o-xwrt on /etc/gshadow] ***
ok: [localhost]

TASK [/stigforge/roles/ubuntu22_cis : Test for existence /etc/passwd] **********
ok: [localhost]

TASK [/stigforge/roles/ubuntu22_cis : Ensure permission u-xs,g-xws,o-xwt on /etc/passwd] ***
ok: [localhost]

TASK [/stigforge/roles/ubuntu22_cis : Test for existence /etc/shadow] **********
ok: [localhost]

TASK [/stigforge/roles/ubuntu22_cis : Ensure permission u-xs,g-xws,o-xwrt on /etc/shadow] ***
ok: [localhost]

TASK [/stigforge/roles/ubuntu22_cis : Ensure kernel module 'cramfs' is disabled] ***
skipping: [localhost]

TASK [/stigforge/roles/ubuntu22_cis : Ensure kernel module 'cramfs' is blacklisted] ***
skipping: [localhost]

TASK [/stigforge/roles/ubuntu22_cis : Ensure kernel module 'squashfs' is disabled] ***
skipping: [localhost]

TASK [/stigforge/roles/ubuntu22_cis : Ensure kernel module 'squashfs' is blacklisted] ***
skipping: [localhost]

TASK [/stigforge/roles/ubuntu22_cis : Ensure kernel module 'udf' is disabled] ***
skipping: [localhost]

TASK [/stigforge/roles/ubuntu22_cis : Ensure kernel module 'udf' is blacklisted] ***
skipping: [localhost]

TASK [/stigforge/roles/ubuntu22_cis : Ensure kernel module 'usb-storage' is disabled] ***
skipping: [localhost]

TASK [/stigforge/roles/ubuntu22_cis : Ensure kernel module 'usb-storage' is blacklisted] ***
skipping: [localhost]

TASK [/stigforge/roles/ubuntu22_cis : Add nodev Option to /dev/shm: Check information associated to mountpoint] ***
skipping: [localhost]

TASK [/stigforge/roles/ubuntu22_cis : Add nodev Option to /dev/shm: Create mount_info dictionary variable] ***
skipping: [localhost]

TASK [/stigforge/roles/ubuntu22_cis : Add nodev Option to /dev/shm: If /dev/shm not mounted, craft mount_info manually] ***
skipping: [localhost] => (item=['target', '/dev/shm']) 
skipping: [localhost] => (item=['source', 'tmpfs']) 
skipping: [localhost] => (item=['fstype', 'tmpfs']) 
skipping: [localhost] => (item=['options', 'defaults']) 
skipping: [localhost]

TASK [/stigforge/roles/ubuntu22_cis : Add nodev Option to /dev/shm: Make sure nodev option is part of the to /dev/shm options] ***
skipping: [localhost]

TASK [/stigforge/roles/ubuntu22_cis : Add nodev Option to /dev/shm: Ensure /dev/shm is mounted with nodev option] ***
skipping: [localhost]

TASK [/stigforge/roles/ubuntu22_cis : Add noexec Option to /dev/shm: Check information associated to mountpoint] ***
skipping: [localhost]

TASK [/stigforge/roles/ubuntu22_cis : Add noexec Option to /dev/shm: Create mount_info dictionary variable] ***
skipping: [localhost]

TASK [/stigforge/roles/ubuntu22_cis : Add noexec Option to /dev/shm: If /dev/shm not mounted, craft mount_info manually] ***
skipping: [localhost] => (item=['target', '/dev/shm']) 
skipping: [localhost] => (item=['source', 'tmpfs']) 
skipping: [localhost] => (item=['fstype', 'tmpfs']) 
skipping: [localhost] => (item=['options', 'defaults']) 
skipping: [localhost]

TASK [/stigforge/roles/ubuntu22_cis : Add noexec Option to /dev/shm: Make sure noexec option is part of the to /dev/shm options] ***
skipping: [localhost]

TASK [/stigforge/roles/ubuntu22_cis : Add noexec Option to /dev/shm: Ensure /dev/shm is mounted with noexec option] ***
skipping: [localhost]

TASK [/stigforge/roles/ubuntu22_cis : Add nosuid Option to /dev/shm: Check information associated to mountpoint] ***
skipping: [localhost]

TASK [/stigforge/roles/ubuntu22_cis : Add nosuid Option to /dev/shm: Create mount_info dictionary variable] ***
skipping: [localhost]

TASK [/stigforge/roles/ubuntu22_cis : Add nosuid Option to /dev/shm: If /dev/shm not mounted, craft mount_info manually] ***
skipping: [localhost] => (item=['target', '/dev/shm']) 
skipping: [localhost] => (item=['source', 'tmpfs']) 
skipping: [localhost] => (item=['fstype', 'tmpfs']) 
skipping: [localhost] => (item=['options', 'defaults']) 
skipping: [localhost]

TASK [/stigforge/roles/ubuntu22_cis : Add nosuid Option to /dev/shm: Make sure nosuid option is part of the to /dev/shm options] ***
skipping: [localhost]

TASK [/stigforge/roles/ubuntu22_cis : Add nosuid Option to /dev/shm: Ensure /dev/shm is mounted with nosuid option] ***
skipping: [localhost]

TASK [/stigforge/roles/ubuntu22_cis : Add nodev Option to /home: Check information associated to mountpoint] ***
skipping: [localhost]

TASK [/stigforge/roles/ubuntu22_cis : Add nodev Option to /home: Create mount_info dictionary variable] ***
skipping: [localhost]

TASK [/stigforge/roles/ubuntu22_cis : Add nodev Option to /home: If /home not mounted, craft mount_info manually] ***
skipping: [localhost] => (item=['target', '/home']) 
skipping: [localhost] => (item=['source', '']) 
skipping: [localhost] => (item=['fstype', '']) 
skipping: [localhost] => (item=['options', 'defaults']) 
skipping: [localhost]

TASK [/stigforge/roles/ubuntu22_cis : Add nodev Option to /home: Make sure nodev option is part of the to /home options] ***
skipping: [localhost]

TASK [/stigforge/roles/ubuntu22_cis : Add nodev Option to /home: Ensure /home is mounted with nodev option] ***
skipping: [localhost]

TASK [/stigforge/roles/ubuntu22_cis : Add nosuid Option to /home: Check information associated to mountpoint] ***
skipping: [localhost]

TASK [/stigforge/roles/ubuntu22_cis : Add nosuid Option to /home: Create mount_info dictionary variable] ***
skipping: [localhost]

TASK [/stigforge/roles/ubuntu22_cis : Add nosuid Option to /home: If /home not mounted, craft mount_info manually] ***
skipping: [localhost] => (item=['target', '/home']) 
skipping: [localhost] => (item=['source', '']) 
skipping: [localhost] => (item=['fstype', '']) 
skipping: [localhost] => (item=['options', 'defaults']) 
skipping: [localhost]

TASK [/stigforge/roles/ubuntu22_cis : Add nosuid Option to /home: Make sure nosuid option is part of the to /home options] ***
skipping: [localhost]

TASK [/stigforge/roles/ubuntu22_cis : Add nosuid Option to /home: Ensure /home is mounted with nosuid option] ***
skipping: [localhost]

TASK [/stigforge/roles/ubuntu22_cis : Add nodev Option to /tmp: Check information associated to mountpoint] ***
skipping: [localhost]

TASK [/stigforge/roles/ubuntu22_cis : Add nodev Option to /tmp: Create mount_info dictionary variable] ***
skipping: [localhost]

TASK [/stigforge/roles/ubuntu22_cis : Add nodev Option to /tmp: If /tmp not mounted, craft mount_info manually] ***
skipping: [localhost] => (item=['target', '/tmp']) 
skipping: [localhost] => (item=['source', '']) 
skipping: [localhost] => (item=['fstype', '']) 
skipping: [localhost] => (item=['options', 'defaults']) 
skipping: [localhost]

TASK [/stigforge/roles/ubuntu22_cis : Add nodev Option to /tmp: Make sure nodev option is part of the to /tmp options] ***
skipping: [localhost]

TASK [/stigforge/roles/ubuntu22_cis : Add nodev Option to /tmp: Ensure /tmp is mounted with nodev option] ***
skipping: [localhost]

TASK [/stigforge/roles/ubuntu22_cis : Add noexec Option to /tmp: Check information associated to mountpoint] ***
skipping: [localhost]

TASK [/stigforge/roles/ubuntu22_cis : Add noexec Option to /tmp: Create mount_info dictionary variable] ***
skipping: [localhost]

TASK [/stigforge/roles/ubuntu22_cis : Add noexec Option to /tmp: If /tmp not mounted, craft mount_info manually] ***
skipping: [localhost] => (item=['target', '/tmp']) 
skipping: [localhost] => (item=['source', '']) 
skipping: [localhost] => (item=['fstype', '']) 
skipping: [localhost] => (item=['options', 'defaults']) 
skipping: [localhost]

TASK [/stigforge/roles/ubuntu22_cis : Add noexec Option to /tmp: Make sure noexec option is part of the to /tmp options] ***
skipping: [localhost]

TASK [/stigforge/roles/ubuntu22_cis : Add noexec Option to /tmp: Ensure /tmp is mounted with noexec option] ***
skipping: [localhost]

TASK [/stigforge/roles/ubuntu22_cis : Add nosuid Option to /tmp: Check information associated to mountpoint] ***
skipping: [localhost]

TASK [/stigforge/roles/ubuntu22_cis : Add nosuid Option to /tmp: Create mount_info dictionary variable] ***
skipping: [localhost]

TASK [/stigforge/roles/ubuntu22_cis : Add nosuid Option to /tmp: If /tmp not mounted, craft mount_info manually] ***
skipping: [localhost] => (item=['target', '/tmp']) 
skipping: [localhost] => (item=['source', '']) 
skipping: [localhost] => (item=['fstype', '']) 
skipping: [localhost] => (item=['options', 'defaults']) 
skipping: [localhost]

TASK [/stigforge/roles/ubuntu22_cis : Add nosuid Option to /tmp: Make sure nosuid option is part of the to /tmp options] ***
skipping: [localhost]

TASK [/stigforge/roles/ubuntu22_cis : Add nosuid Option to /tmp: Ensure /tmp is mounted with nosuid option] ***
skipping: [localhost]

TASK [/stigforge/roles/ubuntu22_cis : Add nodev Option to /var/log/audit: Check information associated to mountpoint] ***
skipping: [localhost]

TASK [/stigforge/roles/ubuntu22_cis : Add nodev Option to /var/log/audit: Create mount_info dictionary variable] ***
skipping: [localhost]

TASK [/stigforge/roles/ubuntu22_cis : Add nodev Option to /var/log/audit: If /var/log/audit not mounted, craft mount_info manually] ***
skipping: [localhost] => (item=['target', '/var/log/audit']) 
skipping: [localhost] => (item=['source', '']) 
skipping: [localhost] => (item=['fstype', '']) 
skipping: [localhost] => (item=['options', 'defaults']) 
skipping: [localhost]

TASK [/stigforge/roles/ubuntu22_cis : Add nodev Option to /var/log/audit: Make sure nodev option is part of the to /var/log/audit options] ***
skipping: [localhost]

TASK [/stigforge/roles/ubuntu22_cis : Add nodev Option to /var/log/audit: Ensure /var/log/audit is mounted with nodev option] ***
skipping: [localhost]

TASK [/stigforge/roles/ubuntu22_cis : Add noexec Option to /var/log/audit: Check information associated to mountpoint] ***
skipping: [localhost]

TASK [/stigforge/roles/ubuntu22_cis : Add noexec Option to /var/log/audit: Create mount_info dictionary variable] ***
skipping: [localhost]

TASK [/stigforge/roles/ubuntu22_cis : Add noexec Option to /var/log/audit: If /var/log/audit not mounted, craft mount_info manually] ***
skipping: [localhost] => (item=['target', '/var/log/audit']) 
skipping: [localhost] => (item=['source', '']) 
skipping: [localhost] => (item=['fstype', '']) 
skipping: [localhost] => (item=['options', 'defaults']) 
skipping: [localhost]

TASK [/stigforge/roles/ubuntu22_cis : Add noexec Option to /var/log/audit: Make sure noexec option is part of the to /var/log/audit options] ***
skipping: [localhost]

TASK [/stigforge/roles/ubuntu22_cis : Add noexec Option to /var/log/audit: Ensure /var/log/audit is mounted with noexec option] ***
skipping: [localhost]

TASK [/stigforge/roles/ubuntu22_cis : Add nosuid Option to /var/log/audit: Check information associated to mountpoint] ***
skipping: [localhost]

TASK [/stigforge/roles/ubuntu22_cis : Add nosuid Option to /var/log/audit: Create mount_info dictionary variable] ***
skipping: [localhost]

TASK [/stigforge/roles/ubuntu22_cis : Add nosuid Option to /var/log/audit: If /var/log/audit not mounted, craft mount_info manually] ***
skipping: [localhost] => (item=['target', '/var/log/audit']) 
skipping: [localhost] => (item=['source', '']) 
skipping: [localhost] => (item=['fstype', '']) 
skipping: [localhost] => (item=['options', 'defaults']) 
skipping: [localhost]

TASK [/stigforge/roles/ubuntu22_cis : Add nosuid Option to /var/log/audit: Make sure nosuid option is part of the to /var/log/audit options] ***
skipping: [localhost]

TASK [/stigforge/roles/ubuntu22_cis : Add nosuid Option to /var/log/audit: Ensure /var/log/audit is mounted with nosuid option] ***
skipping: [localhost]

TASK [/stigforge/roles/ubuntu22_cis : Add nodev Option to /var/log: Check information associated to mountpoint] ***
skipping: [localhost]

TASK [/stigforge/roles/ubuntu22_cis : Add nodev Option to /var/log: Create mount_info dictionary variable] ***
skipping: [localhost]

TASK [/stigforge/roles/ubuntu22_cis : Add nodev Option to /var/log: If /var/log not mounted, craft mount_info manually] ***
skipping: [localhost] => (item=['target', '/var/log']) 
skipping: [localhost] => (item=['source', '']) 
skipping: [localhost] => (item=['fstype', '']) 
skipping: [localhost] => (item=['options', 'defaults']) 
skipping: [localhost]

TASK [/stigforge/roles/ubuntu22_cis : Add nodev Option to /var/log: Make sure nodev option is part of the to /var/log options] ***
skipping: [localhost]

TASK [/stigforge/roles/ubuntu22_cis : Add nodev Option to /var/log: Ensure /var/log is mounted with nodev option] ***
skipping: [localhost]

TASK [/stigforge/roles/ubuntu22_cis : Add noexec Option to /var/log: Check information associated to mountpoint] ***
skipping: [localhost]

TASK [/stigforge/roles/ubuntu22_cis : Add noexec Option to /var/log: Create mount_info dictionary variable] ***
skipping: [localhost]

TASK [/stigforge/roles/ubuntu22_cis : Add noexec Option to /var/log: If /var/log not mounted, craft mount_info manually] ***
skipping: [localhost] => (item=['target', '/var/log']) 
skipping: [localhost] => (item=['source', '']) 
skipping: [localhost] => (item=['fstype', '']) 
skipping: [localhost] => (item=['options', 'defaults']) 
skipping: [localhost]

TASK [/stigforge/roles/ubuntu22_cis : Add noexec Option to /var/log: Make sure noexec option is part of the to /var/log options] ***
skipping: [localhost]

TASK [/stigforge/roles/ubuntu22_cis : Add noexec Option to /var/log: Ensure /var/log is mounted with noexec option] ***
skipping: [localhost]

TASK [/stigforge/roles/ubuntu22_cis : Add nosuid Option to /var/log: Check information associated to mountpoint] ***
skipping: [localhost]

TASK [/stigforge/roles/ubuntu22_cis : Add nosuid Option to /var/log: Create mount_info dictionary variable] ***
skipping: [localhost]

TASK [/stigforge/roles/ubuntu22_cis : Add nosuid Option to /var/log: If /var/log not mounted, craft mount_info manually] ***
skipping: [localhost] => (item=['target', '/var/log']) 
skipping: [localhost] => (item=['source', '']) 
skipping: [localhost] => (item=['fstype', '']) 
skipping: [localhost] => (item=['options', 'defaults']) 
skipping: [localhost]

TASK [/stigforge/roles/ubuntu22_cis : Add nosuid Option to /var/log: Make sure nosuid option is part of the to /var/log options] ***
skipping: [localhost]

TASK [/stigforge/roles/ubuntu22_cis : Add nosuid Option to /var/log: Ensure /var/log is mounted with nosuid option] ***
skipping: [localhost]

TASK [/stigforge/roles/ubuntu22_cis : Add nodev Option to /var: Check information associated to mountpoint] ***
skipping: [localhost]

TASK [/stigforge/roles/ubuntu22_cis : Add nodev Option to /var: Create mount_info dictionary variable] ***
skipping: [localhost]

TASK [/stigforge/roles/ubuntu22_cis : Add nodev Option to /var: If /var not mounted, craft mount_info manually] ***
skipping: [localhost] => (item=['target', '/var']) 
skipping: [localhost] => (item=['source', '']) 
skipping: [localhost] => (item=['fstype', '']) 
skipping: [localhost] => (item=['options', 'defaults']) 
skipping: [localhost]

TASK [/stigforge/roles/ubuntu22_cis : Add nodev Option to /var: Make sure nodev option is part of the to /var options] ***
skipping: [localhost]

TASK [/stigforge/roles/ubuntu22_cis : Add nodev Option to /var: Ensure /var is mounted with nodev option] ***
skipping: [localhost]

TASK [/stigforge/roles/ubuntu22_cis : Add nosuid Option to /var: Check information associated to mountpoint] ***
skipping: [localhost]

TASK [/stigforge/roles/ubuntu22_cis : Add nosuid Option to /var: Create mount_info dictionary variable] ***
skipping: [localhost]

TASK [/stigforge/roles/ubuntu22_cis : Add nosuid Option to /var: If /var not mounted, craft mount_info manually] ***
skipping: [localhost] => (item=['target', '/var']) 
skipping: [localhost] => (item=['source', '']) 
skipping: [localhost] => (item=['fstype', '']) 
skipping: [localhost] => (item=['options', 'defaults']) 
skipping: [localhost]

TASK [/stigforge/roles/ubuntu22_cis : Add nosuid Option to /var: Make sure nosuid option is part of the to /var options] ***
skipping: [localhost]

TASK [/stigforge/roles/ubuntu22_cis : Add nosuid Option to /var: Ensure /var is mounted with nosuid option] ***
skipping: [localhost]

TASK [/stigforge/roles/ubuntu22_cis : Add nodev Option to /var/tmp: Check information associated to mountpoint] ***
skipping: [localhost]

TASK [/stigforge/roles/ubuntu22_cis : Add nodev Option to /var/tmp: Create mount_info dictionary variable] ***
skipping: [localhost]

TASK [/stigforge/roles/ubuntu22_cis : Add nodev Option to /var/tmp: If /var/tmp not mounted, craft mount_info manually] ***
skipping: [localhost] => (item=['target', '/var/tmp']) 
skipping: [localhost] => (item=['source', '']) 
skipping: [localhost] => (item=['fstype', '']) 
skipping: [localhost] => (item=['options', 'defaults']) 
skipping: [localhost]

TASK [/stigforge/roles/ubuntu22_cis : Add nodev Option to /var/tmp: Make sure nodev option is part of the to /var/tmp options] ***
skipping: [localhost]

TASK [/stigforge/roles/ubuntu22_cis : Add nodev Option to /var/tmp: Ensure /var/tmp is mounted with nodev option] ***
skipping: [localhost]

TASK [/stigforge/roles/ubuntu22_cis : Add noexec Option to /var/tmp: Check information associated to mountpoint] ***
skipping: [localhost]

TASK [/stigforge/roles/ubuntu22_cis : Add noexec Option to /var/tmp: Create mount_info dictionary variable] ***
skipping: [localhost]

TASK [/stigforge/roles/ubuntu22_cis : Add noexec Option to /var/tmp: If /var/tmp not mounted, craft mount_info manually] ***
skipping: [localhost] => (item=['target', '/var/tmp']) 
skipping: [localhost] => (item=['source', '']) 
skipping: [localhost] => (item=['fstype', '']) 
skipping: [localhost] => (item=['options', 'defaults']) 
skipping: [localhost]

TASK [/stigforge/roles/ubuntu22_cis : Add noexec Option to /var/tmp: Make sure noexec option is part of the to /var/tmp options] ***
skipping: [localhost]

TASK [/stigforge/roles/ubuntu22_cis : Add noexec Option to /var/tmp: Ensure /var/tmp is mounted with noexec option] ***
skipping: [localhost]

TASK [/stigforge/roles/ubuntu22_cis : Add nosuid Option to /var/tmp: Check information associated to mountpoint] ***
skipping: [localhost]

TASK [/stigforge/roles/ubuntu22_cis : Add nosuid Option to /var/tmp: Create mount_info dictionary variable] ***
skipping: [localhost]

TASK [/stigforge/roles/ubuntu22_cis : Add nosuid Option to /var/tmp: If /var/tmp not mounted, craft mount_info manually] ***
skipping: [localhost] => (item=['target', '/var/tmp']) 
skipping: [localhost] => (item=['source', '']) 
skipping: [localhost] => (item=['fstype', '']) 
skipping: [localhost] => (item=['options', 'defaults']) 
skipping: [localhost]

TASK [/stigforge/roles/ubuntu22_cis : Add nosuid Option to /var/tmp: Make sure nosuid option is part of the to /var/tmp options] ***
skipping: [localhost]

TASK [/stigforge/roles/ubuntu22_cis : Add nosuid Option to /var/tmp: Ensure /var/tmp is mounted with nosuid option] ***
skipping: [localhost]

TASK [/stigforge/roles/ubuntu22_cis : Disable Core Dumps for All Users - Set dirs, files and regex variables] ***
ok: [localhost]

TASK [/stigforge/roles/ubuntu22_cis : Disable Core Dumps for All Users - Find valid drop-ins for core limit] ***
ok: [localhost]

TASK [/stigforge/roles/ubuntu22_cis : Disable Core Dumps for All Users - Find all drop-ins with any core limit] ***
ok: [localhost]

TASK [/stigforge/roles/ubuntu22_cis : Disable Core Dumps for All Users - Get invalid drop-ins] ***
ok: [localhost]

TASK [/stigforge/roles/ubuntu22_cis : Disable Core Dumps for All Users - Comment invalid * hard core lines in drop-ins] ***
skipping: [localhost]

TASK [/stigforge/roles/ubuntu22_cis : Disable Core Dumps for All Users - Check if main limits.conf contains correct core limit] ***
ok: [localhost]

TASK [/stigforge/roles/ubuntu22_cis : Disable Core Dumps for All Users - Set fact if configuration is valid] ***
ok: [localhost]

TASK [/stigforge/roles/ubuntu22_cis : Disable Core Dumps for All Users - Ensure drop-in directory exists] ***
ok: [localhost]

TASK [/stigforge/roles/ubuntu22_cis : Disable Core Dumps for All Users - Deploy 10-ssg-hardening.conf drop-in with correct core limit] ***
changed: [localhost]

TASK [/stigforge/roles/ubuntu22_cis : List /etc/sysctl.d/*.conf files] *********
skipping: [localhost]

TASK [/stigforge/roles/ubuntu22_cis : Comment out any occurrences of fs.suid_dumpable from config files] ***
skipping: [localhost]

TASK [/stigforge/roles/ubuntu22_cis : Comment out any occurrences of fs.suid_dumpable from /etc/ufw/sysctl.conf] ***
skipping: [localhost]

TASK [/stigforge/roles/ubuntu22_cis : Ensure sysctl fs.suid_dumpable is set to 0] ***
skipping: [localhost]

TASK [/stigforge/roles/ubuntu22_cis : List /etc/sysctl.d/*.conf files] *********
skipping: [localhost]

TASK [/stigforge/roles/ubuntu22_cis : Comment out any occurrences of kernel.randomize_va_space from config files] ***
skipping: [localhost]

TASK [/stigforge/roles/ubuntu22_cis : Comment out any occurrences of kernel.randomize_va_space from /etc/ufw/sysctl.conf] ***
skipping: [localhost]

TASK [/stigforge/roles/ubuntu22_cis : Ensure sysctl kernel.randomize_va_space is set to 2] ***
skipping: [localhost]

TASK [/stigforge/roles/ubuntu22_cis : Set the file_groupowner_cron_d_newgroup variable if represented by gid] ***
skipping: [localhost]

TASK [/stigforge/roles/ubuntu22_cis : Ensure group owner on /etc/cron.d/] ******
skipping: [localhost]

TASK [/stigforge/roles/ubuntu22_cis : Set the file_groupowner_cron_daily_newgroup variable if represented by gid] ***
skipping: [localhost]

TASK [/stigforge/roles/ubuntu22_cis : Ensure group owner on /etc/cron.daily/] ***
skipping: [localhost]

TASK [/stigforge/roles/ubuntu22_cis : Set the file_groupowner_cron_hourly_newgroup variable if represented by gid] ***
skipping: [localhost]

TASK [/stigforge/roles/ubuntu22_cis : Ensure group owner on /etc/cron.hourly/] ***
skipping: [localhost]

TASK [/stigforge/roles/ubuntu22_cis : Set the file_groupowner_cron_monthly_newgroup variable if represented by gid] ***
skipping: [localhost]

TASK [/stigforge/roles/ubuntu22_cis : Ensure group owner on /etc/cron.monthly/] ***
skipping: [localhost]

TASK [/stigforge/roles/ubuntu22_cis : Set the file_groupowner_cron_weekly_newgroup variable if represented by gid] ***
skipping: [localhost]

TASK [/stigforge/roles/ubuntu22_cis : Ensure group owner on /etc/cron.weekly/] ***
skipping: [localhost]

TASK [/stigforge/roles/ubuntu22_cis : Set the file_groupowner_crontab_newgroup variable if represented by gid] ***
skipping: [localhost]

TASK [/stigforge/roles/ubuntu22_cis : Test for existence /etc/crontab] *********
skipping: [localhost]

TASK [/stigforge/roles/ubuntu22_cis : Ensure group owner on /etc/crontab] ******
skipping: [localhost]

TASK [/stigforge/roles/ubuntu22_cis : Set the file_owner_cron_d_newown variable if represented by uid] ***
skipping: [localhost]

TASK [/stigforge/roles/ubuntu22_cis : Ensure owner on directory /etc/cron.d/] ***
skipping: [localhost]

TASK [/stigforge/roles/ubuntu22_cis : Set the file_owner_cron_daily_newown variable if represented by uid] ***
skipping: [localhost]

TASK [/stigforge/roles/ubuntu22_cis : Ensure owner on directory /etc/cron.daily/] ***
skipping: [localhost]

TASK [/stigforge/roles/ubuntu22_cis : Set the file_owner_cron_hourly_newown variable if represented by uid] ***
skipping: [localhost]

TASK [/stigforge/roles/ubuntu22_cis : Ensure owner on directory /etc/cron.hourly/] ***
skipping: [localhost]

TASK [/stigforge/roles/ubuntu22_cis : Set the file_owner_cron_monthly_newown variable if represented by uid] ***
skipping: [localhost]

TASK [/stigforge/roles/ubuntu22_cis : Ensure owner on directory /etc/cron.monthly/] ***
skipping: [localhost]

TASK [/stigforge/roles/ubuntu22_cis : Set the file_owner_cron_weekly_newown variable if represented by uid] ***
skipping: [localhost]

TASK [/stigforge/roles/ubuntu22_cis : Ensure owner on directory /etc/cron.weekly/] ***
skipping: [localhost]

TASK [/stigforge/roles/ubuntu22_cis : Set the file_owner_crontab_newown variable if represented by uid] ***
skipping: [localhost]

TASK [/stigforge/roles/ubuntu22_cis : Test for existence /etc/crontab] *********
skipping: [localhost]

TASK [/stigforge/roles/ubuntu22_cis : Ensure owner on /etc/crontab] ************
skipping: [localhost]

TASK [/stigforge/roles/ubuntu22_cis : Find /etc/cron.d/ file(s)] ***************
skipping: [localhost]

TASK [/stigforge/roles/ubuntu22_cis : Set permissions for /etc/cron.d/ file(s)] ***
skipping: [localhost]

TASK [/stigforge/roles/ubuntu22_cis : Find /etc/cron.daily/ file(s)] ***********
skipping: [localhost]

TASK [/stigforge/roles/ubuntu22_cis : Set permissions for /etc/cron.daily/ file(s)] ***
skipping: [localhost]

TASK [/stigforge/roles/ubuntu22_cis : Find /etc/cron.hourly/ file(s)] **********
skipping: [localhost]

TASK [/stigforge/roles/ubuntu22_cis : Set permissions for /etc/cron.hourly/ file(s)] ***
skipping: [localhost]

TASK [/stigforge/roles/ubuntu22_cis : Find /etc/cron.monthly/ file(s)] *********
skipping: [localhost]

TASK [/stigforge/roles/ubuntu22_cis : Set permissions for /etc/cron.monthly/ file(s)] ***
skipping: [localhost]

TASK [/stigforge/roles/ubuntu22_cis : Find /etc/cron.weekly/ file(s)] **********
skipping: [localhost]

TASK [/stigforge/roles/ubuntu22_cis : Set permissions for /etc/cron.weekly/ file(s)] ***
skipping: [localhost]

TASK [/stigforge/roles/ubuntu22_cis : Test for existence /etc/crontab] *********
skipping: [localhost]

TASK [/stigforge/roles/ubuntu22_cis : Ensure permission u-xs,g-xwrs,o-xwrt on /etc/crontab] ***
skipping: [localhost]

TASK [/stigforge/roles/ubuntu22_cis : Remove /etc/at.deny] *********************
skipping: [localhost]

TASK [/stigforge/roles/ubuntu22_cis : Remove /etc/cron.deny] *******************
skipping: [localhost]

TASK [/stigforge/roles/ubuntu22_cis : Set the file_groupowner_at_allow_newgroup variable if represented by gid] ***
skipping: [localhost]

TASK [/stigforge/roles/ubuntu22_cis : Test for existence /etc/at.allow] ********
skipping: [localhost]

TASK [/stigforge/roles/ubuntu22_cis : Ensure group owner on /etc/at.allow] *****
skipping: [localhost]

TASK [/stigforge/roles/ubuntu22_cis : Check that the crontab group is defined] ***
skipping: [localhost]

TASK [/stigforge/roles/ubuntu22_cis : Set the file_groupowner_cron_allow_newgroup variable if crontab found] ***
skipping: [localhost]

TASK [/stigforge/roles/ubuntu22_cis : Test for existence /etc/cron.allow] ******
skipping: [localhost]

TASK [/stigforge/roles/ubuntu22_cis : Ensure group owner on /etc/cron.allow] ***
skipping: [localhost]

TASK [/stigforge/roles/ubuntu22_cis : Set the file_owner_at_allow_newown variable if represented by uid] ***
skipping: [localhost]

TASK [/stigforge/roles/ubuntu22_cis : Test for existence /etc/at.allow] ********
skipping: [localhost]

TASK [/stigforge/roles/ubuntu22_cis : Ensure owner on /etc/at.allow] ***********
skipping: [localhost]

TASK [/stigforge/roles/ubuntu22_cis : Set the file_owner_cron_allow_newown variable if represented by uid] ***
skipping: [localhost]

TASK [/stigforge/roles/ubuntu22_cis : Test for existence /etc/cron.allow] ******
skipping: [localhost]

TASK [/stigforge/roles/ubuntu22_cis : Ensure owner on /etc/cron.allow] *********
skipping: [localhost]

TASK [/stigforge/roles/ubuntu22_cis : Test for existence /etc/at.allow] ********
skipping: [localhost]

TASK [/stigforge/roles/ubuntu22_cis : Ensure permission u-xs,g-xws,o-xwrt on /etc/at.allow] ***
skipping: [localhost]

TASK [/stigforge/roles/ubuntu22_cis : Test for existence /etc/cron.allow] ******
skipping: [localhost]

TASK [/stigforge/roles/ubuntu22_cis : Ensure permission u-xs,g-xws,o-xwrt on /etc/cron.allow] ***
skipping: [localhost]

TASK [/stigforge/roles/ubuntu22_cis : Set the file_groupowner_sshd_config_newgroup variable if represented by gid] ***
skipping: [localhost]

TASK [/stigforge/roles/ubuntu22_cis : Test for existence /etc/ssh/sshd_config] ***
skipping: [localhost]

TASK [/stigforge/roles/ubuntu22_cis : Ensure group owner on /etc/ssh/sshd_config] ***
skipping: [localhost]

TASK [/stigforge/roles/ubuntu22_cis : Set the file_owner_sshd_config_newown variable if represented by uid] ***
skipping: [localhost]

TASK [/stigforge/roles/ubuntu22_cis : Test for existence /etc/ssh/sshd_config] ***
skipping: [localhost]

TASK [/stigforge/roles/ubuntu22_cis : Ensure owner on /etc/ssh/sshd_config] ****
skipping: [localhost]

TASK [/stigforge/roles/ubuntu22_cis : Test for existence /etc/ssh/sshd_config] ***
skipping: [localhost]

TASK [/stigforge/roles/ubuntu22_cis : Ensure permission u-xs,g-xwrs,o-xwrt on /etc/ssh/sshd_config] ***
skipping: [localhost]

TASK [/stigforge/roles/ubuntu22_cis : Find root:root-owned keys] ***************
skipping: [localhost]

TASK [/stigforge/roles/ubuntu22_cis : Set permissions for root:root-owned keys] ***
skipping: [localhost]

TASK [/stigforge/roles/ubuntu22_cis : Find /etc/ssh/ file(s)] ******************
skipping: [localhost]

TASK [/stigforge/roles/ubuntu22_cis : Set permissions for /etc/ssh/ file(s)] ***
skipping: [localhost]

TASK [/stigforge/roles/ubuntu22_cis : Deduplicate values from /etc/ssh/sshd_config] ***
skipping: [localhost]

TASK [/stigforge/roles/ubuntu22_cis : Check if /etc/ssh/sshd_config.d exists] ***
skipping: [localhost]

TASK [/stigforge/roles/ubuntu22_cis : Check if the parameter ClientAliveCountMax is present in /etc/ssh/sshd_config.d] ***
skipping: [localhost]

TASK [/stigforge/roles/ubuntu22_cis : Remove parameter from files in /etc/ssh/sshd_config.d] ***
skipping: [localhost]

TASK [/stigforge/roles/ubuntu22_cis : Insert correct line to /etc/ssh/sshd_config.d/00-complianceascode-hardening.conf] ***
skipping: [localhost]

TASK [/stigforge/roles/ubuntu22_cis : Set SSH Client Alive Count Max - set file mode for /etc/ssh/sshd_config.d/00-complianceascode-hardening.conf] ***
skipping: [localhost]

TASK [/stigforge/roles/ubuntu22_cis : Deduplicate values from /etc/ssh/sshd_config] ***
skipping: [localhost]

TASK [/stigforge/roles/ubuntu22_cis : Check if /etc/ssh/sshd_config.d exists] ***
skipping: [localhost]

TASK [/stigforge/roles/ubuntu22_cis : Check if the parameter ClientAliveInterval is present in /etc/ssh/sshd_config.d] ***
skipping: [localhost]

TASK [/stigforge/roles/ubuntu22_cis : Remove parameter from files in /etc/ssh/sshd_config.d] ***
skipping: [localhost]

TASK [/stigforge/roles/ubuntu22_cis : Insert correct line to /etc/ssh/sshd_config.d/00-complianceascode-hardening.conf] ***
skipping: [localhost]

TASK [/stigforge/roles/ubuntu22_cis : Set SSH Client Alive Interval - set file mode for /etc/ssh/sshd_config.d/00-complianceascode-hardening.conf] ***
skipping: [localhost]

TASK [/stigforge/roles/ubuntu22_cis : Deduplicate values from /etc/ssh/sshd_config] ***
skipping: [localhost]

TASK [/stigforge/roles/ubuntu22_cis : Check if /etc/ssh/sshd_config.d exists] ***
skipping: [localhost]

TASK [/stigforge/roles/ubuntu22_cis : Check if the parameter HostbasedAuthentication is present in /etc/ssh/sshd_config.d] ***
skipping: [localhost]

TASK [/stigforge/roles/ubuntu22_cis : Remove parameter from files in /etc/ssh/sshd_config.d] ***
skipping: [localhost]

TASK [/stigforge/roles/ubuntu22_cis : Insert correct line to /etc/ssh/sshd_config.d/01-complianceascode-reinforce-os-defaults.conf] ***
skipping: [localhost]

TASK [/stigforge/roles/ubuntu22_cis : Disable Host-Based Authentication - set file mode for /etc/ssh/sshd_config.d/01-complianceascode-reinforce-os-defaults.conf] ***
skipping: [localhost]

TASK [/stigforge/roles/ubuntu22_cis : Deduplicate values from /etc/ssh/sshd_config] ***
skipping: [localhost]

TASK [/stigforge/roles/ubuntu22_cis : Check if /etc/ssh/sshd_config.d exists] ***
skipping: [localhost]

TASK [/stigforge/roles/ubuntu22_cis : Check if the parameter PermitEmptyPasswords is present in /etc/ssh/sshd_config.d] ***
skipping: [localhost]

TASK [/stigforge/roles/ubuntu22_cis : Remove parameter from files in /etc/ssh/sshd_config.d] ***
skipping: [localhost]

TASK [/stigforge/roles/ubuntu22_cis : Insert correct line to /etc/ssh/sshd_config.d/01-complianceascode-reinforce-os-defaults.conf] ***
skipping: [localhost]

TASK [/stigforge/roles/ubuntu22_cis : Disable SSH Access via Empty Passwords - set file mode for /etc/ssh/sshd_config.d/01-complianceascode-reinforce-os-defaults.conf] ***
skipping: [localhost]

TASK [/stigforge/roles/ubuntu22_cis : Deduplicate values from /etc/ssh/sshd_config] ***
skipping: [localhost]

TASK [/stigforge/roles/ubuntu22_cis : Check if /etc/ssh/sshd_config.d exists] ***
skipping: [localhost]

TASK [/stigforge/roles/ubuntu22_cis : Check if the parameter IgnoreRhosts is present in /etc/ssh/sshd_config.d] ***
skipping: [localhost]

TASK [/stigforge/roles/ubuntu22_cis : Remove parameter from files in /etc/ssh/sshd_config.d] ***
skipping: [localhost]

TASK [/stigforge/roles/ubuntu22_cis : Insert correct line to /etc/ssh/sshd_config.d/01-complianceascode-reinforce-os-defaults.conf] ***
skipping: [localhost]

TASK [/stigforge/roles/ubuntu22_cis : Disable SSH Support for .rhosts Files - set file mode for /etc/ssh/sshd_config.d/01-complianceascode-reinforce-os-defaults.conf] ***
skipping: [localhost]

TASK [/stigforge/roles/ubuntu22_cis : Deduplicate values from /etc/ssh/sshd_config] ***
skipping: [localhost]

TASK [/stigforge/roles/ubuntu22_cis : Check if /etc/ssh/sshd_config.d exists] ***
skipping: [localhost]

TASK [/stigforge/roles/ubuntu22_cis : Check if the parameter PermitRootLogin is present in /etc/ssh/sshd_config.d] ***
skipping: [localhost]

TASK [/stigforge/roles/ubuntu22_cis : Remove parameter from files in /etc/ssh/sshd_config.d] ***
skipping: [localhost]

TASK [/stigforge/roles/ubuntu22_cis : Insert correct line to /etc/ssh/sshd_config.d/00-complianceascode-hardening.conf] ***
skipping: [localhost]

TASK [/stigforge/roles/ubuntu22_cis : Disable SSH Root Login - set file mode for /etc/ssh/sshd_config.d/00-complianceascode-hardening.conf] ***
skipping: [localhost]

TASK [/stigforge/roles/ubuntu22_cis : Deduplicate values from /etc/ssh/sshd_config] ***
skipping: [localhost]

TASK [/stigforge/roles/ubuntu22_cis : Check if /etc/ssh/sshd_config.d exists] ***
skipping: [localhost]

TASK [/stigforge/roles/ubuntu22_cis : Check if the parameter AllowTcpForwarding is present in /etc/ssh/sshd_config.d] ***
skipping: [localhost]

TASK [/stigforge/roles/ubuntu22_cis : Remove parameter from files in /etc/ssh/sshd_config.d] ***
skipping: [localhost]

TASK [/stigforge/roles/ubuntu22_cis : Insert correct line to /etc/ssh/sshd_config.d/00-complianceascode-hardening.conf] ***
skipping: [localhost]

TASK [/stigforge/roles/ubuntu22_cis : Disable SSH TCP Forwarding - set file mode for /etc/ssh/sshd_config.d/00-complianceascode-hardening.conf] ***
skipping: [localhost]

TASK [/stigforge/roles/ubuntu22_cis : Deduplicate values from /etc/ssh/sshd_config] ***
skipping: [localhost]

TASK [/stigforge/roles/ubuntu22_cis : Check if /etc/ssh/sshd_config.d exists] ***
skipping: [localhost]

TASK [/stigforge/roles/ubuntu22_cis : Check if the parameter X11Forwarding is present in /etc/ssh/sshd_config.d] ***
skipping: [localhost]

TASK [/stigforge/roles/ubuntu22_cis : Remove parameter from files in /etc/ssh/sshd_config.d] ***
skipping: [localhost]

TASK [/stigforge/roles/ubuntu22_cis : Insert correct line to /etc/ssh/sshd_config.d/01-complianceascode-reinforce-os-defaults.conf] ***
skipping: [localhost]

TASK [/stigforge/roles/ubuntu22_cis : Disable X11 Forwarding - set file mode for /etc/ssh/sshd_config.d/01-complianceascode-reinforce-os-defaults.conf] ***
skipping: [localhost]

TASK [/stigforge/roles/ubuntu22_cis : Deduplicate values from /etc/ssh/sshd_config] ***
skipping: [localhost]

TASK [/stigforge/roles/ubuntu22_cis : Check if /etc/ssh/sshd_config.d exists] ***
skipping: [localhost]

TASK [/stigforge/roles/ubuntu22_cis : Check if the parameter PermitUserEnvironment is present in /etc/ssh/sshd_config.d] ***
skipping: [localhost]

TASK [/stigforge/roles/ubuntu22_cis : Remove parameter from files in /etc/ssh/sshd_config.d] ***
skipping: [localhost]

TASK [/stigforge/roles/ubuntu22_cis : Insert correct line to /etc/ssh/sshd_config.d/01-complianceascode-reinforce-os-defaults.conf] ***
skipping: [localhost]

TASK [/stigforge/roles/ubuntu22_cis : Do Not Allow SSH Environment Options - set file mode for /etc/ssh/sshd_config.d/01-complianceascode-reinforce-os-defaults.conf] ***
skipping: [localhost]

TASK [/stigforge/roles/ubuntu22_cis : Deduplicate values from /etc/ssh/sshd_config] ***
skipping: [localhost]

TASK [/stigforge/roles/ubuntu22_cis : Check if /etc/ssh/sshd_config.d exists] ***
skipping: [localhost]

TASK [/stigforge/roles/ubuntu22_cis : Check if the parameter UsePAM is present in /etc/ssh/sshd_config.d] ***
skipping: [localhost]

TASK [/stigforge/roles/ubuntu22_cis : Remove parameter from files in /etc/ssh/sshd_config.d] ***
skipping: [localhost]

TASK [/stigforge/roles/ubuntu22_cis : Insert correct line to /etc/ssh/sshd_config.d/00-complianceascode-hardening.conf] ***
skipping: [localhost]

TASK [/stigforge/roles/ubuntu22_cis : Enable PAM - set file mode for /etc/ssh/sshd_config.d/00-complianceascode-hardening.conf] ***
skipping: [localhost]

TASK [/stigforge/roles/ubuntu22_cis : Deduplicate values from /etc/ssh/sshd_config] ***
skipping: [localhost]

TASK [/stigforge/roles/ubuntu22_cis : Check if /etc/ssh/sshd_config.d exists] ***
skipping: [localhost]

TASK [/stigforge/roles/ubuntu22_cis : Check if the parameter Banner is present in /etc/ssh/sshd_config.d] ***
skipping: [localhost]

TASK [/stigforge/roles/ubuntu22_cis : Remove parameter from files in /etc/ssh/sshd_config.d] ***
skipping: [localhost]

TASK [/stigforge/roles/ubuntu22_cis : Insert correct line to /etc/ssh/sshd_config.d/00-complianceascode-hardening.conf] ***
skipping: [localhost]

TASK [/stigforge/roles/ubuntu22_cis : Enable SSH Warning Banner - set file mode for /etc/ssh/sshd_config.d/00-complianceascode-hardening.conf] ***
skipping: [localhost]

TASK [/stigforge/roles/ubuntu22_cis : Deduplicate values from /etc/ssh/sshd_config] ***
skipping: [localhost]

TASK [/stigforge/roles/ubuntu22_cis : Check if /etc/ssh/sshd_config.d exists] ***
skipping: [localhost]

TASK [/stigforge/roles/ubuntu22_cis : Check if the parameter LoginGraceTime is present in /etc/ssh/sshd_config.d] ***
skipping: [localhost]

TASK [/stigforge/roles/ubuntu22_cis : Remove parameter from files in /etc/ssh/sshd_config.d] ***
skipping: [localhost]

TASK [/stigforge/roles/ubuntu22_cis : Insert correct line to /etc/ssh/sshd_config.d/00-complianceascode-hardening.conf] ***
skipping: [localhost]

TASK [/stigforge/roles/ubuntu22_cis : Ensure SSH LoginGraceTime is configured - set file mode for /etc/ssh/sshd_config.d/00-complianceascode-hardening.conf] ***
skipping: [localhost]

TASK [/stigforge/roles/ubuntu22_cis : Deduplicate values from /etc/ssh/sshd_config] ***
skipping: [localhost]

TASK [/stigforge/roles/ubuntu22_cis : Check if /etc/ssh/sshd_config.d exists] ***
skipping: [localhost]

TASK [/stigforge/roles/ubuntu22_cis : Check if the parameter LogLevel is present in /etc/ssh/sshd_config.d] ***
skipping: [localhost]

TASK [/stigforge/roles/ubuntu22_cis : Remove parameter from files in /etc/ssh/sshd_config.d] ***
skipping: [localhost]

TASK [/stigforge/roles/ubuntu22_cis : Insert correct line to /etc/ssh/sshd_config.d/01-complianceascode-reinforce-os-defaults.conf] ***
skipping: [localhost]

TASK [/stigforge/roles/ubuntu22_cis : Set LogLevel to INFO - set file mode for /etc/ssh/sshd_config.d/01-complianceascode-reinforce-os-defaults.conf] ***
skipping: [localhost]

TASK [/stigforge/roles/ubuntu22_cis : Deduplicate values from /etc/ssh/sshd_config] ***
skipping: [localhost]

TASK [/stigforge/roles/ubuntu22_cis : Check if /etc/ssh/sshd_config.d exists] ***
skipping: [localhost]

TASK [/stigforge/roles/ubuntu22_cis : Check if the parameter MaxAuthTries is present in /etc/ssh/sshd_config.d] ***
skipping: [localhost]

TASK [/stigforge/roles/ubuntu22_cis : Remove parameter from files in /etc/ssh/sshd_config.d] ***
skipping: [localhost]

TASK [/stigforge/roles/ubuntu22_cis : Insert correct line to /etc/ssh/sshd_config.d/00-complianceascode-hardening.conf] ***
skipping: [localhost]

TASK [/stigforge/roles/ubuntu22_cis : Set SSH authentication attempt limit - set file mode for /etc/ssh/sshd_config.d/00-complianceascode-hardening.conf] ***
skipping: [localhost]

TASK [/stigforge/roles/ubuntu22_cis : Deduplicate values from /etc/ssh/sshd_config] ***
skipping: [localhost]

TASK [/stigforge/roles/ubuntu22_cis : Check if /etc/ssh/sshd_config.d exists] ***
skipping: [localhost]

TASK [/stigforge/roles/ubuntu22_cis : Check if the parameter MaxSessions is present in /etc/ssh/sshd_config.d] ***
skipping: [localhost]

TASK [/stigforge/roles/ubuntu22_cis : Remove parameter from files in /etc/ssh/sshd_config.d] ***
skipping: [localhost]

TASK [/stigforge/roles/ubuntu22_cis : Insert correct line to /etc/ssh/sshd_config.d/00-complianceascode-hardening.conf] ***
skipping: [localhost]

TASK [/stigforge/roles/ubuntu22_cis : Set SSH MaxSessions limit - set file mode for /etc/ssh/sshd_config.d/00-complianceascode-hardening.conf] ***
skipping: [localhost]

TASK [/stigforge/roles/ubuntu22_cis : Deduplicate values from /etc/ssh/sshd_config] ***
skipping: [localhost]

TASK [/stigforge/roles/ubuntu22_cis : Check if /etc/ssh/sshd_config.d exists] ***
skipping: [localhost]

TASK [/stigforge/roles/ubuntu22_cis : Check if the parameter MaxStartups is present in /etc/ssh/sshd_config.d] ***
skipping: [localhost]

TASK [/stigforge/roles/ubuntu22_cis : Remove parameter from files in /etc/ssh/sshd_config.d] ***
skipping: [localhost]

TASK [/stigforge/roles/ubuntu22_cis : Insert correct line to /etc/ssh/sshd_config.d/00-complianceascode-hardening.conf] ***
skipping: [localhost]

TASK [/stigforge/roles/ubuntu22_cis : Ensure SSH MaxStartups is configured - set file mode for /etc/ssh/sshd_config.d/00-complianceascode-hardening.conf] ***
skipping: [localhost]

TASK [/stigforge/roles/ubuntu22_cis : Deduplicate values from /etc/ssh/sshd_config] ***
skipping: [localhost]

TASK [/stigforge/roles/ubuntu22_cis : Check if /etc/ssh/sshd_config.d exists] ***
skipping: [localhost]

TASK [/stigforge/roles/ubuntu22_cis : Check if the parameter KexAlgorithms is present in /etc/ssh/sshd_config.d] ***
skipping: [localhost]

TASK [/stigforge/roles/ubuntu22_cis : Remove parameter from files in /etc/ssh/sshd_config.d] ***
skipping: [localhost]

TASK [/stigforge/roles/ubuntu22_cis : Insert correct line to /etc/ssh/sshd_config.d/00-complianceascode-hardening.conf] ***
skipping: [localhost]

TASK [/stigforge/roles/ubuntu22_cis : Use Only Strong Key Exchange algorithms - set file mode for /etc/ssh/sshd_config.d/00-complianceascode-hardening.conf] ***
skipping: [localhost]

TASK [/stigforge/roles/ubuntu22_cis : Deduplicate values from /etc/ssh/sshd_config] ***
skipping: [localhost]

TASK [/stigforge/roles/ubuntu22_cis : Check if /etc/ssh/sshd_config.d exists] ***
skipping: [localhost]

TASK [/stigforge/roles/ubuntu22_cis : Check if the parameter MACs is present in /etc/ssh/sshd_config.d] ***
skipping: [localhost]

TASK [/stigforge/roles/ubuntu22_cis : Remove parameter from files in /etc/ssh/sshd_config.d] ***
skipping: [localhost]

TASK [/stigforge/roles/ubuntu22_cis : Insert correct line to /etc/ssh/sshd_config.d/00-complianceascode-hardening.conf] ***
skipping: [localhost]

TASK [/stigforge/roles/ubuntu22_cis : Use Only Strong MACs - set file mode for /etc/ssh/sshd_config.d/00-complianceascode-hardening.conf] ***
skipping: [localhost]

TASK [/stigforge/roles/ubuntu22_cis : Collect all files from /etc/audit/rules.d with .rules extension] ***
skipping: [localhost]

TASK [/stigforge/roles/ubuntu22_cis : Remove the -e option from all Audit config files] ***
skipping: [localhost]

TASK [/stigforge/roles/ubuntu22_cis : Add Audit -e option into /etc/audit/rules.d/immutable.rules and /etc/audit/audit.rules] ***
skipping: [localhost] => (item=/etc/audit/audit.rules) 
skipping: [localhost] => (item=/etc/audit/rules.d/immutable.rules) 
skipping: [localhost]

TASK [/stigforge/roles/ubuntu22_cis : Set architecture for audit mount tasks] ***
skipping: [localhost]

TASK [/stigforge/roles/ubuntu22_cis : Declare list of syscalls] ****************
skipping: [localhost]

TASK [/stigforge/roles/ubuntu22_cis : Check existence of mount in /etc/audit/rules.d/] ***
skipping: [localhost]

TASK [/stigforge/roles/ubuntu22_cis : Reset syscalls found per file] ***********
skipping: [localhost]

TASK [/stigforge/roles/ubuntu22_cis : Declare syscalls found per file] *********
skipping: [localhost]

TASK [/stigforge/roles/ubuntu22_cis : Declare files where syscalls were found] ***
skipping: [localhost]

TASK [/stigforge/roles/ubuntu22_cis : Count occurrences of syscalls in paths] ***
skipping: [localhost]

TASK [/stigforge/roles/ubuntu22_cis : Get path with most syscalls] *************
skipping: [localhost]

TASK [/stigforge/roles/ubuntu22_cis : No file with syscall found, set path to /etc/audit/rules.d/export.rules] ***
skipping: [localhost]

TASK [/stigforge/roles/ubuntu22_cis : Declare found syscalls] ******************
skipping: [localhost]

TASK [/stigforge/roles/ubuntu22_cis : Declare missing syscalls] ****************
skipping: [localhost]

TASK [/stigforge/roles/ubuntu22_cis : Replace the audit rule in {{ audit_file }}] ***
skipping: [localhost]

TASK [/stigforge/roles/ubuntu22_cis : Add the audit rule to {{ audit_file }}] ***
skipping: [localhost]

TASK [/stigforge/roles/ubuntu22_cis : Declare list of syscalls] ****************
skipping: [localhost]

TASK [/stigforge/roles/ubuntu22_cis : Check existence of mount in /etc/audit/audit.rules] ***
skipping: [localhost]

TASK [/stigforge/roles/ubuntu22_cis : Set path to /etc/audit/audit.rules] ******
skipping: [localhost]

TASK [/stigforge/roles/ubuntu22_cis : Declare found syscalls] ******************
skipping: [localhost]

TASK [/stigforge/roles/ubuntu22_cis : Declare missing syscalls] ****************
skipping: [localhost]

TASK [/stigforge/roles/ubuntu22_cis : Replace the audit rule in {{ audit_file }}] ***
skipping: [localhost]

TASK [/stigforge/roles/ubuntu22_cis : Add the audit rule to {{ audit_file }}] ***
skipping: [localhost]

TASK [/stigforge/roles/ubuntu22_cis : Declare list of syscalls] ****************
skipping: [localhost]

TASK [/stigforge/roles/ubuntu22_cis : Check existence of mount in /etc/audit/rules.d/] ***
skipping: [localhost]

TASK [/stigforge/roles/ubuntu22_cis : Reset syscalls found per file] ***********
skipping: [localhost]

TASK [/stigforge/roles/ubuntu22_cis : Declare syscalls found per file] *********
skipping: [localhost]

TASK [/stigforge/roles/ubuntu22_cis : Declare files where syscalls were found] ***
skipping: [localhost]

TASK [/stigforge/roles/ubuntu22_cis : Count occurrences of syscalls in paths] ***
skipping: [localhost]

TASK [/stigforge/roles/ubuntu22_cis : Get path with most syscalls] *************
skipping: [localhost]

TASK [/stigforge/roles/ubuntu22_cis : No file with syscall found, set path to /etc/audit/rules.d/export.rules] ***
skipping: [localhost]

TASK [/stigforge/roles/ubuntu22_cis : Declare found syscalls] ******************
skipping: [localhost]

TASK [/stigforge/roles/ubuntu22_cis : Declare missing syscalls] ****************
skipping: [localhost]

TASK [/stigforge/roles/ubuntu22_cis : Replace the audit rule in {{ audit_file }}] ***
skipping: [localhost]

TASK [/stigforge/roles/ubuntu22_cis : Add the audit rule to {{ audit_file }}] ***
skipping: [localhost]

TASK [/stigforge/roles/ubuntu22_cis : Declare list of syscalls] ****************
skipping: [localhost]

TASK [/stigforge/roles/ubuntu22_cis : Check existence of mount in /etc/audit/audit.rules] ***
skipping: [localhost]

TASK [/stigforge/roles/ubuntu22_cis : Set path to /etc/audit/audit.rules] ******
skipping: [localhost]

TASK [/stigforge/roles/ubuntu22_cis : Declare found syscalls] ******************
skipping: [localhost]

TASK [/stigforge/roles/ubuntu22_cis : Declare missing syscalls] ****************
skipping: [localhost]

TASK [/stigforge/roles/ubuntu22_cis : Replace the audit rule in {{ audit_file }}] ***
skipping: [localhost]

TASK [/stigforge/roles/ubuntu22_cis : Add the audit rule to {{ audit_file }}] ***
skipping: [localhost]

TASK [/stigforge/roles/ubuntu22_cis : Set suid_audit_rules fact] ***************
skipping: [localhost]

TASK [/stigforge/roles/ubuntu22_cis : Update /etc/audit/rules.d/privileged.rules to audit privileged functions] ***
skipping: [localhost]

TASK [/stigforge/roles/ubuntu22_cis : Update /etc/audit/audit.rules to audit privileged functions] ***
skipping: [localhost]

TASK [/stigforge/roles/ubuntu22_cis : Restart Auditd] **************************
skipping: [localhost]

TASK [/stigforge/roles/ubuntu22_cis : Ensure auditd Collects System Administrator Actions - Check if watch rule for /etc/sudoers already exists in /etc/audit/audit.rules] ***
skipping: [localhost]

TASK [/stigforge/roles/ubuntu22_cis : Ensure auditd Collects System Administrator Actions - Add watch rule for /etc/sudoers in /etc/audit/audit.rules] ***
skipping: [localhost]

TASK [/stigforge/roles/ubuntu22_cis : Ensure auditd Collects System Administrator Actions - Check if watch rule for /etc/sudoers already exists in /etc/audit/rules.d/] ***
skipping: [localhost]

TASK [/stigforge/roles/ubuntu22_cis : Ensure auditd Collects System Administrator Actions - Search /etc/audit/rules.d for other rules with specified key actions] ***
skipping: [localhost]

TASK [/stigforge/roles/ubuntu22_cis : Ensure auditd Collects System Administrator Actions - Use /etc/audit/rules.d/actions.rules as the recipient for the rule] ***
skipping: [localhost]

TASK [/stigforge/roles/ubuntu22_cis : Ensure auditd Collects System Administrator Actions - Use matched file as the recipient for the rule] ***
skipping: [localhost]

TASK [/stigforge/roles/ubuntu22_cis : Ensure auditd Collects System Administrator Actions - Add watch rule for /etc/sudoers in /etc/audit/rules.d/] ***
skipping: [localhost]

TASK [/stigforge/roles/ubuntu22_cis : Ensure auditd Collects System Administrator Actions - Check if watch rule for /etc/sudoers.d/ already exists in /etc/audit/audit.rules] ***
skipping: [localhost]

TASK [/stigforge/roles/ubuntu22_cis : Ensure auditd Collects System Administrator Actions - Add watch rule for /etc/sudoers.d/ in /etc/audit/audit.rules] ***
skipping: [localhost]

TASK [/stigforge/roles/ubuntu22_cis : Ensure auditd Collects System Administrator Actions - Check if watch rule for /etc/sudoers.d/ already exists in /etc/audit/rules.d/] ***
skipping: [localhost]

TASK [/stigforge/roles/ubuntu22_cis : Ensure auditd Collects System Administrator Actions - Search /etc/audit/rules.d for other rules with specified key actions] ***
skipping: [localhost]

TASK [/stigforge/roles/ubuntu22_cis : Ensure auditd Collects System Administrator Actions - Use /etc/audit/rules.d/actions.rules as the recipient for the rule] ***
skipping: [localhost]

TASK [/stigforge/roles/ubuntu22_cis : Ensure auditd Collects System Administrator Actions - Use matched file as the recipient for the rule] ***
skipping: [localhost]

TASK [/stigforge/roles/ubuntu22_cis : Ensure auditd Collects System Administrator Actions - Add watch rule for /etc/sudoers.d/ in /etc/audit/rules.d/] ***
skipping: [localhost]

TASK [/stigforge/roles/ubuntu22_cis : Record Events that Modify User/Group Information - /etc/group - Check if watch rule for /etc/group already exists in /etc/audit/rules.d/] ***
skipping: [localhost]

TASK [/stigforge/roles/ubuntu22_cis : Record Events that Modify User/Group Information - /etc/group - Search /etc/audit/rules.d for other rules with specified key audit_rules_usergroup_modification] ***
skipping: [localhost]

TASK [/stigforge/roles/ubuntu22_cis : Record Events that Modify User/Group Information - /etc/group - Use /etc/audit/rules.d/audit_rules_usergroup_modification.rules as the recipient for the rule] ***
skipping: [localhost]

TASK [/stigforge/roles/ubuntu22_cis : Record Events that Modify User/Group Information - /etc/group - Use matched file as the recipient for the rule] ***
skipping: [localhost]

TASK [/stigforge/roles/ubuntu22_cis : Record Events that Modify User/Group Information - /etc/group - Add watch rule for /etc/group in /etc/audit/rules.d/] ***
skipping: [localhost]

TASK [/stigforge/roles/ubuntu22_cis : Record Events that Modify User/Group Information - /etc/group - Check if watch rule for /etc/group already exists in /etc/audit/audit.rules] ***
skipping: [localhost]

TASK [/stigforge/roles/ubuntu22_cis : Record Events that Modify User/Group Information - /etc/group - Add watch rule for /etc/group in /etc/audit/audit.rules] ***
skipping: [localhost]

TASK [/stigforge/roles/ubuntu22_cis : Record Events that Modify User/Group Information - /etc/gshadow - Check if watch rule for /etc/gshadow already exists in /etc/audit/rules.d/] ***
skipping: [localhost]

TASK [/stigforge/roles/ubuntu22_cis : Record Events that Modify User/Group Information - /etc/gshadow - Search /etc/audit/rules.d for other rules with specified key audit_rules_usergroup_modification] ***
skipping: [localhost]

TASK [/stigforge/roles/ubuntu22_cis : Record Events that Modify User/Group Information - /etc/gshadow - Use /etc/audit/rules.d/audit_rules_usergroup_modification.rules as the recipient for the rule] ***
skipping: [localhost]

TASK [/stigforge/roles/ubuntu22_cis : Record Events that Modify User/Group Information - /etc/gshadow - Use matched file as the recipient for the rule] ***
skipping: [localhost]

TASK [/stigforge/roles/ubuntu22_cis : Record Events that Modify User/Group Information - /etc/gshadow - Add watch rule for /etc/gshadow in /etc/audit/rules.d/] ***
skipping: [localhost]

TASK [/stigforge/roles/ubuntu22_cis : Record Events that Modify User/Group Information - /etc/gshadow - Check if watch rule for /etc/gshadow already exists in /etc/audit/audit.rules] ***
skipping: [localhost]

TASK [/stigforge/roles/ubuntu22_cis : Record Events that Modify User/Group Information - /etc/gshadow - Add watch rule for /etc/gshadow in /etc/audit/audit.rules] ***
skipping: [localhost]

TASK [/stigforge/roles/ubuntu22_cis : Record Events that Modify User/Group Information - /etc/security/opasswd - Check if watch rule for /etc/security/opasswd already exists in /etc/audit/rules.d/] ***
skipping: [localhost]

TASK [/stigforge/roles/ubuntu22_cis : Record Events that Modify User/Group Information - /etc/security/opasswd - Search /etc/audit/rules.d for other rules with specified key audit_rules_usergroup_modification] ***
skipping: [localhost]

TASK [/stigforge/roles/ubuntu22_cis : Record Events that Modify User/Group Information - /etc/security/opasswd - Use /etc/audit/rules.d/audit_rules_usergroup_modification.rules as the recipient for the rule] ***
skipping: [localhost]

TASK [/stigforge/roles/ubuntu22_cis : Record Events that Modify User/Group Information - /etc/security/opasswd - Use matched file as the recipient for the rule] ***
skipping: [localhost]

TASK [/stigforge/roles/ubuntu22_cis : Record Events that Modify User/Group Information - /etc/security/opasswd - Add watch rule for /etc/security/opasswd in /etc/audit/rules.d/] ***
skipping: [localhost]

TASK [/stigforge/roles/ubuntu22_cis : Record Events that Modify User/Group Information - /etc/security/opasswd - Check if watch rule for /etc/security/opasswd already exists in /etc/audit/audit.rules] ***
skipping: [localhost]

TASK [/stigforge/roles/ubuntu22_cis : Record Events that Modify User/Group Information - /etc/security/opasswd - Add watch rule for /etc/security/opasswd in /etc/audit/audit.rules] ***
skipping: [localhost]

TASK [/stigforge/roles/ubuntu22_cis : Record Events that Modify User/Group Information - /etc/passwd - Check if watch rule for /etc/passwd already exists in /etc/audit/rules.d/] ***
skipping: [localhost]

TASK [/stigforge/roles/ubuntu22_cis : Record Events that Modify User/Group Information - /etc/passwd - Search /etc/audit/rules.d for other rules with specified key audit_rules_usergroup_modification_passwd] ***
skipping: [localhost]

TASK [/stigforge/roles/ubuntu22_cis : Record Events that Modify User/Group Information - /etc/passwd - Use /etc/audit/rules.d/audit_rules_usergroup_modification_passwd.rules as the recipient for the rule] ***
skipping: [localhost]

TASK [/stigforge/roles/ubuntu22_cis : Record Events that Modify User/Group Information - /etc/passwd - Use matched file as the recipient for the rule] ***
skipping: [localhost]

TASK [/stigforge/roles/ubuntu22_cis : Record Events that Modify User/Group Information - /etc/passwd - Add watch rule for /etc/passwd in /etc/audit/rules.d/] ***
skipping: [localhost]

TASK [/stigforge/roles/ubuntu22_cis : Record Events that Modify User/Group Information - /etc/passwd - Check if watch rule for /etc/passwd already exists in /etc/audit/audit.rules] ***
skipping: [localhost]

TASK [/stigforge/roles/ubuntu22_cis : Record Events that Modify User/Group Information - /etc/passwd - Add watch rule for /etc/passwd in /etc/audit/audit.rules] ***
skipping: [localhost]

TASK [/stigforge/roles/ubuntu22_cis : Record Events that Modify User/Group Information - /etc/shadow - Check if watch rule for /etc/shadow already exists in /etc/audit/rules.d/] ***
skipping: [localhost]

TASK [/stigforge/roles/ubuntu22_cis : Record Events that Modify User/Group Information - /etc/shadow - Search /etc/audit/rules.d for other rules with specified key audit_rules_usergroup_modification] ***
skipping: [localhost]

TASK [/stigforge/roles/ubuntu22_cis : Record Events that Modify User/Group Information - /etc/shadow - Use /etc/audit/rules.d/audit_rules_usergroup_modification.rules as the recipient for the rule] ***
skipping: [localhost]

TASK [/stigforge/roles/ubuntu22_cis : Record Events that Modify User/Group Information - /etc/shadow - Use matched file as the recipient for the rule] ***
skipping: [localhost]

TASK [/stigforge/roles/ubuntu22_cis : Record Events that Modify User/Group Information - /etc/shadow - Add watch rule for /etc/shadow in /etc/audit/rules.d/] ***
skipping: [localhost]

TASK [/stigforge/roles/ubuntu22_cis : Record Events that Modify User/Group Information - /etc/shadow - Check if watch rule for /etc/shadow already exists in /etc/audit/audit.rules] ***
skipping: [localhost]

TASK [/stigforge/roles/ubuntu22_cis : Record Events that Modify User/Group Information - /etc/shadow - Add watch rule for /etc/shadow in /etc/audit/audit.rules] ***
skipping: [localhost]

TASK [/stigforge/roles/ubuntu22_cis : Record Attempts to perform maintenance activities - Check if watch rule for /var/log/sudo.log already exists in /etc/audit/rules.d/] ***
skipping: [localhost]

TASK [/stigforge/roles/ubuntu22_cis : Record Attempts to perform maintenance activities - Search /etc/audit/rules.d for other rules with specified key maintenance] ***
skipping: [localhost]

TASK [/stigforge/roles/ubuntu22_cis : Record Attempts to perform maintenance activities - Use /etc/audit/rules.d/maintenance.rules as the recipient for the rule] ***
skipping: [localhost]

TASK [/stigforge/roles/ubuntu22_cis : Record Attempts to perform maintenance activities - Use matched file as the recipient for the rule] ***
skipping: [localhost]

TASK [/stigforge/roles/ubuntu22_cis : Record Attempts to perform maintenance activities - Add watch rule for /var/log/sudo.log in /etc/audit/rules.d/] ***
skipping: [localhost]

TASK [/stigforge/roles/ubuntu22_cis : Record Attempts to perform maintenance activities - Check if watch rule for /var/log/sudo.log already exists in /etc/audit/audit.rules] ***
skipping: [localhost]

TASK [/stigforge/roles/ubuntu22_cis : Record Attempts to perform maintenance activities - Add watch rule for /var/log/sudo.log in /etc/audit/audit.rules] ***
skipping: [localhost]

TASK [/stigforge/roles/ubuntu22_cis : System Audit Logs Must Be Group Owned By Root - Get Audit Log Files] ***
skipping: [localhost]

TASK [/stigforge/roles/ubuntu22_cis : System Audit Logs Must Be Group Owned By Root - Set Log File Facts] ***
skipping: [localhost]

TASK [/stigforge/roles/ubuntu22_cis : System Audit Logs Must Be Group Owned By Root - Set Default log_file if Not Set] ***
skipping: [localhost]

TASK [/stigforge/roles/ubuntu22_cis : System Audit Logs Must Be Group Owned By Root - Set log_file From log_file_line if Not Set Already] ***
skipping: [localhost]

TASK [/stigforge/roles/ubuntu22_cis : System Audit Logs Must Be Group Owned By Root - List All Log File Backups] ***
skipping: [localhost]

TASK [/stigforge/roles/ubuntu22_cis : System Audit Logs Must Be Group Owned By Root - Apply Mode to All Backup Log Files] ***
skipping: [localhost]

TASK [/stigforge/roles/ubuntu22_cis : System Audit Logs Must Be Group Owned By Root - Apply Mode to Log File] ***
skipping: [localhost]

TASK [/stigforge/roles/ubuntu22_cis : Set the file_groupownership_audit_configuration_newgroup variable if represented by gid] ***
skipping: [localhost]

TASK [/stigforge/roles/ubuntu22_cis : Find /etc/audit/ file(s) matching ^.*audit(\.rules|d\.conf)$] ***
skipping: [localhost]

TASK [/stigforge/roles/ubuntu22_cis : Ensure group owner on /etc/audit/ file(s) matching ^.*audit(\.rules|d\.conf)$] ***
skipping: [localhost]

TASK [/stigforge/roles/ubuntu22_cis : Find /etc/audit/rules.d/ file(s) matching ^.*\.rules$] ***
skipping: [localhost]

TASK [/stigforge/roles/ubuntu22_cis : Ensure group owner on /etc/audit/rules.d/ file(s) matching ^.*\.rules$] ***
skipping: [localhost]

TASK [/stigforge/roles/ubuntu22_cis : Set the file_ownership_audit_configuration_newown variable if represented by uid] ***
skipping: [localhost]

TASK [/stigforge/roles/ubuntu22_cis : Find /etc/audit/ file(s) matching ^.*audit(\.rules|d\.conf)$] ***
skipping: [localhost]

TASK [/stigforge/roles/ubuntu22_cis : Ensure owner on /etc/audit/ file(s) matching ^.*audit(\.rules|d\.conf)$] ***
skipping: [localhost]

TASK [/stigforge/roles/ubuntu22_cis : Find /etc/audit/rules.d/ file(s) matching ^.*\.rules$] ***
skipping: [localhost]

TASK [/stigforge/roles/ubuntu22_cis : Ensure owner on /etc/audit/rules.d/ file(s) matching ^.*\.rules$] ***
skipping: [localhost]

TASK [/stigforge/roles/ubuntu22_cis : Set architecture for audit chmod tasks] ***
skipping: [localhost]

TASK [/stigforge/roles/ubuntu22_cis : Declare list of syscalls] ****************
skipping: [localhost]

TASK [/stigforge/roles/ubuntu22_cis : Check existence of chmod in /etc/audit/rules.d/] ***
skipping: [localhost]

TASK [/stigforge/roles/ubuntu22_cis : Reset syscalls found per file] ***********
skipping: [localhost]

TASK [/stigforge/roles/ubuntu22_cis : Declare syscalls found per file] *********
skipping: [localhost]

TASK [/stigforge/roles/ubuntu22_cis : Declare files where syscalls were found] ***
skipping: [localhost]

TASK [/stigforge/roles/ubuntu22_cis : Count occurrences of syscalls in paths] ***
skipping: [localhost]

TASK [/stigforge/roles/ubuntu22_cis : Get path with most syscalls] *************
skipping: [localhost]

TASK [/stigforge/roles/ubuntu22_cis : No file with syscall found, set path to /etc/audit/rules.d/perm_mod.rules] ***
skipping: [localhost]

TASK [/stigforge/roles/ubuntu22_cis : Declare found syscalls] ******************
skipping: [localhost]

TASK [/stigforge/roles/ubuntu22_cis : Declare missing syscalls] ****************
skipping: [localhost]

TASK [/stigforge/roles/ubuntu22_cis : Replace the audit rule in {{ audit_file }}] ***
skipping: [localhost]

TASK [/stigforge/roles/ubuntu22_cis : Add the audit rule to {{ audit_file }}] ***
skipping: [localhost]

TASK [/stigforge/roles/ubuntu22_cis : Declare list of syscalls] ****************
skipping: [localhost]

TASK [/stigforge/roles/ubuntu22_cis : Check existence of chmod in /etc/audit/audit.rules] ***
skipping: [localhost]

TASK [/stigforge/roles/ubuntu22_cis : Set path to /etc/audit/audit.rules] ******
skipping: [localhost]

TASK [/stigforge/roles/ubuntu22_cis : Declare found syscalls] ******************
skipping: [localhost]

TASK [/stigforge/roles/ubuntu22_cis : Declare missing syscalls] ****************
skipping: [localhost]

TASK [/stigforge/roles/ubuntu22_cis : Replace the audit rule in {{ audit_file }}] ***
skipping: [localhost]

TASK [/stigforge/roles/ubuntu22_cis : Add the audit rule to {{ audit_file }}] ***
skipping: [localhost]

TASK [/stigforge/roles/ubuntu22_cis : Declare list of syscalls] ****************
skipping: [localhost]

TASK [/stigforge/roles/ubuntu22_cis : Check existence of chmod in /etc/audit/rules.d/] ***
skipping: [localhost]

TASK [/stigforge/roles/ubuntu22_cis : Reset syscalls found per file] ***********
skipping: [localhost]

TASK [/stigforge/roles/ubuntu22_cis : Declare syscalls found per file] *********
skipping: [localhost]

TASK [/stigforge/roles/ubuntu22_cis : Declare files where syscalls were found] ***
skipping: [localhost]

TASK [/stigforge/roles/ubuntu22_cis : Count occurrences of syscalls in paths] ***
skipping: [localhost]

TASK [/stigforge/roles/ubuntu22_cis : Get path with most syscalls] *************
skipping: [localhost]

TASK [/stigforge/roles/ubuntu22_cis : No file with syscall found, set path to /etc/audit/rules.d/perm_mod.rules] ***
skipping: [localhost]

TASK [/stigforge/roles/ubuntu22_cis : Declare found syscalls] ******************
skipping: [localhost]

TASK [/stigforge/roles/ubuntu22_cis : Declare missing syscalls] ****************
skipping: [localhost]

TASK [/stigforge/roles/ubuntu22_cis : Replace the audit rule in {{ audit_file }}] ***
skipping: [localhost]

TASK [/stigforge/roles/ubuntu22_cis : Add the audit rule to {{ audit_file }}] ***
skipping: [localhost]

TASK [/stigforge/roles/ubuntu22_cis : Declare list of syscalls] ****************
skipping: [localhost]

TASK [/stigforge/roles/ubuntu22_cis : Check existence of chmod in /etc/audit/audit.rules] ***
skipping: [localhost]

TASK [/stigforge/roles/ubuntu22_cis : Set path to /etc/audit/audit.rules] ******
skipping: [localhost]

TASK [/stigforge/roles/ubuntu22_cis : Declare found syscalls] ******************
skipping: [localhost]

TASK [/stigforge/roles/ubuntu22_cis : Declare missing syscalls] ****************
skipping: [localhost]

TASK [/stigforge/roles/ubuntu22_cis : Replace the audit rule in {{ audit_file }}] ***
skipping: [localhost]

TASK [/stigforge/roles/ubuntu22_cis : Add the audit rule to {{ audit_file }}] ***
skipping: [localhost]

TASK [/stigforge/roles/ubuntu22_cis : Set architecture for audit chown tasks] ***
skipping: [localhost]

TASK [/stigforge/roles/ubuntu22_cis : Declare list of syscalls] ****************
skipping: [localhost]

TASK [/stigforge/roles/ubuntu22_cis : Check existence of chown in /etc/audit/rules.d/] ***
skipping: [localhost]

TASK [/stigforge/roles/ubuntu22_cis : Reset syscalls found per file] ***********
skipping: [localhost]

TASK [/stigforge/roles/ubuntu22_cis : Declare syscalls found per file] *********
skipping: [localhost]

TASK [/stigforge/roles/ubuntu22_cis : Declare files where syscalls were found] ***
skipping: [localhost]

TASK [/stigforge/roles/ubuntu22_cis : Count occurrences of syscalls in paths] ***
skipping: [localhost]

TASK [/stigforge/roles/ubuntu22_cis : Get path with most syscalls] *************
skipping: [localhost]

TASK [/stigforge/roles/ubuntu22_cis : No file with syscall found, set path to /etc/audit/rules.d/perm_mod.rules] ***
skipping: [localhost]

TASK [/stigforge/roles/ubuntu22_cis : Declare found syscalls] ******************
skipping: [localhost]

TASK [/stigforge/roles/ubuntu22_cis : Declare missing syscalls] ****************
skipping: [localhost]

TASK [/stigforge/roles/ubuntu22_cis : Replace the audit rule in {{ audit_file }}] ***
skipping: [localhost]

TASK [/stigforge/roles/ubuntu22_cis : Add the audit rule to {{ audit_file }}] ***
skipping: [localhost]

TASK [/stigforge/roles/ubuntu22_cis : Declare list of syscalls] ****************
skipping: [localhost]

TASK [/stigforge/roles/ubuntu22_cis : Check existence of chown in /etc/audit/audit.rules] ***
skipping: [localhost]

TASK [/stigforge/roles/ubuntu22_cis : Set path to /etc/audit/audit.rules] ******
skipping: [localhost]

TASK [/stigforge/roles/ubuntu22_cis : Declare found syscalls] ******************
skipping: [localhost]

TASK [/stigforge/roles/ubuntu22_cis : Declare missing syscalls] ****************
skipping: [localhost]

TASK [/stigforge/roles/ubuntu22_cis : Replace the audit rule in {{ audit_file }}] ***
skipping: [localhost]

TASK [/stigforge/roles/ubuntu22_cis : Add the audit rule to {{ audit_file }}] ***
skipping: [localhost]

TASK [/stigforge/roles/ubuntu22_cis : Declare list of syscalls] ****************
skipping: [localhost]

TASK [/stigforge/roles/ubuntu22_cis : Check existence of chown in /etc/audit/rules.d/] ***
skipping: [localhost]

TASK [/stigforge/roles/ubuntu22_cis : Reset syscalls found per file] ***********
skipping: [localhost]

TASK [/stigforge/roles/ubuntu22_cis : Declare syscalls found per file] *********
skipping: [localhost]

TASK [/stigforge/roles/ubuntu22_cis : Declare files where syscalls were found] ***
skipping: [localhost]

TASK [/stigforge/roles/ubuntu22_cis : Count occurrences of syscalls in paths] ***
skipping: [localhost]

TASK [/stigforge/roles/ubuntu22_cis : Get path with most syscalls] *************
skipping: [localhost]

TASK [/stigforge/roles/ubuntu22_cis : No file with syscall found, set path to /etc/audit/rules.d/perm_mod.rules] ***
skipping: [localhost]

TASK [/stigforge/roles/ubuntu22_cis : Declare found syscalls] ******************
skipping: [localhost]

TASK [/stigforge/roles/ubuntu22_cis : Declare missing syscalls] ****************
skipping: [localhost]

TASK [/stigforge/roles/ubuntu22_cis : Replace the audit rule in {{ audit_file }}] ***
skipping: [localhost]

TASK [/stigforge/roles/ubuntu22_cis : Add the audit rule to {{ audit_file }}] ***
skipping: [localhost]

TASK [/stigforge/roles/ubuntu22_cis : Declare list of syscalls] ****************
skipping: [localhost]

TASK [/stigforge/roles/ubuntu22_cis : Check existence of chown in /etc/audit/audit.rules] ***
skipping: [localhost]

TASK [/stigforge/roles/ubuntu22_cis : Set path to /etc/audit/audit.rules] ******
skipping: [localhost]

TASK [/stigforge/roles/ubuntu22_cis : Declare found syscalls] ******************
skipping: [localhost]

TASK [/stigforge/roles/ubuntu22_cis : Declare missing syscalls] ****************
skipping: [localhost]

TASK [/stigforge/roles/ubuntu22_cis : Replace the audit rule in {{ audit_file }}] ***
skipping: [localhost]

TASK [/stigforge/roles/ubuntu22_cis : Add the audit rule to {{ audit_file }}] ***
skipping: [localhost]

TASK [/stigforge/roles/ubuntu22_cis : Set architecture for audit fchmod tasks] ***
skipping: [localhost]

TASK [/stigforge/roles/ubuntu22_cis : Declare list of syscalls] ****************
skipping: [localhost]

TASK [/stigforge/roles/ubuntu22_cis : Check existence of fchmod in /etc/audit/rules.d/] ***
skipping: [localhost]

TASK [/stigforge/roles/ubuntu22_cis : Reset syscalls found per file] ***********
skipping: [localhost]

TASK [/stigforge/roles/ubuntu22_cis : Declare syscalls found per file] *********
skipping: [localhost]

TASK [/stigforge/roles/ubuntu22_cis : Declare files where syscalls were found] ***
skipping: [localhost]

TASK [/stigforge/roles/ubuntu22_cis : Count occurrences of syscalls in paths] ***
skipping: [localhost]

TASK [/stigforge/roles/ubuntu22_cis : Get path with most syscalls] *************
skipping: [localhost]

TASK [/stigforge/roles/ubuntu22_cis : No file with syscall found, set path to /etc/audit/rules.d/perm_mod.rules] ***
skipping: [localhost]

TASK [/stigforge/roles/ubuntu22_cis : Declare found syscalls] ******************
skipping: [localhost]

TASK [/stigforge/roles/ubuntu22_cis : Declare missing syscalls] ****************
skipping: [localhost]

TASK [/stigforge/roles/ubuntu22_cis : Replace the audit rule in {{ audit_file }}] ***
skipping: [localhost]

TASK [/stigforge/roles/ubuntu22_cis : Add the audit rule to {{ audit_file }}] ***
skipping: [localhost]

TASK [/stigforge/roles/ubuntu22_cis : Declare list of syscalls] ****************
skipping: [localhost]

TASK [/stigforge/roles/ubuntu22_cis : Check existence of fchmod in /etc/audit/audit.rules] ***
skipping: [localhost]

TASK [/stigforge/roles/ubuntu22_cis : Set path to /etc/audit/audit.rules] ******
skipping: [localhost]

TASK [/stigforge/roles/ubuntu22_cis : Declare found syscalls] ******************
skipping: [localhost]

TASK [/stigforge/roles/ubuntu22_cis : Declare missing syscalls] ****************
skipping: [localhost]

TASK [/stigforge/roles/ubuntu22_cis : Replace the audit rule in {{ audit_file }}] ***
skipping: [localhost]

TASK [/stigforge/roles/ubuntu22_cis : Add the audit rule to {{ audit_file }}] ***
skipping: [localhost]

TASK [/stigforge/roles/ubuntu22_cis : Declare list of syscalls] ****************
skipping: [localhost]

TASK [/stigforge/roles/ubuntu22_cis : Check existence of fchmod in /etc/audit/rules.d/] ***
skipping: [localhost]

TASK [/stigforge/roles/ubuntu22_cis : Reset syscalls found per file] ***********
skipping: [localhost]

TASK [/stigforge/roles/ubuntu22_cis : Declare syscalls found per file] *********
skipping: [localhost]

TASK [/stigforge/roles/ubuntu22_cis : Declare files where syscalls were found] ***
skipping: [localhost]

TASK [/stigforge/roles/ubuntu22_cis : Count occurrences of syscalls in paths] ***
skipping: [localhost]

TASK [/stigforge/roles/ubuntu22_cis : Get path with most syscalls] *************
skipping: [localhost]

TASK [/stigforge/roles/ubuntu22_cis : No file with syscall found, set path to /etc/audit/rules.d/perm_mod.rules] ***
skipping: [localhost]

TASK [/stigforge/roles/ubuntu22_cis : Declare found syscalls] ******************
skipping: [localhost]

TASK [/stigforge/roles/ubuntu22_cis : Declare missing syscalls] ****************
skipping: [localhost]

TASK [/stigforge/roles/ubuntu22_cis : Replace the audit rule in {{ audit_file }}] ***
skipping: [localhost]

TASK [/stigforge/roles/ubuntu22_cis : Add the audit rule to {{ audit_file }}] ***
skipping: [localhost]

TASK [/stigforge/roles/ubuntu22_cis : Declare list of syscalls] ****************
skipping: [localhost]

TASK [/stigforge/roles/ubuntu22_cis : Check existence of fchmod in /etc/audit/audit.rules] ***
skipping: [localhost]

TASK [/stigforge/roles/ubuntu22_cis : Set path to /etc/audit/audit.rules] ******
skipping: [localhost]

TASK [/stigforge/roles/ubuntu22_cis : Declare found syscalls] ******************
skipping: [localhost]

TASK [/stigforge/roles/ubuntu22_cis : Declare missing syscalls] ****************
skipping: [localhost]

TASK [/stigforge/roles/ubuntu22_cis : Replace the audit rule in {{ audit_file }}] ***
skipping: [localhost]

TASK [/stigforge/roles/ubuntu22_cis : Add the audit rule to {{ audit_file }}] ***
skipping: [localhost]

TASK [/stigforge/roles/ubuntu22_cis : Set architecture for audit fchmodat tasks] ***
skipping: [localhost]

TASK [/stigforge/roles/ubuntu22_cis : Declare list of syscalls] ****************
skipping: [localhost]

TASK [/stigforge/roles/ubuntu22_cis : Check existence of fchmodat in /etc/audit/rules.d/] ***
skipping: [localhost]

TASK [/stigforge/roles/ubuntu22_cis : Reset syscalls found per file] ***********
skipping: [localhost]

TASK [/stigforge/roles/ubuntu22_cis : Declare syscalls found per file] *********
skipping: [localhost]

TASK [/stigforge/roles/ubuntu22_cis : Declare files where syscalls were found] ***
skipping: [localhost]

TASK [/stigforge/roles/ubuntu22_cis : Count occurrences of syscalls in paths] ***
skipping: [localhost]

TASK [/stigforge/roles/ubuntu22_cis : Get path with most syscalls] *************
skipping: [localhost]

TASK [/stigforge/roles/ubuntu22_cis : No file with syscall found, set path to /etc/audit/rules.d/perm_mod.rules] ***
skipping: [localhost]

TASK [/stigforge/roles/ubuntu22_cis : Declare found syscalls] ******************
skipping: [localhost]

TASK [/stigforge/roles/ubuntu22_cis : Declare missing syscalls] ****************
skipping: [localhost]

TASK [/stigforge/roles/ubuntu22_cis : Replace the audit rule in {{ audit_file }}] ***
skipping: [localhost]

TASK [/stigforge/roles/ubuntu22_cis : Add the audit rule to {{ audit_file }}] ***
skipping: [localhost]

TASK [/stigforge/roles/ubuntu22_cis : Declare list of syscalls] ****************
skipping: [localhost]

TASK [/stigforge/roles/ubuntu22_cis : Check existence of fchmodat in /etc/audit/audit.rules] ***
skipping: [localhost]

TASK [/stigforge/roles/ubuntu22_cis : Set path to /etc/audit/audit.rules] ******
skipping: [localhost]

TASK [/stigforge/roles/ubuntu22_cis : Declare found syscalls] ******************
skipping: [localhost]

TASK [/stigforge/roles/ubuntu22_cis : Declare missing syscalls] ****************
skipping: [localhost]

TASK [/stigforge/roles/ubuntu22_cis : Replace the audit rule in {{ audit_file }}] ***
skipping: [localhost]

TASK [/stigforge/roles/ubuntu22_cis : Add the audit rule to {{ audit_file }}] ***
skipping: [localhost]

TASK [/stigforge/roles/ubuntu22_cis : Declare list of syscalls] ****************
skipping: [localhost]

TASK [/stigforge/roles/ubuntu22_cis : Check existence of fchmodat in /etc/audit/rules.d/] ***
skipping: [localhost]

TASK [/stigforge/roles/ubuntu22_cis : Reset syscalls found per file] ***********
skipping: [localhost]

TASK [/stigforge/roles/ubuntu22_cis : Declare syscalls found per file] *********
skipping: [localhost]

TASK [/stigforge/roles/ubuntu22_cis : Declare files where syscalls were found] ***
skipping: [localhost]

TASK [/stigforge/roles/ubuntu22_cis : Count occurrences of syscalls in paths] ***
skipping: [localhost]

TASK [/stigforge/roles/ubuntu22_cis : Get path with most syscalls] *************
skipping: [localhost]

TASK [/stigforge/roles/ubuntu22_cis : No file with syscall found, set path to /etc/audit/rules.d/perm_mod.rules] ***
skipping: [localhost]

TASK [/stigforge/roles/ubuntu22_cis : Declare found syscalls] ******************
skipping: [localhost]

TASK [/stigforge/roles/ubuntu22_cis : Declare missing syscalls] ****************
skipping: [localhost]

TASK [/stigforge/roles/ubuntu22_cis : Replace the audit rule in {{ audit_file }}] ***
skipping: [localhost]

TASK [/stigforge/roles/ubuntu22_cis : Add the audit rule to {{ audit_file }}] ***
skipping: [localhost]

TASK [/stigforge/roles/ubuntu22_cis : Declare list of syscalls] ****************
skipping: [localhost]

TASK [/stigforge/roles/ubuntu22_cis : Check existence of fchmodat in /etc/audit/audit.rules] ***
skipping: [localhost]

TASK [/stigforge/roles/ubuntu22_cis : Set path to /etc/audit/audit.rules] ******
skipping: [localhost]

TASK [/stigforge/roles/ubuntu22_cis : Declare found syscalls] ******************
skipping: [localhost]

TASK [/stigforge/roles/ubuntu22_cis : Declare missing syscalls] ****************
skipping: [localhost]

TASK [/stigforge/roles/ubuntu22_cis : Replace the audit rule in {{ audit_file }}] ***
skipping: [localhost]

TASK [/stigforge/roles/ubuntu22_cis : Add the audit rule to {{ audit_file }}] ***
skipping: [localhost]

TASK [/stigforge/roles/ubuntu22_cis : Set architecture for audit fchown tasks] ***
skipping: [localhost]

TASK [/stigforge/roles/ubuntu22_cis : Declare list of syscalls] ****************
skipping: [localhost]

TASK [/stigforge/roles/ubuntu22_cis : Check existence of fchown in /etc/audit/rules.d/] ***
skipping: [localhost]

TASK [/stigforge/roles/ubuntu22_cis : Reset syscalls found per file] ***********
skipping: [localhost]

TASK [/stigforge/roles/ubuntu22_cis : Declare syscalls found per file] *********
skipping: [localhost]

TASK [/stigforge/roles/ubuntu22_cis : Declare files where syscalls were found] ***
skipping: [localhost]

TASK [/stigforge/roles/ubuntu22_cis : Count occurrences of syscalls in paths] ***
skipping: [localhost]

TASK [/stigforge/roles/ubuntu22_cis : Get path with most syscalls] *************
skipping: [localhost]

TASK [/stigforge/roles/ubuntu22_cis : No file with syscall found, set path to /etc/audit/rules.d/perm_mod.rules] ***
skipping: [localhost]

TASK [/stigforge/roles/ubuntu22_cis : Declare found syscalls] ******************
skipping: [localhost]

TASK [/stigforge/roles/ubuntu22_cis : Declare missing syscalls] ****************
skipping: [localhost]

TASK [/stigforge/roles/ubuntu22_cis : Replace the audit rule in {{ audit_file }}] ***
skipping: [localhost]

TASK [/stigforge/roles/ubuntu22_cis : Add the audit rule to {{ audit_file }}] ***
skipping: [localhost]

TASK [/stigforge/roles/ubuntu22_cis : Declare list of syscalls] ****************
skipping: [localhost]

TASK [/stigforge/roles/ubuntu22_cis : Check existence of fchown in /etc/audit/audit.rules] ***
skipping: [localhost]

TASK [/stigforge/roles/ubuntu22_cis : Set path to /etc/audit/audit.rules] ******
skipping: [localhost]

TASK [/stigforge/roles/ubuntu22_cis : Declare found syscalls] ******************
skipping: [localhost]

TASK [/stigforge/roles/ubuntu22_cis : Declare missing syscalls] ****************
skipping: [localhost]

TASK [/stigforge/roles/ubuntu22_cis : Replace the audit rule in {{ audit_file }}] ***
skipping: [localhost]

TASK [/stigforge/roles/ubuntu22_cis : Add the audit rule to {{ audit_file }}] ***
skipping: [localhost]

TASK [/stigforge/roles/ubuntu22_cis : Declare list of syscalls] ****************
skipping: [localhost]

TASK [/stigforge/roles/ubuntu22_cis : Check existence of fchown in /etc/audit/rules.d/] ***
skipping: [localhost]

TASK [/stigforge/roles/ubuntu22_cis : Reset syscalls found per file] ***********
skipping: [localhost]

TASK [/stigforge/roles/ubuntu22_cis : Declare syscalls found per file] *********
skipping: [localhost]

TASK [/stigforge/roles/ubuntu22_cis : Declare files where syscalls were found] ***
skipping: [localhost]

TASK [/stigforge/roles/ubuntu22_cis : Count occurrences of syscalls in paths] ***
skipping: [localhost]

TASK [/stigforge/roles/ubuntu22_cis : Get path with most syscalls] *************
skipping: [localhost]

TASK [/stigforge/roles/ubuntu22_cis : No file with syscall found, set path to /etc/audit/rules.d/perm_mod.rules] ***
skipping: [localhost]

TASK [/stigforge/roles/ubuntu22_cis : Declare found syscalls] ******************
skipping: [localhost]

TASK [/stigforge/roles/ubuntu22_cis : Declare missing syscalls] ****************
skipping: [localhost]

TASK [/stigforge/roles/ubuntu22_cis : Replace the audit rule in {{ audit_file }}] ***
skipping: [localhost]

TASK [/stigforge/roles/ubuntu22_cis : Add the audit rule to {{ audit_file }}] ***
skipping: [localhost]

TASK [/stigforge/roles/ubuntu22_cis : Declare list of syscalls] ****************
skipping: [localhost]

TASK [/stigforge/roles/ubuntu22_cis : Check existence of fchown in /etc/audit/audit.rules] ***
skipping: [localhost]

TASK [/stigforge/roles/ubuntu22_cis : Set path to /etc/audit/audit.rules] ******
skipping: [localhost]

TASK [/stigforge/roles/ubuntu22_cis : Declare found syscalls] ******************
skipping: [localhost]

TASK [/stigforge/roles/ubuntu22_cis : Declare missing syscalls] ****************
skipping: [localhost]

TASK [/stigforge/roles/ubuntu22_cis : Replace the audit rule in {{ audit_file }}] ***
skipping: [localhost]

TASK [/stigforge/roles/ubuntu22_cis : Add the audit rule to {{ audit_file }}] ***
skipping: [localhost]

TASK [/stigforge/roles/ubuntu22_cis : Set architecture for audit fchownat tasks] ***
skipping: [localhost]

TASK [/stigforge/roles/ubuntu22_cis : Declare list of syscalls] ****************
skipping: [localhost]

TASK [/stigforge/roles/ubuntu22_cis : Check existence of fchownat in /etc/audit/rules.d/] ***
skipping: [localhost]

TASK [/stigforge/roles/ubuntu22_cis : Reset syscalls found per file] ***********
skipping: [localhost]

TASK [/stigforge/roles/ubuntu22_cis : Declare syscalls found per file] *********
skipping: [localhost]

TASK [/stigforge/roles/ubuntu22_cis : Declare files where syscalls were found] ***
skipping: [localhost]

TASK [/stigforge/roles/ubuntu22_cis : Count occurrences of syscalls in paths] ***
skipping: [localhost]

TASK [/stigforge/roles/ubuntu22_cis : Get path with most syscalls] *************
skipping: [localhost]

TASK [/stigforge/roles/ubuntu22_cis : No file with syscall found, set path to /etc/audit/rules.d/perm_mod.rules] ***
skipping: [localhost]

TASK [/stigforge/roles/ubuntu22_cis : Declare found syscalls] ******************
skipping: [localhost]

TASK [/stigforge/roles/ubuntu22_cis : Declare missing syscalls] ****************
skipping: [localhost]

TASK [/stigforge/roles/ubuntu22_cis : Replace the audit rule in {{ audit_file }}] ***
skipping: [localhost]

TASK [/stigforge/roles/ubuntu22_cis : Add the audit rule to {{ audit_file }}] ***
skipping: [localhost]

TASK [/stigforge/roles/ubuntu22_cis : Declare list of syscalls] ****************
skipping: [localhost]

TASK [/stigforge/roles/ubuntu22_cis : Check existence of fchownat in /etc/audit/audit.rules] ***
skipping: [localhost]

TASK [/stigforge/roles/ubuntu22_cis : Set path to /etc/audit/audit.rules] ******
skipping: [localhost]

TASK [/stigforge/roles/ubuntu22_cis : Declare found syscalls] ******************
skipping: [localhost]

TASK [/stigforge/roles/ubuntu22_cis : Declare missing syscalls] ****************
skipping: [localhost]

TASK [/stigforge/roles/ubuntu22_cis : Replace the audit rule in {{ audit_file }}] ***
skipping: [localhost]

TASK [/stigforge/roles/ubuntu22_cis : Add the audit rule to {{ audit_file }}] ***
skipping: [localhost]

TASK [/stigforge/roles/ubuntu22_cis : Declare list of syscalls] ****************
skipping: [localhost]

TASK [/stigforge/roles/ubuntu22_cis : Check existence of fchownat in /etc/audit/rules.d/] ***
skipping: [localhost]

TASK [/stigforge/roles/ubuntu22_cis : Reset syscalls found per file] ***********
skipping: [localhost]

TASK [/stigforge/roles/ubuntu22_cis : Declare syscalls found per file] *********
skipping: [localhost]

TASK [/stigforge/roles/ubuntu22_cis : Declare files where syscalls were found] ***
skipping: [localhost]

TASK [/stigforge/roles/ubuntu22_cis : Count occurrences of syscalls in paths] ***
skipping: [localhost]

TASK [/stigforge/roles/ubuntu22_cis : Get path with most syscalls] *************
skipping: [localhost]

TASK [/stigforge/roles/ubuntu22_cis : No file with syscall found, set path to /etc/audit/rules.d/perm_mod.rules] ***
skipping: [localhost]

TASK [/stigforge/roles/ubuntu22_cis : Declare found syscalls] ******************
skipping: [localhost]

TASK [/stigforge/roles/ubuntu22_cis : Declare missing syscalls] ****************
skipping: [localhost]

TASK [/stigforge/roles/ubuntu22_cis : Replace the audit rule in {{ audit_file }}] ***
skipping: [localhost]

TASK [/stigforge/roles/ubuntu22_cis : Add the audit rule to {{ audit_file }}] ***
skipping: [localhost]

TASK [/stigforge/roles/ubuntu22_cis : Declare list of syscalls] ****************
skipping: [localhost]

TASK [/stigforge/roles/ubuntu22_cis : Check existence of fchownat in /etc/audit/audit.rules] ***
skipping: [localhost]

TASK [/stigforge/roles/ubuntu22_cis : Set path to /etc/audit/audit.rules] ******
skipping: [localhost]

TASK [/stigforge/roles/ubuntu22_cis : Declare found syscalls] ******************
skipping: [localhost]

TASK [/stigforge/roles/ubuntu22_cis : Declare missing syscalls] ****************
skipping: [localhost]

TASK [/stigforge/roles/ubuntu22_cis : Replace the audit rule in {{ audit_file }}] ***
skipping: [localhost]

TASK [/stigforge/roles/ubuntu22_cis : Add the audit rule to {{ audit_file }}] ***
skipping: [localhost]

TASK [/stigforge/roles/ubuntu22_cis : Set architecture for audit fremovexattr tasks] ***
skipping: [localhost]

TASK [/stigforge/roles/ubuntu22_cis : Declare list of syscalls] ****************
skipping: [localhost]

TASK [/stigforge/roles/ubuntu22_cis : Check existence of fremovexattr in /etc/audit/rules.d/] ***
skipping: [localhost]

TASK [/stigforge/roles/ubuntu22_cis : Reset syscalls found per file] ***********
skipping: [localhost]

TASK [/stigforge/roles/ubuntu22_cis : Declare syscalls found per file] *********
skipping: [localhost]

TASK [/stigforge/roles/ubuntu22_cis : Declare files where syscalls were found] ***
skipping: [localhost]

TASK [/stigforge/roles/ubuntu22_cis : Count occurrences of syscalls in paths] ***
skipping: [localhost]

TASK [/stigforge/roles/ubuntu22_cis : Get path with most syscalls] *************
skipping: [localhost]

TASK [/stigforge/roles/ubuntu22_cis : No file with syscall found, set path to /etc/audit/rules.d/perm_mod.rules] ***
skipping: [localhost]

TASK [/stigforge/roles/ubuntu22_cis : Declare found syscalls] ******************
skipping: [localhost]

TASK [/stigforge/roles/ubuntu22_cis : Declare missing syscalls] ****************
skipping: [localhost]

TASK [/stigforge/roles/ubuntu22_cis : Replace the audit rule in {{ audit_file }}] ***
skipping: [localhost]

TASK [/stigforge/roles/ubuntu22_cis : Add the audit rule to {{ audit_file }}] ***
skipping: [localhost]

TASK [/stigforge/roles/ubuntu22_cis : Declare list of syscalls] ****************
skipping: [localhost]

TASK [/stigforge/roles/ubuntu22_cis : Check existence of fremovexattr in /etc/audit/audit.rules] ***
skipping: [localhost]

TASK [/stigforge/roles/ubuntu22_cis : Set path to /etc/audit/audit.rules] ******
skipping: [localhost]

TASK [/stigforge/roles/ubuntu22_cis : Declare found syscalls] ******************
skipping: [localhost]

TASK [/stigforge/roles/ubuntu22_cis : Declare missing syscalls] ****************
skipping: [localhost]

TASK [/stigforge/roles/ubuntu22_cis : Replace the audit rule in {{ audit_file }}] ***
skipping: [localhost]

TASK [/stigforge/roles/ubuntu22_cis : Add the audit rule to {{ audit_file }}] ***
skipping: [localhost]

TASK [/stigforge/roles/ubuntu22_cis : Declare list of syscalls] ****************
skipping: [localhost]

TASK [/stigforge/roles/ubuntu22_cis : Check existence of fremovexattr in /etc/audit/rules.d/] ***
skipping: [localhost]

TASK [/stigforge/roles/ubuntu22_cis : Reset syscalls found per file] ***********
skipping: [localhost]

TASK [/stigforge/roles/ubuntu22_cis : Declare syscalls found per file] *********
skipping: [localhost]

TASK [/stigforge/roles/ubuntu22_cis : Declare files where syscalls were found] ***
skipping: [localhost]

TASK [/stigforge/roles/ubuntu22_cis : Count occurrences of syscalls in paths] ***
skipping: [localhost]

TASK [/stigforge/roles/ubuntu22_cis : Get path with most syscalls] *************
skipping: [localhost]

TASK [/stigforge/roles/ubuntu22_cis : No file with syscall found, set path to /etc/audit/rules.d/perm_mod.rules] ***
skipping: [localhost]

TASK [/stigforge/roles/ubuntu22_cis : Declare found syscalls] ******************
skipping: [localhost]

TASK [/stigforge/roles/ubuntu22_cis : Declare missing syscalls] ****************
skipping: [localhost]

TASK [/stigforge/roles/ubuntu22_cis : Replace the audit rule in {{ audit_file }}] ***
skipping: [localhost]

TASK [/stigforge/roles/ubuntu22_cis : Add the audit rule to {{ audit_file }}] ***
skipping: [localhost]

TASK [/stigforge/roles/ubuntu22_cis : Declare list of syscalls] ****************
skipping: [localhost]

TASK [/stigforge/roles/ubuntu22_cis : Check existence of fremovexattr in /etc/audit/audit.rules] ***
skipping: [localhost]

TASK [/stigforge/roles/ubuntu22_cis : Set path to /etc/audit/audit.rules] ******
skipping: [localhost]

TASK [/stigforge/roles/ubuntu22_cis : Declare found syscalls] ******************
skipping: [localhost]

TASK [/stigforge/roles/ubuntu22_cis : Declare missing syscalls] ****************
skipping: [localhost]

TASK [/stigforge/roles/ubuntu22_cis : Replace the audit rule in {{ audit_file }}] ***
skipping: [localhost]

TASK [/stigforge/roles/ubuntu22_cis : Add the audit rule to {{ audit_file }}] ***
skipping: [localhost]

TASK [/stigforge/roles/ubuntu22_cis : Declare list of syscalls] ****************
skipping: [localhost]

TASK [/stigforge/roles/ubuntu22_cis : Check existence of fremovexattr in /etc/audit/rules.d/] ***
skipping: [localhost]

TASK [/stigforge/roles/ubuntu22_cis : Reset syscalls found per file] ***********
skipping: [localhost]

TASK [/stigforge/roles/ubuntu22_cis : Declare syscalls found per file] *********
skipping: [localhost]

TASK [/stigforge/roles/ubuntu22_cis : Declare files where syscalls were found] ***
skipping: [localhost]

TASK [/stigforge/roles/ubuntu22_cis : Count occurrences of syscalls in paths] ***
skipping: [localhost]

TASK [/stigforge/roles/ubuntu22_cis : Get path with most syscalls] *************
skipping: [localhost]

TASK [/stigforge/roles/ubuntu22_cis : No file with syscall found, set path to /etc/audit/rules.d/perm_mod.rules] ***
skipping: [localhost]

TASK [/stigforge/roles/ubuntu22_cis : Declare found syscalls] ******************
skipping: [localhost]

TASK [/stigforge/roles/ubuntu22_cis : Declare missing syscalls] ****************
skipping: [localhost]

TASK [/stigforge/roles/ubuntu22_cis : Replace the audit rule in {{ audit_file }}] ***
skipping: [localhost]

TASK [/stigforge/roles/ubuntu22_cis : Add the audit rule to {{ audit_file }}] ***
skipping: [localhost]

TASK [/stigforge/roles/ubuntu22_cis : Declare list of syscalls] ****************
skipping: [localhost]

TASK [/stigforge/roles/ubuntu22_cis : Check existence of fremovexattr in /etc/audit/audit.rules] ***
skipping: [localhost]

TASK [/stigforge/roles/ubuntu22_cis : Set path to /etc/audit/audit.rules] ******
skipping: [localhost]

TASK [/stigforge/roles/ubuntu22_cis : Declare found syscalls] ******************
skipping: [localhost]

TASK [/stigforge/roles/ubuntu22_cis : Declare missing syscalls] ****************
skipping: [localhost]

TASK [/stigforge/roles/ubuntu22_cis : Replace the audit rule in {{ audit_file }}] ***
skipping: [localhost]

TASK [/stigforge/roles/ubuntu22_cis : Add the audit rule to {{ audit_file }}] ***
skipping: [localhost]

TASK [/stigforge/roles/ubuntu22_cis : Declare list of syscalls] ****************
skipping: [localhost]

TASK [/stigforge/roles/ubuntu22_cis : Check existence of fremovexattr in /etc/audit/rules.d/] ***
skipping: [localhost]

TASK [/stigforge/roles/ubuntu22_cis : Reset syscalls found per file] ***********
skipping: [localhost]

TASK [/stigforge/roles/ubuntu22_cis : Declare syscalls found per file] *********
skipping: [localhost]

TASK [/stigforge/roles/ubuntu22_cis : Declare files where syscalls were found] ***
skipping: [localhost]

TASK [/stigforge/roles/ubuntu22_cis : Count occurrences of syscalls in paths] ***
skipping: [localhost]

TASK [/stigforge/roles/ubuntu22_cis : Get path with most syscalls] *************
skipping: [localhost]

TASK [/stigforge/roles/ubuntu22_cis : No file with syscall found, set path to /etc/audit/rules.d/perm_mod.rules] ***
skipping: [localhost]

TASK [/stigforge/roles/ubuntu22_cis : Declare found syscalls] ******************
skipping: [localhost]

TASK [/stigforge/roles/ubuntu22_cis : Declare missing syscalls] ****************
skipping: [localhost]

TASK [/stigforge/roles/ubuntu22_cis : Replace the audit rule in {{ audit_file }}] ***
skipping: [localhost]

TASK [/stigforge/roles/ubuntu22_cis : Add the audit rule to {{ audit_file }}] ***
skipping: [localhost]

TASK [/stigforge/roles/ubuntu22_cis : Declare list of syscalls] ****************
skipping: [localhost]

TASK [/stigforge/roles/ubuntu22_cis : Check existence of fremovexattr in /etc/audit/audit.rules] ***
skipping: [localhost]

TASK [/stigforge/roles/ubuntu22_cis : Set path to /etc/audit/audit.rules] ******
skipping: [localhost]

TASK [/stigforge/roles/ubuntu22_cis : Declare found syscalls] ******************
skipping: [localhost]

TASK [/stigforge/roles/ubuntu22_cis : Declare missing syscalls] ****************
skipping: [localhost]

TASK [/stigforge/roles/ubuntu22_cis : Replace the audit rule in {{ audit_file }}] ***
skipping: [localhost]

TASK [/stigforge/roles/ubuntu22_cis : Add the audit rule to {{ audit_file }}] ***
skipping: [localhost]

TASK [/stigforge/roles/ubuntu22_cis : Set architecture for audit fsetxattr tasks] ***
skipping: [localhost]

TASK [/stigforge/roles/ubuntu22_cis : Declare list of syscalls] ****************
skipping: [localhost]

TASK [/stigforge/roles/ubuntu22_cis : Check existence of fsetxattr in /etc/audit/rules.d/] ***
skipping: [localhost]

TASK [/stigforge/roles/ubuntu22_cis : Reset syscalls found per file] ***********
skipping: [localhost]

TASK [/stigforge/roles/ubuntu22_cis : Declare syscalls found per file] *********
skipping: [localhost]

TASK [/stigforge/roles/ubuntu22_cis : Declare files where syscalls were found] ***
skipping: [localhost]

TASK [/stigforge/roles/ubuntu22_cis : Count occurrences of syscalls in paths] ***
skipping: [localhost]

TASK [/stigforge/roles/ubuntu22_cis : Get path with most syscalls] *************
skipping: [localhost]

TASK [/stigforge/roles/ubuntu22_cis : No file with syscall found, set path to /etc/audit/rules.d/perm_mod.rules] ***
skipping: [localhost]

TASK [/stigforge/roles/ubuntu22_cis : Declare found syscalls] ******************
skipping: [localhost]

TASK [/stigforge/roles/ubuntu22_cis : Declare missing syscalls] ****************
skipping: [localhost]

TASK [/stigforge/roles/ubuntu22_cis : Replace the audit rule in {{ audit_file }}] ***
skipping: [localhost]

TASK [/stigforge/roles/ubuntu22_cis : Add the audit rule to {{ audit_file }}] ***
skipping: [localhost]

TASK [/stigforge/roles/ubuntu22_cis : Declare list of syscalls] ****************
skipping: [localhost]

TASK [/stigforge/roles/ubuntu22_cis : Check existence of fsetxattr in /etc/audit/audit.rules] ***
skipping: [localhost]

TASK [/stigforge/roles/ubuntu22_cis : Set path to /etc/audit/audit.rules] ******
skipping: [localhost]

TASK [/stigforge/roles/ubuntu22_cis : Declare found syscalls] ******************
skipping: [localhost]

TASK [/stigforge/roles/ubuntu22_cis : Declare missing syscalls] ****************
skipping: [localhost]

TASK [/stigforge/roles/ubuntu22_cis : Replace the audit rule in {{ audit_file }}] ***
skipping: [localhost]

TASK [/stigforge/roles/ubuntu22_cis : Add the audit rule to {{ audit_file }}] ***
skipping: [localhost]

TASK [/stigforge/roles/ubuntu22_cis : Declare list of syscalls] ****************
skipping: [localhost]

TASK [/stigforge/roles/ubuntu22_cis : Check existence of fsetxattr in /etc/audit/rules.d/] ***
skipping: [localhost]

TASK [/stigforge/roles/ubuntu22_cis : Reset syscalls found per file] ***********
skipping: [localhost]

TASK [/stigforge/roles/ubuntu22_cis : Declare syscalls found per file] *********
skipping: [localhost]

TASK [/stigforge/roles/ubuntu22_cis : Declare files where syscalls were found] ***
skipping: [localhost]

TASK [/stigforge/roles/ubuntu22_cis : Count occurrences of syscalls in paths] ***
skipping: [localhost]

TASK [/stigforge/roles/ubuntu22_cis : Get path with most syscalls] *************
skipping: [localhost]

TASK [/stigforge/roles/ubuntu22_cis : No file with syscall found, set path to /etc/audit/rules.d/perm_mod.rules] ***
skipping: [localhost]

TASK [/stigforge/roles/ubuntu22_cis : Declare found syscalls] ******************
skipping: [localhost]

TASK [/stigforge/roles/ubuntu22_cis : Declare missing syscalls] ****************
skipping: [localhost]

TASK [/stigforge/roles/ubuntu22_cis : Replace the audit rule in {{ audit_file }}] ***
skipping: [localhost]

TASK [/stigforge/roles/ubuntu22_cis : Add the audit rule to {{ audit_file }}] ***
skipping: [localhost]

TASK [/stigforge/roles/ubuntu22_cis : Declare list of syscalls] ****************
skipping: [localhost]

TASK [/stigforge/roles/ubuntu22_cis : Check existence of fsetxattr in /etc/audit/audit.rules] ***
skipping: [localhost]

TASK [/stigforge/roles/ubuntu22_cis : Set path to /etc/audit/audit.rules] ******
skipping: [localhost]

TASK [/stigforge/roles/ubuntu22_cis : Declare found syscalls] ******************
skipping: [localhost]

TASK [/stigforge/roles/ubuntu22_cis : Declare missing syscalls] ****************
skipping: [localhost]

TASK [/stigforge/roles/ubuntu22_cis : Replace the audit rule in {{ audit_file }}] ***
skipping: [localhost]

TASK [/stigforge/roles/ubuntu22_cis : Add the audit rule to {{ audit_file }}] ***
skipping: [localhost]

TASK [/stigforge/roles/ubuntu22_cis : Declare list of syscalls] ****************
skipping: [localhost]

TASK [/stigforge/roles/ubuntu22_cis : Check existence of fsetxattr in /etc/audit/rules.d/] ***
skipping: [localhost]

TASK [/stigforge/roles/ubuntu22_cis : Reset syscalls found per file] ***********
skipping: [localhost]

TASK [/stigforge/roles/ubuntu22_cis : Declare syscalls found per file] *********
skipping: [localhost]

TASK [/stigforge/roles/ubuntu22_cis : Declare files where syscalls were found] ***
skipping: [localhost]

TASK [/stigforge/roles/ubuntu22_cis : Count occurrences of syscalls in paths] ***
skipping: [localhost]

TASK [/stigforge/roles/ubuntu22_cis : Get path with most syscalls] *************
skipping: [localhost]

TASK [/stigforge/roles/ubuntu22_cis : No file with syscall found, set path to /etc/audit/rules.d/perm_mod.rules] ***
skipping: [localhost]

TASK [/stigforge/roles/ubuntu22_cis : Declare found syscalls] ******************
skipping: [localhost]

TASK [/stigforge/roles/ubuntu22_cis : Declare missing syscalls] ****************
skipping: [localhost]

TASK [/stigforge/roles/ubuntu22_cis : Replace the audit rule in {{ audit_file }}] ***
skipping: [localhost]

TASK [/stigforge/roles/ubuntu22_cis : Add the audit rule to {{ audit_file }}] ***
skipping: [localhost]

TASK [/stigforge/roles/ubuntu22_cis : Declare list of syscalls] ****************
skipping: [localhost]

TASK [/stigforge/roles/ubuntu22_cis : Check existence of fsetxattr in /etc/audit/audit.rules] ***
skipping: [localhost]

TASK [/stigforge/roles/ubuntu22_cis : Set path to /etc/audit/audit.rules] ******
skipping: [localhost]

TASK [/stigforge/roles/ubuntu22_cis : Declare found syscalls] ******************
skipping: [localhost]

TASK [/stigforge/roles/ubuntu22_cis : Declare missing syscalls] ****************
skipping: [localhost]

TASK [/stigforge/roles/ubuntu22_cis : Replace the audit rule in {{ audit_file }}] ***
skipping: [localhost]

TASK [/stigforge/roles/ubuntu22_cis : Add the audit rule to {{ audit_file }}] ***
skipping: [localhost]

TASK [/stigforge/roles/ubuntu22_cis : Declare list of syscalls] ****************
skipping: [localhost]

TASK [/stigforge/roles/ubuntu22_cis : Check existence of fsetxattr in /etc/audit/rules.d/] ***
skipping: [localhost]

TASK [/stigforge/roles/ubuntu22_cis : Reset syscalls found per file] ***********
skipping: [localhost]

TASK [/stigforge/roles/ubuntu22_cis : Declare syscalls found per file] *********
skipping: [localhost]

TASK [/stigforge/roles/ubuntu22_cis : Declare files where syscalls were found] ***
skipping: [localhost]

TASK [/stigforge/roles/ubuntu22_cis : Count occurrences of syscalls in paths] ***
skipping: [localhost]

TASK [/stigforge/roles/ubuntu22_cis : Get path with most syscalls] *************
skipping: [localhost]

TASK [/stigforge/roles/ubuntu22_cis : No file with syscall found, set path to /etc/audit/rules.d/perm_mod.rules] ***
skipping: [localhost]

TASK [/stigforge/roles/ubuntu22_cis : Declare found syscalls] ******************
skipping: [localhost]

TASK [/stigforge/roles/ubuntu22_cis : Declare missing syscalls] ****************
skipping: [localhost]

TASK [/stigforge/roles/ubuntu22_cis : Replace the audit rule in {{ audit_file }}] ***
skipping: [localhost]

TASK [/stigforge/roles/ubuntu22_cis : Add the audit rule to {{ audit_file }}] ***
skipping: [localhost]

TASK [/stigforge/roles/ubuntu22_cis : Declare list of syscalls] ****************
skipping: [localhost]

TASK [/stigforge/roles/ubuntu22_cis : Check existence of fsetxattr in /etc/audit/audit.rules] ***
skipping: [localhost]

TASK [/stigforge/roles/ubuntu22_cis : Set path to /etc/audit/audit.rules] ******
skipping: [localhost]

TASK [/stigforge/roles/ubuntu22_cis : Declare found syscalls] ******************
skipping: [localhost]

TASK [/stigforge/roles/ubuntu22_cis : Declare missing syscalls] ****************
skipping: [localhost]

TASK [/stigforge/roles/ubuntu22_cis : Replace the audit rule in {{ audit_file }}] ***
skipping: [localhost]

TASK [/stigforge/roles/ubuntu22_cis : Add the audit rule to {{ audit_file }}] ***
skipping: [localhost]

TASK [/stigforge/roles/ubuntu22_cis : Set architecture for audit lchown tasks] ***
skipping: [localhost]

TASK [/stigforge/roles/ubuntu22_cis : Declare list of syscalls] ****************
skipping: [localhost]

TASK [/stigforge/roles/ubuntu22_cis : Check existence of lchown in /etc/audit/rules.d/] ***
skipping: [localhost]

TASK [/stigforge/roles/ubuntu22_cis : Reset syscalls found per file] ***********
skipping: [localhost]

TASK [/stigforge/roles/ubuntu22_cis : Declare syscalls found per file] *********
skipping: [localhost]

TASK [/stigforge/roles/ubuntu22_cis : Declare files where syscalls were found] ***
skipping: [localhost]

TASK [/stigforge/roles/ubuntu22_cis : Count occurrences of syscalls in paths] ***
skipping: [localhost]

TASK [/stigforge/roles/ubuntu22_cis : Get path with most syscalls] *************
skipping: [localhost]

TASK [/stigforge/roles/ubuntu22_cis : No file with syscall found, set path to /etc/audit/rules.d/perm_mod.rules] ***
skipping: [localhost]

TASK [/stigforge/roles/ubuntu22_cis : Declare found syscalls] ******************
skipping: [localhost]

TASK [/stigforge/roles/ubuntu22_cis : Declare missing syscalls] ****************
skipping: [localhost]

TASK [/stigforge/roles/ubuntu22_cis : Replace the audit rule in {{ audit_file }}] ***
skipping: [localhost]

TASK [/stigforge/roles/ubuntu22_cis : Add the audit rule to {{ audit_file }}] ***
skipping: [localhost]

TASK [/stigforge/roles/ubuntu22_cis : Declare list of syscalls] ****************
skipping: [localhost]

TASK [/stigforge/roles/ubuntu22_cis : Check existence of lchown in /etc/audit/audit.rules] ***
skipping: [localhost]

TASK [/stigforge/roles/ubuntu22_cis : Set path to /etc/audit/audit.rules] ******
skipping: [localhost]

TASK [/stigforge/roles/ubuntu22_cis : Declare found syscalls] ******************
skipping: [localhost]

TASK [/stigforge/roles/ubuntu22_cis : Declare missing syscalls] ****************
skipping: [localhost]

TASK [/stigforge/roles/ubuntu22_cis : Replace the audit rule in {{ audit_file }}] ***
skipping: [localhost]

TASK [/stigforge/roles/ubuntu22_cis : Add the audit rule to {{ audit_file }}] ***
skipping: [localhost]

TASK [/stigforge/roles/ubuntu22_cis : Declare list of syscalls] ****************
skipping: [localhost]

TASK [/stigforge/roles/ubuntu22_cis : Check existence of lchown in /etc/audit/rules.d/] ***
skipping: [localhost]

TASK [/stigforge/roles/ubuntu22_cis : Reset syscalls found per file] ***********
skipping: [localhost]

TASK [/stigforge/roles/ubuntu22_cis : Declare syscalls found per file] *********
skipping: [localhost]

TASK [/stigforge/roles/ubuntu22_cis : Declare files where syscalls were found] ***
skipping: [localhost]

TASK [/stigforge/roles/ubuntu22_cis : Count occurrences of syscalls in paths] ***
skipping: [localhost]

TASK [/stigforge/roles/ubuntu22_cis : Get path with most syscalls] *************
skipping: [localhost]

TASK [/stigforge/roles/ubuntu22_cis : No file with syscall found, set path to /etc/audit/rules.d/perm_mod.rules] ***
skipping: [localhost]

TASK [/stigforge/roles/ubuntu22_cis : Declare found syscalls] ******************
skipping: [localhost]

TASK [/stigforge/roles/ubuntu22_cis : Declare missing syscalls] ****************
skipping: [localhost]

TASK [/stigforge/roles/ubuntu22_cis : Replace the audit rule in {{ audit_file }}] ***
skipping: [localhost]

TASK [/stigforge/roles/ubuntu22_cis : Add the audit rule to {{ audit_file }}] ***
skipping: [localhost]

TASK [/stigforge/roles/ubuntu22_cis : Declare list of syscalls] ****************
skipping: [localhost]

TASK [/stigforge/roles/ubuntu22_cis : Check existence of lchown in /etc/audit/audit.rules] ***
skipping: [localhost]

TASK [/stigforge/roles/ubuntu22_cis : Set path to /etc/audit/audit.rules] ******
skipping: [localhost]

TASK [/stigforge/roles/ubuntu22_cis : Declare found syscalls] ******************
skipping: [localhost]

TASK [/stigforge/roles/ubuntu22_cis : Declare missing syscalls] ****************
skipping: [localhost]

TASK [/stigforge/roles/ubuntu22_cis : Replace the audit rule in {{ audit_file }}] ***
skipping: [localhost]

TASK [/stigforge/roles/ubuntu22_cis : Add the audit rule to {{ audit_file }}] ***
skipping: [localhost]

TASK [/stigforge/roles/ubuntu22_cis : Set architecture for audit lremovexattr tasks] ***
skipping: [localhost]

TASK [/stigforge/roles/ubuntu22_cis : Declare list of syscalls] ****************
skipping: [localhost]

TASK [/stigforge/roles/ubuntu22_cis : Check existence of lremovexattr in /etc/audit/rules.d/] ***
skipping: [localhost]

TASK [/stigforge/roles/ubuntu22_cis : Reset syscalls found per file] ***********
skipping: [localhost]

TASK [/stigforge/roles/ubuntu22_cis : Declare syscalls found per file] *********
skipping: [localhost]

TASK [/stigforge/roles/ubuntu22_cis : Declare files where syscalls were found] ***
skipping: [localhost]

TASK [/stigforge/roles/ubuntu22_cis : Count occurrences of syscalls in paths] ***
skipping: [localhost]

TASK [/stigforge/roles/ubuntu22_cis : Get path with most syscalls] *************
skipping: [localhost]

TASK [/stigforge/roles/ubuntu22_cis : No file with syscall found, set path to /etc/audit/rules.d/perm_mod.rules] ***
skipping: [localhost]

TASK [/stigforge/roles/ubuntu22_cis : Declare found syscalls] ******************
skipping: [localhost]

TASK [/stigforge/roles/ubuntu22_cis : Declare missing syscalls] ****************
skipping: [localhost]

TASK [/stigforge/roles/ubuntu22_cis : Replace the audit rule in {{ audit_file }}] ***
skipping: [localhost]

TASK [/stigforge/roles/ubuntu22_cis : Add the audit rule to {{ audit_file }}] ***
skipping: [localhost]

TASK [/stigforge/roles/ubuntu22_cis : Declare list of syscalls] ****************
skipping: [localhost]

TASK [/stigforge/roles/ubuntu22_cis : Check existence of lremovexattr in /etc/audit/audit.rules] ***
skipping: [localhost]

TASK [/stigforge/roles/ubuntu22_cis : Set path to /etc/audit/audit.rules] ******
skipping: [localhost]

TASK [/stigforge/roles/ubuntu22_cis : Declare found syscalls] ******************
skipping: [localhost]

TASK [/stigforge/roles/ubuntu22_cis : Declare missing syscalls] ****************
skipping: [localhost]

TASK [/stigforge/roles/ubuntu22_cis : Replace the audit rule in {{ audit_file }}] ***
skipping: [localhost]

TASK [/stigforge/roles/ubuntu22_cis : Add the audit rule to {{ audit_file }}] ***
skipping: [localhost]

TASK [/stigforge/roles/ubuntu22_cis : Declare list of syscalls] ****************
skipping: [localhost]

TASK [/stigforge/roles/ubuntu22_cis : Check existence of lremovexattr in /etc/audit/rules.d/] ***
skipping: [localhost]

TASK [/stigforge/roles/ubuntu22_cis : Reset syscalls found per file] ***********
skipping: [localhost]

TASK [/stigforge/roles/ubuntu22_cis : Declare syscalls found per file] *********
skipping: [localhost]

TASK [/stigforge/roles/ubuntu22_cis : Declare files where syscalls were found] ***
skipping: [localhost]

TASK [/stigforge/roles/ubuntu22_cis : Count occurrences of syscalls in paths] ***
skipping: [localhost]

TASK [/stigforge/roles/ubuntu22_cis : Get path with most syscalls] *************
skipping: [localhost]

TASK [/stigforge/roles/ubuntu22_cis : No file with syscall found, set path to /etc/audit/rules.d/perm_mod.rules] ***
skipping: [localhost]

TASK [/stigforge/roles/ubuntu22_cis : Declare found syscalls] ******************
skipping: [localhost]

TASK [/stigforge/roles/ubuntu22_cis : Declare missing syscalls] ****************
skipping: [localhost]

TASK [/stigforge/roles/ubuntu22_cis : Replace the audit rule in {{ audit_file }}] ***
skipping: [localhost]

TASK [/stigforge/roles/ubuntu22_cis : Add the audit rule to {{ audit_file }}] ***
skipping: [localhost]

TASK [/stigforge/roles/ubuntu22_cis : Declare list of syscalls] ****************
skipping: [localhost]

TASK [/stigforge/roles/ubuntu22_cis : Check existence of lremovexattr in /etc/audit/audit.rules] ***
skipping: [localhost]

TASK [/stigforge/roles/ubuntu22_cis : Set path to /etc/audit/audit.rules] ******
skipping: [localhost]

TASK [/stigforge/roles/ubuntu22_cis : Declare found syscalls] ******************
skipping: [localhost]

TASK [/stigforge/roles/ubuntu22_cis : Declare missing syscalls] ****************
skipping: [localhost]

TASK [/stigforge/roles/ubuntu22_cis : Replace the audit rule in {{ audit_file }}] ***
skipping: [localhost]

TASK [/stigforge/roles/ubuntu22_cis : Add the audit rule to {{ audit_file }}] ***
skipping: [localhost]

TASK [/stigforge/roles/ubuntu22_cis : Declare list of syscalls] ****************
skipping: [localhost]

TASK [/stigforge/roles/ubuntu22_cis : Check existence of lremovexattr in /etc/audit/rules.d/] ***
skipping: [localhost]

TASK [/stigforge/roles/ubuntu22_cis : Reset syscalls found per file] ***********
skipping: [localhost]

TASK [/stigforge/roles/ubuntu22_cis : Declare syscalls found per file] *********
skipping: [localhost]

TASK [/stigforge/roles/ubuntu22_cis : Declare files where syscalls were found] ***
skipping: [localhost]

TASK [/stigforge/roles/ubuntu22_cis : Count occurrences of syscalls in paths] ***
skipping: [localhost]

TASK [/stigforge/roles/ubuntu22_cis : Get path with most syscalls] *************
skipping: [localhost]

TASK [/stigforge/roles/ubuntu22_cis : No file with syscall found, set path to /etc/audit/rules.d/perm_mod.rules] ***
skipping: [localhost]

TASK [/stigforge/roles/ubuntu22_cis : Declare found syscalls] ******************
skipping: [localhost]

TASK [/stigforge/roles/ubuntu22_cis : Declare missing syscalls] ****************
skipping: [localhost]

TASK [/stigforge/roles/ubuntu22_cis : Replace the audit rule in {{ audit_file }}] ***
skipping: [localhost]

TASK [/stigforge/roles/ubuntu22_cis : Add the audit rule to {{ audit_file }}] ***
skipping: [localhost]

TASK [/stigforge/roles/ubuntu22_cis : Declare list of syscalls] ****************
skipping: [localhost]

TASK [/stigforge/roles/ubuntu22_cis : Check existence of lremovexattr in /etc/audit/audit.rules] ***
skipping: [localhost]

TASK [/stigforge/roles/ubuntu22_cis : Set path to /etc/audit/audit.rules] ******
skipping: [localhost]

TASK [/stigforge/roles/ubuntu22_cis : Declare found syscalls] ******************
skipping: [localhost]

TASK [/stigforge/roles/ubuntu22_cis : Declare missing syscalls] ****************
skipping: [localhost]

TASK [/stigforge/roles/ubuntu22_cis : Replace the audit rule in {{ audit_file }}] ***
skipping: [localhost]

TASK [/stigforge/roles/ubuntu22_cis : Add the audit rule to {{ audit_file }}] ***
skipping: [localhost]

TASK [/stigforge/roles/ubuntu22_cis : Declare list of syscalls] ****************
skipping: [localhost]

TASK [/stigforge/roles/ubuntu22_cis : Check existence of lremovexattr in /etc/audit/rules.d/] ***
skipping: [localhost]

TASK [/stigforge/roles/ubuntu22_cis : Reset syscalls found per file] ***********
skipping: [localhost]

TASK [/stigforge/roles/ubuntu22_cis : Declare syscalls found per file] *********
skipping: [localhost]

TASK [/stigforge/roles/ubuntu22_cis : Declare files where syscalls were found] ***
skipping: [localhost]

TASK [/stigforge/roles/ubuntu22_cis : Count occurrences of syscalls in paths] ***
skipping: [localhost]

TASK [/stigforge/roles/ubuntu22_cis : Get path with most syscalls] *************
skipping: [localhost]

TASK [/stigforge/roles/ubuntu22_cis : No file with syscall found, set path to /etc/audit/rules.d/perm_mod.rules] ***
skipping: [localhost]

TASK [/stigforge/roles/ubuntu22_cis : Declare found syscalls] ******************
skipping: [localhost]

TASK [/stigforge/roles/ubuntu22_cis : Declare missing syscalls] ****************
skipping: [localhost]

TASK [/stigforge/roles/ubuntu22_cis : Replace the audit rule in {{ audit_file }}] ***
skipping: [localhost]

TASK [/stigforge/roles/ubuntu22_cis : Add the audit rule to {{ audit_file }}] ***
skipping: [localhost]

TASK [/stigforge/roles/ubuntu22_cis : Declare list of syscalls] ****************
skipping: [localhost]

TASK [/stigforge/roles/ubuntu22_cis : Check existence of lremovexattr in /etc/audit/audit.rules] ***
skipping: [localhost]

TASK [/stigforge/roles/ubuntu22_cis : Set path to /etc/audit/audit.rules] ******
skipping: [localhost]

TASK [/stigforge/roles/ubuntu22_cis : Declare found syscalls] ******************
skipping: [localhost]

TASK [/stigforge/roles/ubuntu22_cis : Declare missing syscalls] ****************
skipping: [localhost]

TASK [/stigforge/roles/ubuntu22_cis : Replace the audit rule in {{ audit_file }}] ***
skipping: [localhost]

TASK [/stigforge/roles/ubuntu22_cis : Add the audit rule to {{ audit_file }}] ***
skipping: [localhost]

TASK [/stigforge/roles/ubuntu22_cis : Set architecture for audit lsetxattr tasks] ***
skipping: [localhost]

TASK [/stigforge/roles/ubuntu22_cis : Declare list of syscalls] ****************
skipping: [localhost]

TASK [/stigforge/roles/ubuntu22_cis : Check existence of lsetxattr in /etc/audit/rules.d/] ***
skipping: [localhost]

TASK [/stigforge/roles/ubuntu22_cis : Reset syscalls found per file] ***********
skipping: [localhost]

TASK [/stigforge/roles/ubuntu22_cis : Declare syscalls found per file] *********
skipping: [localhost]

TASK [/stigforge/roles/ubuntu22_cis : Declare files where syscalls were found] ***
skipping: [localhost]

TASK [/stigforge/roles/ubuntu22_cis : Count occurrences of syscalls in paths] ***
skipping: [localhost]

TASK [/stigforge/roles/ubuntu22_cis : Get path with most syscalls] *************
skipping: [localhost]

TASK [/stigforge/roles/ubuntu22_cis : No file with syscall found, set path to /etc/audit/rules.d/perm_mod.rules] ***
skipping: [localhost]

TASK [/stigforge/roles/ubuntu22_cis : Declare found syscalls] ******************
skipping: [localhost]

TASK [/stigforge/roles/ubuntu22_cis : Declare missing syscalls] ****************
skipping: [localhost]

TASK [/stigforge/roles/ubuntu22_cis : Replace the audit rule in {{ audit_file }}] ***
skipping: [localhost]

TASK [/stigforge/roles/ubuntu22_cis : Add the audit rule to {{ audit_file }}] ***
skipping: [localhost]

TASK [/stigforge/roles/ubuntu22_cis : Declare list of syscalls] ****************
skipping: [localhost]

TASK [/stigforge/roles/ubuntu22_cis : Check existence of lsetxattr in /etc/audit/audit.rules] ***
skipping: [localhost]

TASK [/stigforge/roles/ubuntu22_cis : Set path to /etc/audit/audit.rules] ******
skipping: [localhost]

TASK [/stigforge/roles/ubuntu22_cis : Declare found syscalls] ******************
skipping: [localhost]

TASK [/stigforge/roles/ubuntu22_cis : Declare missing syscalls] ****************
skipping: [localhost]

TASK [/stigforge/roles/ubuntu22_cis : Replace the audit rule in {{ audit_file }}] ***
skipping: [localhost]

TASK [/stigforge/roles/ubuntu22_cis : Add the audit rule to {{ audit_file }}] ***
skipping: [localhost]

TASK [/stigforge/roles/ubuntu22_cis : Declare list of syscalls] ****************
skipping: [localhost]

TASK [/stigforge/roles/ubuntu22_cis : Check existence of lsetxattr in /etc/audit/rules.d/] ***
skipping: [localhost]

TASK [/stigforge/roles/ubuntu22_cis : Reset syscalls found per file] ***********
skipping: [localhost]

TASK [/stigforge/roles/ubuntu22_cis : Declare syscalls found per file] *********
skipping: [localhost]

TASK [/stigforge/roles/ubuntu22_cis : Declare files where syscalls were found] ***
skipping: [localhost]

TASK [/stigforge/roles/ubuntu22_cis : Count occurrences of syscalls in paths] ***
skipping: [localhost]

TASK [/stigforge/roles/ubuntu22_cis : Get path with most syscalls] *************
skipping: [localhost]

TASK [/stigforge/roles/ubuntu22_cis : No file with syscall found, set path to /etc/audit/rules.d/perm_mod.rules] ***
skipping: [localhost]

TASK [/stigforge/roles/ubuntu22_cis : Declare found syscalls] ******************
skipping: [localhost]

TASK [/stigforge/roles/ubuntu22_cis : Declare missing syscalls] ****************
skipping: [localhost]

TASK [/stigforge/roles/ubuntu22_cis : Replace the audit rule in {{ audit_file }}] ***
skipping: [localhost]

TASK [/stigforge/roles/ubuntu22_cis : Add the audit rule to {{ audit_file }}] ***
skipping: [localhost]

TASK [/stigforge/roles/ubuntu22_cis : Declare list of syscalls] ****************
skipping: [localhost]

TASK [/stigforge/roles/ubuntu22_cis : Check existence of lsetxattr in /etc/audit/audit.rules] ***
skipping: [localhost]

TASK [/stigforge/roles/ubuntu22_cis : Set path to /etc/audit/audit.rules] ******
skipping: [localhost]

TASK [/stigforge/roles/ubuntu22_cis : Declare found syscalls] ******************
skipping: [localhost]

TASK [/stigforge/roles/ubuntu22_cis : Declare missing syscalls] ****************
skipping: [localhost]

TASK [/stigforge/roles/ubuntu22_cis : Replace the audit rule in {{ audit_file }}] ***
skipping: [localhost]

TASK [/stigforge/roles/ubuntu22_cis : Add the audit rule to {{ audit_file }}] ***
skipping: [localhost]

TASK [/stigforge/roles/ubuntu22_cis : Declare list of syscalls] ****************
skipping: [localhost]

TASK [/stigforge/roles/ubuntu22_cis : Check existence of lsetxattr in /etc/audit/rules.d/] ***
skipping: [localhost]

TASK [/stigforge/roles/ubuntu22_cis : Reset syscalls found per file] ***********
skipping: [localhost]

TASK [/stigforge/roles/ubuntu22_cis : Declare syscalls found per file] *********
skipping: [localhost]

TASK [/stigforge/roles/ubuntu22_cis : Declare files where syscalls were found] ***
skipping: [localhost]

TASK [/stigforge/roles/ubuntu22_cis : Count occurrences of syscalls in paths] ***
skipping: [localhost]

TASK [/stigforge/roles/ubuntu22_cis : Get path with most syscalls] *************
skipping: [localhost]

TASK [/stigforge/roles/ubuntu22_cis : No file with syscall found, set path to /etc/audit/rules.d/perm_mod.rules] ***
skipping: [localhost]

TASK [/stigforge/roles/ubuntu22_cis : Declare found syscalls] ******************
skipping: [localhost]

TASK [/stigforge/roles/ubuntu22_cis : Declare missing syscalls] ****************
skipping: [localhost]

TASK [/stigforge/roles/ubuntu22_cis : Replace the audit rule in {{ audit_file }}] ***
skipping: [localhost]

TASK [/stigforge/roles/ubuntu22_cis : Add the audit rule to {{ audit_file }}] ***
skipping: [localhost]

TASK [/stigforge/roles/ubuntu22_cis : Declare list of syscalls] ****************
skipping: [localhost]

TASK [/stigforge/roles/ubuntu22_cis : Check existence of lsetxattr in /etc/audit/audit.rules] ***
skipping: [localhost]

TASK [/stigforge/roles/ubuntu22_cis : Set path to /etc/audit/audit.rules] ******
skipping: [localhost]

TASK [/stigforge/roles/ubuntu22_cis : Declare found syscalls] ******************
skipping: [localhost]

TASK [/stigforge/roles/ubuntu22_cis : Declare missing syscalls] ****************
skipping: [localhost]

TASK [/stigforge/roles/ubuntu22_cis : Replace the audit rule in {{ audit_file }}] ***
skipping: [localhost]

TASK [/stigforge/roles/ubuntu22_cis : Add the audit rule to {{ audit_file }}] ***
skipping: [localhost]

TASK [/stigforge/roles/ubuntu22_cis : Declare list of syscalls] ****************
skipping: [localhost]

TASK [/stigforge/roles/ubuntu22_cis : Check existence of lsetxattr in /etc/audit/rules.d/] ***
skipping: [localhost]

TASK [/stigforge/roles/ubuntu22_cis : Reset syscalls found per file] ***********
skipping: [localhost]

TASK [/stigforge/roles/ubuntu22_cis : Declare syscalls found per file] *********
skipping: [localhost]

TASK [/stigforge/roles/ubuntu22_cis : Declare files where syscalls were found] ***
skipping: [localhost]

TASK [/stigforge/roles/ubuntu22_cis : Count occurrences of syscalls in paths] ***
skipping: [localhost]

TASK [/stigforge/roles/ubuntu22_cis : Get path with most syscalls] *************
skipping: [localhost]

TASK [/stigforge/roles/ubuntu22_cis : No file with syscall found, set path to /etc/audit/rules.d/perm_mod.rules] ***
skipping: [localhost]

TASK [/stigforge/roles/ubuntu22_cis : Declare found syscalls] ******************
skipping: [localhost]

TASK [/stigforge/roles/ubuntu22_cis : Declare missing syscalls] ****************
skipping: [localhost]

TASK [/stigforge/roles/ubuntu22_cis : Replace the audit rule in {{ audit_file }}] ***
skipping: [localhost]

TASK [/stigforge/roles/ubuntu22_cis : Add the audit rule to {{ audit_file }}] ***
skipping: [localhost]

TASK [/stigforge/roles/ubuntu22_cis : Declare list of syscalls] ****************
skipping: [localhost]

TASK [/stigforge/roles/ubuntu22_cis : Check existence of lsetxattr in /etc/audit/audit.rules] ***
skipping: [localhost]

TASK [/stigforge/roles/ubuntu22_cis : Set path to /etc/audit/audit.rules] ******
skipping: [localhost]

TASK [/stigforge/roles/ubuntu22_cis : Declare found syscalls] ******************
skipping: [localhost]

TASK [/stigforge/roles/ubuntu22_cis : Declare missing syscalls] ****************
skipping: [localhost]

TASK [/stigforge/roles/ubuntu22_cis : Replace the audit rule in {{ audit_file }}] ***
skipping: [localhost]

TASK [/stigforge/roles/ubuntu22_cis : Add the audit rule to {{ audit_file }}] ***
skipping: [localhost]

TASK [/stigforge/roles/ubuntu22_cis : Set architecture for audit removexattr tasks] ***
skipping: [localhost]

TASK [/stigforge/roles/ubuntu22_cis : Declare list of syscalls] ****************
skipping: [localhost]

TASK [/stigforge/roles/ubuntu22_cis : Check existence of removexattr in /etc/audit/rules.d/] ***
skipping: [localhost]

TASK [/stigforge/roles/ubuntu22_cis : Reset syscalls found per file] ***********
skipping: [localhost]

TASK [/stigforge/roles/ubuntu22_cis : Declare syscalls found per file] *********
skipping: [localhost]

TASK [/stigforge/roles/ubuntu22_cis : Declare files where syscalls were found] ***
skipping: [localhost]

TASK [/stigforge/roles/ubuntu22_cis : Count occurrences of syscalls in paths] ***
skipping: [localhost]

TASK [/stigforge/roles/ubuntu22_cis : Get path with most syscalls] *************
skipping: [localhost]

TASK [/stigforge/roles/ubuntu22_cis : No file with syscall found, set path to /etc/audit/rules.d/perm_mod.rules] ***
skipping: [localhost]

TASK [/stigforge/roles/ubuntu22_cis : Declare found syscalls] ******************
skipping: [localhost]

TASK [/stigforge/roles/ubuntu22_cis : Declare missing syscalls] ****************
skipping: [localhost]

TASK [/stigforge/roles/ubuntu22_cis : Replace the audit rule in {{ audit_file }}] ***
skipping: [localhost]

TASK [/stigforge/roles/ubuntu22_cis : Add the audit rule to {{ audit_file }}] ***
skipping: [localhost]

TASK [/stigforge/roles/ubuntu22_cis : Declare list of syscalls] ****************
skipping: [localhost]

TASK [/stigforge/roles/ubuntu22_cis : Check existence of removexattr in /etc/audit/audit.rules] ***
skipping: [localhost]

TASK [/stigforge/roles/ubuntu22_cis : Set path to /etc/audit/audit.rules] ******
skipping: [localhost]

TASK [/stigforge/roles/ubuntu22_cis : Declare found syscalls] ******************
skipping: [localhost]

TASK [/stigforge/roles/ubuntu22_cis : Declare missing syscalls] ****************
skipping: [localhost]

TASK [/stigforge/roles/ubuntu22_cis : Replace the audit rule in {{ audit_file }}] ***
skipping: [localhost]

TASK [/stigforge/roles/ubuntu22_cis : Add the audit rule to {{ audit_file }}] ***
skipping: [localhost]

TASK [/stigforge/roles/ubuntu22_cis : Declare list of syscalls] ****************
skipping: [localhost]

TASK [/stigforge/roles/ubuntu22_cis : Check existence of removexattr in /etc/audit/rules.d/] ***
skipping: [localhost]

TASK [/stigforge/roles/ubuntu22_cis : Reset syscalls found per file] ***********
skipping: [localhost]

TASK [/stigforge/roles/ubuntu22_cis : Declare syscalls found per file] *********
skipping: [localhost]

TASK [/stigforge/roles/ubuntu22_cis : Declare files where syscalls were found] ***
skipping: [localhost]

TASK [/stigforge/roles/ubuntu22_cis : Count occurrences of syscalls in paths] ***
skipping: [localhost]

TASK [/stigforge/roles/ubuntu22_cis : Get path with most syscalls] *************
skipping: [localhost]

TASK [/stigforge/roles/ubuntu22_cis : No file with syscall found, set path to /etc/audit/rules.d/perm_mod.rules] ***
skipping: [localhost]

TASK [/stigforge/roles/ubuntu22_cis : Declare found syscalls] ******************
skipping: [localhost]

TASK [/stigforge/roles/ubuntu22_cis : Declare missing syscalls] ****************
skipping: [localhost]

TASK [/stigforge/roles/ubuntu22_cis : Replace the audit rule in {{ audit_file }}] ***
skipping: [localhost]

TASK [/stigforge/roles/ubuntu22_cis : Add the audit rule to {{ audit_file }}] ***
skipping: [localhost]

TASK [/stigforge/roles/ubuntu22_cis : Declare list of syscalls] ****************
skipping: [localhost]

TASK [/stigforge/roles/ubuntu22_cis : Check existence of removexattr in /etc/audit/audit.rules] ***
skipping: [localhost]

TASK [/stigforge/roles/ubuntu22_cis : Set path to /etc/audit/audit.rules] ******
skipping: [localhost]

TASK [/stigforge/roles/ubuntu22_cis : Declare found syscalls] ******************
skipping: [localhost]

TASK [/stigforge/roles/ubuntu22_cis : Declare missing syscalls] ****************
skipping: [localhost]

TASK [/stigforge/roles/ubuntu22_cis : Replace the audit rule in {{ audit_file }}] ***
skipping: [localhost]

TASK [/stigforge/roles/ubuntu22_cis : Add the audit rule to {{ audit_file }}] ***
skipping: [localhost]

TASK [/stigforge/roles/ubuntu22_cis : Declare list of syscalls] ****************
skipping: [localhost]

TASK [/stigforge/roles/ubuntu22_cis : Check existence of removexattr in /etc/audit/rules.d/] ***
skipping: [localhost]

TASK [/stigforge/roles/ubuntu22_cis : Reset syscalls found per file] ***********
skipping: [localhost]

TASK [/stigforge/roles/ubuntu22_cis : Declare syscalls found per file] *********
skipping: [localhost]

TASK [/stigforge/roles/ubuntu22_cis : Declare files where syscalls were found] ***
skipping: [localhost]

TASK [/stigforge/roles/ubuntu22_cis : Count occurrences of syscalls in paths] ***
skipping: [localhost]

TASK [/stigforge/roles/ubuntu22_cis : Get path with most syscalls] *************
skipping: [localhost]

TASK [/stigforge/roles/ubuntu22_cis : No file with syscall found, set path to /etc/audit/rules.d/perm_mod.rules] ***
skipping: [localhost]

TASK [/stigforge/roles/ubuntu22_cis : Declare found syscalls] ******************
skipping: [localhost]

TASK [/stigforge/roles/ubuntu22_cis : Declare missing syscalls] ****************
skipping: [localhost]

TASK [/stigforge/roles/ubuntu22_cis : Replace the audit rule in {{ audit_file }}] ***
skipping: [localhost]

TASK [/stigforge/roles/ubuntu22_cis : Add the audit rule to {{ audit_file }}] ***
skipping: [localhost]

TASK [/stigforge/roles/ubuntu22_cis : Declare list of syscalls] ****************
skipping: [localhost]

TASK [/stigforge/roles/ubuntu22_cis : Check existence of removexattr in /etc/audit/audit.rules] ***
skipping: [localhost]

TASK [/stigforge/roles/ubuntu22_cis : Set path to /etc/audit/audit.rules] ******
skipping: [localhost]

TASK [/stigforge/roles/ubuntu22_cis : Declare found syscalls] ******************
skipping: [localhost]

TASK [/stigforge/roles/ubuntu22_cis : Declare missing syscalls] ****************
skipping: [localhost]

TASK [/stigforge/roles/ubuntu22_cis : Replace the audit rule in {{ audit_file }}] ***
skipping: [localhost]

TASK [/stigforge/roles/ubuntu22_cis : Add the audit rule to {{ audit_file }}] ***
skipping: [localhost]

TASK [/stigforge/roles/ubuntu22_cis : Declare list of syscalls] ****************
skipping: [localhost]

TASK [/stigforge/roles/ubuntu22_cis : Check existence of removexattr in /etc/audit/rules.d/] ***
skipping: [localhost]

TASK [/stigforge/roles/ubuntu22_cis : Reset syscalls found per file] ***********
skipping: [localhost]

TASK [/stigforge/roles/ubuntu22_cis : Declare syscalls found per file] *********
skipping: [localhost]

TASK [/stigforge/roles/ubuntu22_cis : Declare files where syscalls were found] ***
skipping: [localhost]

TASK [/stigforge/roles/ubuntu22_cis : Count occurrences of syscalls in paths] ***
skipping: [localhost]

TASK [/stigforge/roles/ubuntu22_cis : Get path with most syscalls] *************
skipping: [localhost]

TASK [/stigforge/roles/ubuntu22_cis : No file with syscall found, set path to /etc/audit/rules.d/perm_mod.rules] ***
skipping: [localhost]

TASK [/stigforge/roles/ubuntu22_cis : Declare found syscalls] ******************
skipping: [localhost]

TASK [/stigforge/roles/ubuntu22_cis : Declare missing syscalls] ****************
skipping: [localhost]

TASK [/stigforge/roles/ubuntu22_cis : Replace the audit rule in {{ audit_file }}] ***
skipping: [localhost]

TASK [/stigforge/roles/ubuntu22_cis : Add the audit rule to {{ audit_file }}] ***
skipping: [localhost]

TASK [/stigforge/roles/ubuntu22_cis : Declare list of syscalls] ****************
skipping: [localhost]

TASK [/stigforge/roles/ubuntu22_cis : Check existence of removexattr in /etc/audit/audit.rules] ***
skipping: [localhost]

TASK [/stigforge/roles/ubuntu22_cis : Set path to /etc/audit/audit.rules] ******
skipping: [localhost]

TASK [/stigforge/roles/ubuntu22_cis : Declare found syscalls] ******************
skipping: [localhost]

TASK [/stigforge/roles/ubuntu22_cis : Declare missing syscalls] ****************
skipping: [localhost]

TASK [/stigforge/roles/ubuntu22_cis : Replace the audit rule in {{ audit_file }}] ***
skipping: [localhost]

TASK [/stigforge/roles/ubuntu22_cis : Add the audit rule to {{ audit_file }}] ***
skipping: [localhost]

TASK [/stigforge/roles/ubuntu22_cis : Set architecture for audit setxattr tasks] ***
skipping: [localhost]

TASK [/stigforge/roles/ubuntu22_cis : Declare list of syscalls] ****************
skipping: [localhost]

TASK [/stigforge/roles/ubuntu22_cis : Check existence of setxattr in /etc/audit/rules.d/] ***
skipping: [localhost]

TASK [/stigforge/roles/ubuntu22_cis : Reset syscalls found per file] ***********
skipping: [localhost]

TASK [/stigforge/roles/ubuntu22_cis : Declare syscalls found per file] *********
skipping: [localhost]

TASK [/stigforge/roles/ubuntu22_cis : Declare files where syscalls were found] ***
skipping: [localhost]

TASK [/stigforge/roles/ubuntu22_cis : Count occurrences of syscalls in paths] ***
skipping: [localhost]

TASK [/stigforge/roles/ubuntu22_cis : Get path with most syscalls] *************
skipping: [localhost]

TASK [/stigforge/roles/ubuntu22_cis : No file with syscall found, set path to /etc/audit/rules.d/perm_mod.rules] ***
skipping: [localhost]

TASK [/stigforge/roles/ubuntu22_cis : Declare found syscalls] ******************
skipping: [localhost]

TASK [/stigforge/roles/ubuntu22_cis : Declare missing syscalls] ****************
skipping: [localhost]

TASK [/stigforge/roles/ubuntu22_cis : Replace the audit rule in {{ audit_file }}] ***
skipping: [localhost]

TASK [/stigforge/roles/ubuntu22_cis : Add the audit rule to {{ audit_file }}] ***
skipping: [localhost]

TASK [/stigforge/roles/ubuntu22_cis : Declare list of syscalls] ****************
skipping: [localhost]

TASK [/stigforge/roles/ubuntu22_cis : Check existence of setxattr in /etc/audit/audit.rules] ***
skipping: [localhost]

TASK [/stigforge/roles/ubuntu22_cis : Set path to /etc/audit/audit.rules] ******
skipping: [localhost]

TASK [/stigforge/roles/ubuntu22_cis : Declare found syscalls] ******************
skipping: [localhost]

TASK [/stigforge/roles/ubuntu22_cis : Declare missing syscalls] ****************
skipping: [localhost]

TASK [/stigforge/roles/ubuntu22_cis : Replace the audit rule in {{ audit_file }}] ***
skipping: [localhost]

TASK [/stigforge/roles/ubuntu22_cis : Add the audit rule to {{ audit_file }}] ***
skipping: [localhost]

TASK [/stigforge/roles/ubuntu22_cis : Declare list of syscalls] ****************
skipping: [localhost]

TASK [/stigforge/roles/ubuntu22_cis : Check existence of setxattr in /etc/audit/rules.d/] ***
skipping: [localhost]

TASK [/stigforge/roles/ubuntu22_cis : Reset syscalls found per file] ***********
skipping: [localhost]

TASK [/stigforge/roles/ubuntu22_cis : Declare syscalls found per file] *********
skipping: [localhost]

TASK [/stigforge/roles/ubuntu22_cis : Declare files where syscalls were found] ***
skipping: [localhost]

TASK [/stigforge/roles/ubuntu22_cis : Count occurrences of syscalls in paths] ***
skipping: [localhost]

TASK [/stigforge/roles/ubuntu22_cis : Get path with most syscalls] *************
skipping: [localhost]

TASK [/stigforge/roles/ubuntu22_cis : No file with syscall found, set path to /etc/audit/rules.d/perm_mod.rules] ***
skipping: [localhost]

TASK [/stigforge/roles/ubuntu22_cis : Declare found syscalls] ******************
skipping: [localhost]

TASK [/stigforge/roles/ubuntu22_cis : Declare missing syscalls] ****************
skipping: [localhost]

TASK [/stigforge/roles/ubuntu22_cis : Replace the audit rule in {{ audit_file }}] ***
skipping: [localhost]

TASK [/stigforge/roles/ubuntu22_cis : Add the audit rule to {{ audit_file }}] ***
skipping: [localhost]

TASK [/stigforge/roles/ubuntu22_cis : Declare list of syscalls] ****************
skipping: [localhost]

TASK [/stigforge/roles/ubuntu22_cis : Check existence of setxattr in /etc/audit/audit.rules] ***
skipping: [localhost]

TASK [/stigforge/roles/ubuntu22_cis : Set path to /etc/audit/audit.rules] ******
skipping: [localhost]

TASK [/stigforge/roles/ubuntu22_cis : Declare found syscalls] ******************
skipping: [localhost]

TASK [/stigforge/roles/ubuntu22_cis : Declare missing syscalls] ****************
skipping: [localhost]

TASK [/stigforge/roles/ubuntu22_cis : Replace the audit rule in {{ audit_file }}] ***
skipping: [localhost]

TASK [/stigforge/roles/ubuntu22_cis : Add the audit rule to {{ audit_file }}] ***
skipping: [localhost]

TASK [/stigforge/roles/ubuntu22_cis : Declare list of syscalls] ****************
skipping: [localhost]

TASK [/stigforge/roles/ubuntu22_cis : Check existence of setxattr in /etc/audit/rules.d/] ***
skipping: [localhost]

TASK [/stigforge/roles/ubuntu22_cis : Reset syscalls found per file] ***********
skipping: [localhost]

TASK [/stigforge/roles/ubuntu22_cis : Declare syscalls found per file] *********
skipping: [localhost]

TASK [/stigforge/roles/ubuntu22_cis : Declare files where syscalls were found] ***
skipping: [localhost]

TASK [/stigforge/roles/ubuntu22_cis : Count occurrences of syscalls in paths] ***
skipping: [localhost]

TASK [/stigforge/roles/ubuntu22_cis : Get path with most syscalls] *************
skipping: [localhost]

TASK [/stigforge/roles/ubuntu22_cis : No file with syscall found, set path to /etc/audit/rules.d/perm_mod.rules] ***
skipping: [localhost]

TASK [/stigforge/roles/ubuntu22_cis : Declare found syscalls] ******************
skipping: [localhost]

TASK [/stigforge/roles/ubuntu22_cis : Declare missing syscalls] ****************
skipping: [localhost]

TASK [/stigforge/roles/ubuntu22_cis : Replace the audit rule in {{ audit_file }}] ***
skipping: [localhost]

TASK [/stigforge/roles/ubuntu22_cis : Add the audit rule to {{ audit_file }}] ***
skipping: [localhost]

TASK [/stigforge/roles/ubuntu22_cis : Declare list of syscalls] ****************
skipping: [localhost]

TASK [/stigforge/roles/ubuntu22_cis : Check existence of setxattr in /etc/audit/audit.rules] ***
skipping: [localhost]

TASK [/stigforge/roles/ubuntu22_cis : Set path to /etc/audit/audit.rules] ******
skipping: [localhost]

TASK [/stigforge/roles/ubuntu22_cis : Declare found syscalls] ******************
skipping: [localhost]

TASK [/stigforge/roles/ubuntu22_cis : Declare missing syscalls] ****************
skipping: [localhost]

TASK [/stigforge/roles/ubuntu22_cis : Replace the audit rule in {{ audit_file }}] ***
skipping: [localhost]

TASK [/stigforge/roles/ubuntu22_cis : Add the audit rule to {{ audit_file }}] ***
skipping: [localhost]

TASK [/stigforge/roles/ubuntu22_cis : Declare list of syscalls] ****************
skipping: [localhost]

TASK [/stigforge/roles/ubuntu22_cis : Check existence of setxattr in /etc/audit/rules.d/] ***
skipping: [localhost]

TASK [/stigforge/roles/ubuntu22_cis : Reset syscalls found per file] ***********
skipping: [localhost]

TASK [/stigforge/roles/ubuntu22_cis : Declare syscalls found per file] *********
skipping: [localhost]

TASK [/stigforge/roles/ubuntu22_cis : Declare files where syscalls were found] ***
skipping: [localhost]

TASK [/stigforge/roles/ubuntu22_cis : Count occurrences of syscalls in paths] ***
skipping: [localhost]

TASK [/stigforge/roles/ubuntu22_cis : Get path with most syscalls] *************
skipping: [localhost]

TASK [/stigforge/roles/ubuntu22_cis : No file with syscall found, set path to /etc/audit/rules.d/perm_mod.rules] ***
skipping: [localhost]

TASK [/stigforge/roles/ubuntu22_cis : Declare found syscalls] ******************
skipping: [localhost]

TASK [/stigforge/roles/ubuntu22_cis : Declare missing syscalls] ****************
skipping: [localhost]

TASK [/stigforge/roles/ubuntu22_cis : Replace the audit rule in {{ audit_file }}] ***
skipping: [localhost]

TASK [/stigforge/roles/ubuntu22_cis : Add the audit rule to {{ audit_file }}] ***
skipping: [localhost]

TASK [/stigforge/roles/ubuntu22_cis : Declare list of syscalls] ****************
skipping: [localhost]

TASK [/stigforge/roles/ubuntu22_cis : Check existence of setxattr in /etc/audit/audit.rules] ***
skipping: [localhost]

TASK [/stigforge/roles/ubuntu22_cis : Set path to /etc/audit/audit.rules] ******
skipping: [localhost]

TASK [/stigforge/roles/ubuntu22_cis : Declare found syscalls] ******************
skipping: [localhost]

TASK [/stigforge/roles/ubuntu22_cis : Declare missing syscalls] ****************
skipping: [localhost]

TASK [/stigforge/roles/ubuntu22_cis : Replace the audit rule in {{ audit_file }}] ***
skipping: [localhost]

TASK [/stigforge/roles/ubuntu22_cis : Add the audit rule to {{ audit_file }}] ***
skipping: [localhost]

TASK [/stigforge/roles/ubuntu22_cis : Declare list of syscalls] ****************
skipping: [localhost]

TASK [/stigforge/roles/ubuntu22_cis : Check existence of  in /etc/audit/rules.d/] ***
skipping: [localhost]

TASK [/stigforge/roles/ubuntu22_cis : Reset syscalls found per file] ***********
skipping: [localhost]

TASK [/stigforge/roles/ubuntu22_cis : Declare syscalls found per file] *********
skipping: [localhost]

TASK [/stigforge/roles/ubuntu22_cis : Declare files where syscalls were found] ***
skipping: [localhost]

TASK [/stigforge/roles/ubuntu22_cis : Count occurrences of syscalls in paths] ***
skipping: [localhost]

TASK [/stigforge/roles/ubuntu22_cis : Get path with most syscalls] *************
skipping: [localhost]

TASK [/stigforge/roles/ubuntu22_cis : No file with syscall found, set path to /etc/audit/rules.d/privileged.rules] ***
skipping: [localhost]

TASK [/stigforge/roles/ubuntu22_cis : Declare found syscalls] ******************
skipping: [localhost]

TASK [/stigforge/roles/ubuntu22_cis : Declare missing syscalls] ****************
skipping: [localhost]

TASK [/stigforge/roles/ubuntu22_cis : Replace the audit rule in {{ audit_file }}] ***
skipping: [localhost]

TASK [/stigforge/roles/ubuntu22_cis : Add the audit rule to {{ audit_file }}] ***
skipping: [localhost]

TASK [/stigforge/roles/ubuntu22_cis : Declare list of syscalls] ****************
skipping: [localhost]

TASK [/stigforge/roles/ubuntu22_cis : Check existence of  in /etc/audit/audit.rules] ***
skipping: [localhost]

TASK [/stigforge/roles/ubuntu22_cis : Set path to /etc/audit/audit.rules] ******
skipping: [localhost]

TASK [/stigforge/roles/ubuntu22_cis : Declare found syscalls] ******************
skipping: [localhost]

TASK [/stigforge/roles/ubuntu22_cis : Declare missing syscalls] ****************
skipping: [localhost]

TASK [/stigforge/roles/ubuntu22_cis : Replace the audit rule in {{ audit_file }}] ***
skipping: [localhost]

TASK [/stigforge/roles/ubuntu22_cis : Add the audit rule to {{ audit_file }}] ***
skipping: [localhost]

TASK [/stigforge/roles/ubuntu22_cis : Declare list of syscalls] ****************
skipping: [localhost]

TASK [/stigforge/roles/ubuntu22_cis : Check existence of  in /etc/audit/rules.d/] ***
skipping: [localhost]

TASK [/stigforge/roles/ubuntu22_cis : Reset syscalls found per file] ***********
skipping: [localhost]

TASK [/stigforge/roles/ubuntu22_cis : Declare syscalls found per file] *********
skipping: [localhost]

TASK [/stigforge/roles/ubuntu22_cis : Declare files where syscalls were found] ***
skipping: [localhost]

TASK [/stigforge/roles/ubuntu22_cis : Count occurrences of syscalls in paths] ***
skipping: [localhost]

TASK [/stigforge/roles/ubuntu22_cis : Get path with most syscalls] *************
skipping: [localhost]

TASK [/stigforge/roles/ubuntu22_cis : No file with syscall found, set path to /etc/audit/rules.d/privileged.rules] ***
skipping: [localhost]

TASK [/stigforge/roles/ubuntu22_cis : Declare found syscalls] ******************
skipping: [localhost]

TASK [/stigforge/roles/ubuntu22_cis : Declare missing syscalls] ****************
skipping: [localhost]

TASK [/stigforge/roles/ubuntu22_cis : Replace the audit rule in {{ audit_file }}] ***
skipping: [localhost]

TASK [/stigforge/roles/ubuntu22_cis : Add the audit rule to {{ audit_file }}] ***
skipping: [localhost]

TASK [/stigforge/roles/ubuntu22_cis : Declare list of syscalls] ****************
skipping: [localhost]

TASK [/stigforge/roles/ubuntu22_cis : Check existence of  in /etc/audit/audit.rules] ***
skipping: [localhost]

TASK [/stigforge/roles/ubuntu22_cis : Set path to /etc/audit/audit.rules] ******
skipping: [localhost]

TASK [/stigforge/roles/ubuntu22_cis : Declare found syscalls] ******************
skipping: [localhost]

TASK [/stigforge/roles/ubuntu22_cis : Declare missing syscalls] ****************
skipping: [localhost]

TASK [/stigforge/roles/ubuntu22_cis : Replace the audit rule in {{ audit_file }}] ***
skipping: [localhost]

TASK [/stigforge/roles/ubuntu22_cis : Add the audit rule to {{ audit_file }}] ***
skipping: [localhost]

TASK [/stigforge/roles/ubuntu22_cis : Declare list of syscalls] ****************
skipping: [localhost]

TASK [/stigforge/roles/ubuntu22_cis : Check existence of  in /etc/audit/rules.d/] ***
skipping: [localhost]

TASK [/stigforge/roles/ubuntu22_cis : Reset syscalls found per file] ***********
skipping: [localhost]

TASK [/stigforge/roles/ubuntu22_cis : Declare syscalls found per file] *********
skipping: [localhost]

TASK [/stigforge/roles/ubuntu22_cis : Declare files where syscalls were found] ***
skipping: [localhost]

TASK [/stigforge/roles/ubuntu22_cis : Count occurrences of syscalls in paths] ***
skipping: [localhost]

TASK [/stigforge/roles/ubuntu22_cis : Get path with most syscalls] *************
skipping: [localhost]

TASK [/stigforge/roles/ubuntu22_cis : No file with syscall found, set path to /etc/audit/rules.d/privileged.rules] ***
skipping: [localhost]

TASK [/stigforge/roles/ubuntu22_cis : Declare found syscalls] ******************
skipping: [localhost]

TASK [/stigforge/roles/ubuntu22_cis : Declare missing syscalls] ****************
skipping: [localhost]

TASK [/stigforge/roles/ubuntu22_cis : Replace the audit rule in {{ audit_file }}] ***
skipping: [localhost]

TASK [/stigforge/roles/ubuntu22_cis : Add the audit rule to {{ audit_file }}] ***
skipping: [localhost]

TASK [/stigforge/roles/ubuntu22_cis : Declare list of syscalls] ****************
skipping: [localhost]

TASK [/stigforge/roles/ubuntu22_cis : Check existence of  in /etc/audit/audit.rules] ***
skipping: [localhost]

TASK [/stigforge/roles/ubuntu22_cis : Set path to /etc/audit/audit.rules] ******
skipping: [localhost]

TASK [/stigforge/roles/ubuntu22_cis : Declare found syscalls] ******************
skipping: [localhost]

TASK [/stigforge/roles/ubuntu22_cis : Declare missing syscalls] ****************
skipping: [localhost]

TASK [/stigforge/roles/ubuntu22_cis : Replace the audit rule in {{ audit_file }}] ***
skipping: [localhost]

TASK [/stigforge/roles/ubuntu22_cis : Add the audit rule to {{ audit_file }}] ***
skipping: [localhost]

TASK [/stigforge/roles/ubuntu22_cis : Set architecture for audit rename tasks] ***
skipping: [localhost]

TASK [/stigforge/roles/ubuntu22_cis : Declare list of syscalls] ****************
skipping: [localhost]

TASK [/stigforge/roles/ubuntu22_cis : Check existence of rename in /etc/audit/rules.d/] ***
skipping: [localhost]

TASK [/stigforge/roles/ubuntu22_cis : Reset syscalls found per file] ***********
skipping: [localhost]

TASK [/stigforge/roles/ubuntu22_cis : Declare syscalls found per file] *********
skipping: [localhost]

TASK [/stigforge/roles/ubuntu22_cis : Declare files where syscalls were found] ***
skipping: [localhost]

TASK [/stigforge/roles/ubuntu22_cis : Count occurrences of syscalls in paths] ***
skipping: [localhost]

TASK [/stigforge/roles/ubuntu22_cis : Get path with most syscalls] *************
skipping: [localhost]

TASK [/stigforge/roles/ubuntu22_cis : No file with syscall found, set path to /etc/audit/rules.d/delete.rules] ***
skipping: [localhost]

TASK [/stigforge/roles/ubuntu22_cis : Declare found syscalls] ******************
skipping: [localhost]

TASK [/stigforge/roles/ubuntu22_cis : Declare missing syscalls] ****************
skipping: [localhost]

TASK [/stigforge/roles/ubuntu22_cis : Replace the audit rule in {{ audit_file }}] ***
skipping: [localhost]

TASK [/stigforge/roles/ubuntu22_cis : Add the audit rule to {{ audit_file }}] ***
skipping: [localhost]

TASK [/stigforge/roles/ubuntu22_cis : Declare list of syscalls] ****************
skipping: [localhost]

TASK [/stigforge/roles/ubuntu22_cis : Check existence of rename in /etc/audit/audit.rules] ***
skipping: [localhost]

TASK [/stigforge/roles/ubuntu22_cis : Set path to /etc/audit/audit.rules] ******
skipping: [localhost]

TASK [/stigforge/roles/ubuntu22_cis : Declare found syscalls] ******************
skipping: [localhost]

TASK [/stigforge/roles/ubuntu22_cis : Declare missing syscalls] ****************
skipping: [localhost]

TASK [/stigforge/roles/ubuntu22_cis : Replace the audit rule in {{ audit_file }}] ***
skipping: [localhost]

TASK [/stigforge/roles/ubuntu22_cis : Add the audit rule to {{ audit_file }}] ***
skipping: [localhost]

TASK [/stigforge/roles/ubuntu22_cis : Declare list of syscalls] ****************
skipping: [localhost]

TASK [/stigforge/roles/ubuntu22_cis : Check existence of rename in /etc/audit/rules.d/] ***
skipping: [localhost]

TASK [/stigforge/roles/ubuntu22_cis : Reset syscalls found per file] ***********
skipping: [localhost]

TASK [/stigforge/roles/ubuntu22_cis : Declare syscalls found per file] *********
skipping: [localhost]

TASK [/stigforge/roles/ubuntu22_cis : Declare files where syscalls were found] ***
skipping: [localhost]

TASK [/stigforge/roles/ubuntu22_cis : Count occurrences of syscalls in paths] ***
skipping: [localhost]

TASK [/stigforge/roles/ubuntu22_cis : Get path with most syscalls] *************
skipping: [localhost]

TASK [/stigforge/roles/ubuntu22_cis : No file with syscall found, set path to /etc/audit/rules.d/delete.rules] ***
skipping: [localhost]

TASK [/stigforge/roles/ubuntu22_cis : Declare found syscalls] ******************
skipping: [localhost]

TASK [/stigforge/roles/ubuntu22_cis : Declare missing syscalls] ****************
skipping: [localhost]

TASK [/stigforge/roles/ubuntu22_cis : Replace the audit rule in {{ audit_file }}] ***
skipping: [localhost]

TASK [/stigforge/roles/ubuntu22_cis : Add the audit rule to {{ audit_file }}] ***
skipping: [localhost]

TASK [/stigforge/roles/ubuntu22_cis : Declare list of syscalls] ****************
skipping: [localhost]

TASK [/stigforge/roles/ubuntu22_cis : Check existence of rename in /etc/audit/audit.rules] ***
skipping: [localhost]

TASK [/stigforge/roles/ubuntu22_cis : Set path to /etc/audit/audit.rules] ******
skipping: [localhost]

TASK [/stigforge/roles/ubuntu22_cis : Declare found syscalls] ******************
skipping: [localhost]

TASK [/stigforge/roles/ubuntu22_cis : Declare missing syscalls] ****************
skipping: [localhost]

TASK [/stigforge/roles/ubuntu22_cis : Replace the audit rule in {{ audit_file }}] ***
skipping: [localhost]

TASK [/stigforge/roles/ubuntu22_cis : Add the audit rule to {{ audit_file }}] ***
skipping: [localhost]

TASK [/stigforge/roles/ubuntu22_cis : Set architecture for audit renameat tasks] ***
skipping: [localhost]

TASK [/stigforge/roles/ubuntu22_cis : Declare list of syscalls] ****************
skipping: [localhost]

TASK [/stigforge/roles/ubuntu22_cis : Check existence of renameat in /etc/audit/rules.d/] ***
skipping: [localhost]

TASK [/stigforge/roles/ubuntu22_cis : Reset syscalls found per file] ***********
skipping: [localhost]

TASK [/stigforge/roles/ubuntu22_cis : Declare syscalls found per file] *********
skipping: [localhost]

TASK [/stigforge/roles/ubuntu22_cis : Declare files where syscalls were found] ***
skipping: [localhost]

TASK [/stigforge/roles/ubuntu22_cis : Count occurrences of syscalls in paths] ***
skipping: [localhost]

TASK [/stigforge/roles/ubuntu22_cis : Get path with most syscalls] *************
skipping: [localhost]

TASK [/stigforge/roles/ubuntu22_cis : No file with syscall found, set path to /etc/audit/rules.d/delete.rules] ***
skipping: [localhost]

TASK [/stigforge/roles/ubuntu22_cis : Declare found syscalls] ******************
skipping: [localhost]

TASK [/stigforge/roles/ubuntu22_cis : Declare missing syscalls] ****************
skipping: [localhost]

TASK [/stigforge/roles/ubuntu22_cis : Replace the audit rule in {{ audit_file }}] ***
skipping: [localhost]

TASK [/stigforge/roles/ubuntu22_cis : Add the audit rule to {{ audit_file }}] ***
skipping: [localhost]

TASK [/stigforge/roles/ubuntu22_cis : Declare list of syscalls] ****************
skipping: [localhost]

TASK [/stigforge/roles/ubuntu22_cis : Check existence of renameat in /etc/audit/audit.rules] ***
skipping: [localhost]

TASK [/stigforge/roles/ubuntu22_cis : Set path to /etc/audit/audit.rules] ******
skipping: [localhost]

TASK [/stigforge/roles/ubuntu22_cis : Declare found syscalls] ******************
skipping: [localhost]

TASK [/stigforge/roles/ubuntu22_cis : Declare missing syscalls] ****************
skipping: [localhost]

TASK [/stigforge/roles/ubuntu22_cis : Replace the audit rule in {{ audit_file }}] ***
skipping: [localhost]

TASK [/stigforge/roles/ubuntu22_cis : Add the audit rule to {{ audit_file }}] ***
skipping: [localhost]

TASK [/stigforge/roles/ubuntu22_cis : Declare list of syscalls] ****************
skipping: [localhost]

TASK [/stigforge/roles/ubuntu22_cis : Check existence of renameat in /etc/audit/rules.d/] ***
skipping: [localhost]

TASK [/stigforge/roles/ubuntu22_cis : Reset syscalls found per file] ***********
skipping: [localhost]

TASK [/stigforge/roles/ubuntu22_cis : Declare syscalls found per file] *********
skipping: [localhost]

TASK [/stigforge/roles/ubuntu22_cis : Declare files where syscalls were found] ***
skipping: [localhost]

TASK [/stigforge/roles/ubuntu22_cis : Count occurrences of syscalls in paths] ***
skipping: [localhost]

TASK [/stigforge/roles/ubuntu22_cis : Get path with most syscalls] *************
skipping: [localhost]

TASK [/stigforge/roles/ubuntu22_cis : No file with syscall found, set path to /etc/audit/rules.d/delete.rules] ***
skipping: [localhost]

TASK [/stigforge/roles/ubuntu22_cis : Declare found syscalls] ******************
skipping: [localhost]

TASK [/stigforge/roles/ubuntu22_cis : Declare missing syscalls] ****************
skipping: [localhost]

TASK [/stigforge/roles/ubuntu22_cis : Replace the audit rule in {{ audit_file }}] ***
skipping: [localhost]

TASK [/stigforge/roles/ubuntu22_cis : Add the audit rule to {{ audit_file }}] ***
skipping: [localhost]

TASK [/stigforge/roles/ubuntu22_cis : Declare list of syscalls] ****************
skipping: [localhost]

TASK [/stigforge/roles/ubuntu22_cis : Check existence of renameat in /etc/audit/audit.rules] ***
skipping: [localhost]

TASK [/stigforge/roles/ubuntu22_cis : Set path to /etc/audit/audit.rules] ******
skipping: [localhost]

TASK [/stigforge/roles/ubuntu22_cis : Declare found syscalls] ******************
skipping: [localhost]

TASK [/stigforge/roles/ubuntu22_cis : Declare missing syscalls] ****************
skipping: [localhost]

TASK [/stigforge/roles/ubuntu22_cis : Replace the audit rule in {{ audit_file }}] ***
skipping: [localhost]

TASK [/stigforge/roles/ubuntu22_cis : Add the audit rule to {{ audit_file }}] ***
skipping: [localhost]

TASK [/stigforge/roles/ubuntu22_cis : Set architecture for audit unlink tasks] ***
skipping: [localhost]

TASK [/stigforge/roles/ubuntu22_cis : Declare list of syscalls] ****************
skipping: [localhost]

TASK [/stigforge/roles/ubuntu22_cis : Check existence of unlink in /etc/audit/rules.d/] ***
skipping: [localhost]

TASK [/stigforge/roles/ubuntu22_cis : Reset syscalls found per file] ***********
skipping: [localhost]

TASK [/stigforge/roles/ubuntu22_cis : Declare syscalls found per file] *********
skipping: [localhost]

TASK [/stigforge/roles/ubuntu22_cis : Declare files where syscalls were found] ***
skipping: [localhost]

TASK [/stigforge/roles/ubuntu22_cis : Count occurrences of syscalls in paths] ***
skipping: [localhost]

TASK [/stigforge/roles/ubuntu22_cis : Get path with most syscalls] *************
skipping: [localhost]

TASK [/stigforge/roles/ubuntu22_cis : No file with syscall found, set path to /etc/audit/rules.d/delete.rules] ***
skipping: [localhost]

TASK [/stigforge/roles/ubuntu22_cis : Declare found syscalls] ******************
skipping: [localhost]

TASK [/stigforge/roles/ubuntu22_cis : Declare missing syscalls] ****************
skipping: [localhost]

TASK [/stigforge/roles/ubuntu22_cis : Replace the audit rule in {{ audit_file }}] ***
skipping: [localhost]

TASK [/stigforge/roles/ubuntu22_cis : Add the audit rule to {{ audit_file }}] ***
skipping: [localhost]

TASK [/stigforge/roles/ubuntu22_cis : Declare list of syscalls] ****************
skipping: [localhost]

TASK [/stigforge/roles/ubuntu22_cis : Check existence of unlink in /etc/audit/audit.rules] ***
skipping: [localhost]

TASK [/stigforge/roles/ubuntu22_cis : Set path to /etc/audit/audit.rules] ******
skipping: [localhost]

TASK [/stigforge/roles/ubuntu22_cis : Declare found syscalls] ******************
skipping: [localhost]

TASK [/stigforge/roles/ubuntu22_cis : Declare missing syscalls] ****************
skipping: [localhost]

TASK [/stigforge/roles/ubuntu22_cis : Replace the audit rule in {{ audit_file }}] ***
skipping: [localhost]

TASK [/stigforge/roles/ubuntu22_cis : Add the audit rule to {{ audit_file }}] ***
skipping: [localhost]

TASK [/stigforge/roles/ubuntu22_cis : Declare list of syscalls] ****************
skipping: [localhost]

TASK [/stigforge/roles/ubuntu22_cis : Check existence of unlink in /etc/audit/rules.d/] ***
skipping: [localhost]

TASK [/stigforge/roles/ubuntu22_cis : Reset syscalls found per file] ***********
skipping: [localhost]

TASK [/stigforge/roles/ubuntu22_cis : Declare syscalls found per file] *********
skipping: [localhost]

TASK [/stigforge/roles/ubuntu22_cis : Declare files where syscalls were found] ***
skipping: [localhost]

TASK [/stigforge/roles/ubuntu22_cis : Count occurrences of syscalls in paths] ***
skipping: [localhost]

TASK [/stigforge/roles/ubuntu22_cis : Get path with most syscalls] *************
skipping: [localhost]

TASK [/stigforge/roles/ubuntu22_cis : No file with syscall found, set path to /etc/audit/rules.d/delete.rules] ***
skipping: [localhost]

TASK [/stigforge/roles/ubuntu22_cis : Declare found syscalls] ******************
skipping: [localhost]

TASK [/stigforge/roles/ubuntu22_cis : Declare missing syscalls] ****************
skipping: [localhost]

TASK [/stigforge/roles/ubuntu22_cis : Replace the audit rule in {{ audit_file }}] ***
skipping: [localhost]

TASK [/stigforge/roles/ubuntu22_cis : Add the audit rule to {{ audit_file }}] ***
skipping: [localhost]

TASK [/stigforge/roles/ubuntu22_cis : Declare list of syscalls] ****************
skipping: [localhost]

TASK [/stigforge/roles/ubuntu22_cis : Check existence of unlink in /etc/audit/audit.rules] ***
skipping: [localhost]

TASK [/stigforge/roles/ubuntu22_cis : Set path to /etc/audit/audit.rules] ******
skipping: [localhost]

TASK [/stigforge/roles/ubuntu22_cis : Declare found syscalls] ******************
skipping: [localhost]

TASK [/stigforge/roles/ubuntu22_cis : Declare missing syscalls] ****************
skipping: [localhost]

TASK [/stigforge/roles/ubuntu22_cis : Replace the audit rule in {{ audit_file }}] ***
skipping: [localhost]

TASK [/stigforge/roles/ubuntu22_cis : Add the audit rule to {{ audit_file }}] ***
skipping: [localhost]

TASK [/stigforge/roles/ubuntu22_cis : Set architecture for audit unlinkat tasks] ***
skipping: [localhost]

TASK [/stigforge/roles/ubuntu22_cis : Declare list of syscalls] ****************
skipping: [localhost]

TASK [/stigforge/roles/ubuntu22_cis : Check existence of unlinkat in /etc/audit/rules.d/] ***
skipping: [localhost]

TASK [/stigforge/roles/ubuntu22_cis : Reset syscalls found per file] ***********
skipping: [localhost]

TASK [/stigforge/roles/ubuntu22_cis : Declare syscalls found per file] *********
skipping: [localhost]

TASK [/stigforge/roles/ubuntu22_cis : Declare files where syscalls were found] ***
skipping: [localhost]

TASK [/stigforge/roles/ubuntu22_cis : Count occurrences of syscalls in paths] ***
skipping: [localhost]

TASK [/stigforge/roles/ubuntu22_cis : Get path with most syscalls] *************
skipping: [localhost]

TASK [/stigforge/roles/ubuntu22_cis : No file with syscall found, set path to /etc/audit/rules.d/delete.rules] ***
skipping: [localhost]

TASK [/stigforge/roles/ubuntu22_cis : Declare found syscalls] ******************
skipping: [localhost]

TASK [/stigforge/roles/ubuntu22_cis : Declare missing syscalls] ****************
skipping: [localhost]

TASK [/stigforge/roles/ubuntu22_cis : Replace the audit rule in {{ audit_file }}] ***
skipping: [localhost]

TASK [/stigforge/roles/ubuntu22_cis : Add the audit rule to {{ audit_file }}] ***
skipping: [localhost]

TASK [/stigforge/roles/ubuntu22_cis : Declare list of syscalls] ****************
skipping: [localhost]

TASK [/stigforge/roles/ubuntu22_cis : Check existence of unlinkat in /etc/audit/audit.rules] ***
skipping: [localhost]

TASK [/stigforge/roles/ubuntu22_cis : Set path to /etc/audit/audit.rules] ******
skipping: [localhost]

TASK [/stigforge/roles/ubuntu22_cis : Declare found syscalls] ******************
skipping: [localhost]

TASK [/stigforge/roles/ubuntu22_cis : Declare missing syscalls] ****************
skipping: [localhost]

TASK [/stigforge/roles/ubuntu22_cis : Replace the audit rule in {{ audit_file }}] ***
skipping: [localhost]

TASK [/stigforge/roles/ubuntu22_cis : Add the audit rule to {{ audit_file }}] ***
skipping: [localhost]

TASK [/stigforge/roles/ubuntu22_cis : Declare list of syscalls] ****************
skipping: [localhost]

TASK [/stigforge/roles/ubuntu22_cis : Check existence of unlinkat in /etc/audit/rules.d/] ***
skipping: [localhost]

TASK [/stigforge/roles/ubuntu22_cis : Reset syscalls found per file] ***********
skipping: [localhost]

TASK [/stigforge/roles/ubuntu22_cis : Declare syscalls found per file] *********
skipping: [localhost]

TASK [/stigforge/roles/ubuntu22_cis : Declare files where syscalls were found] ***
skipping: [localhost]

TASK [/stigforge/roles/ubuntu22_cis : Count occurrences of syscalls in paths] ***
skipping: [localhost]

TASK [/stigforge/roles/ubuntu22_cis : Get path with most syscalls] *************
skipping: [localhost]

TASK [/stigforge/roles/ubuntu22_cis : No file with syscall found, set path to /etc/audit/rules.d/delete.rules] ***
skipping: [localhost]

TASK [/stigforge/roles/ubuntu22_cis : Declare found syscalls] ******************
skipping: [localhost]

TASK [/stigforge/roles/ubuntu22_cis : Declare missing syscalls] ****************
skipping: [localhost]

TASK [/stigforge/roles/ubuntu22_cis : Replace the audit rule in {{ audit_file }}] ***
skipping: [localhost]

TASK [/stigforge/roles/ubuntu22_cis : Add the audit rule to {{ audit_file }}] ***
skipping: [localhost]

TASK [/stigforge/roles/ubuntu22_cis : Declare list of syscalls] ****************
skipping: [localhost]

TASK [/stigforge/roles/ubuntu22_cis : Check existence of unlinkat in /etc/audit/audit.rules] ***
skipping: [localhost]

TASK [/stigforge/roles/ubuntu22_cis : Set path to /etc/audit/audit.rules] ******
skipping: [localhost]

TASK [/stigforge/roles/ubuntu22_cis : Declare found syscalls] ******************
skipping: [localhost]

TASK [/stigforge/roles/ubuntu22_cis : Declare missing syscalls] ****************
skipping: [localhost]

TASK [/stigforge/roles/ubuntu22_cis : Replace the audit rule in {{ audit_file }}] ***
skipping: [localhost]

TASK [/stigforge/roles/ubuntu22_cis : Add the audit rule to {{ audit_file }}] ***
skipping: [localhost]

TASK [/stigforge/roles/ubuntu22_cis : Set architecture for audit creat tasks] ***
skipping: [localhost]

TASK [/stigforge/roles/ubuntu22_cis : Declare list of syscalls] ****************
skipping: [localhost]

TASK [/stigforge/roles/ubuntu22_cis : Check existence of creat in /etc/audit/rules.d/] ***
skipping: [localhost]

TASK [/stigforge/roles/ubuntu22_cis : Reset syscalls found per file] ***********
skipping: [localhost]

TASK [/stigforge/roles/ubuntu22_cis : Declare syscalls found per file] *********
skipping: [localhost]

TASK [/stigforge/roles/ubuntu22_cis : Declare files where syscalls were found] ***
skipping: [localhost]

TASK [/stigforge/roles/ubuntu22_cis : Count occurrences of syscalls in paths] ***
skipping: [localhost]

TASK [/stigforge/roles/ubuntu22_cis : Get path with most syscalls] *************
skipping: [localhost]

TASK [/stigforge/roles/ubuntu22_cis : No file with syscall found, set path to /etc/audit/rules.d/access.rules] ***
skipping: [localhost]

TASK [/stigforge/roles/ubuntu22_cis : Declare found syscalls] ******************
skipping: [localhost]

TASK [/stigforge/roles/ubuntu22_cis : Declare missing syscalls] ****************
skipping: [localhost]

TASK [/stigforge/roles/ubuntu22_cis : Replace the audit rule in {{ audit_file }}] ***
skipping: [localhost]

TASK [/stigforge/roles/ubuntu22_cis : Add the audit rule to {{ audit_file }}] ***
skipping: [localhost]

TASK [/stigforge/roles/ubuntu22_cis : Declare list of syscalls] ****************
skipping: [localhost]

TASK [/stigforge/roles/ubuntu22_cis : Check existence of creat in /etc/audit/audit.rules] ***
skipping: [localhost]

TASK [/stigforge/roles/ubuntu22_cis : Set path to /etc/audit/audit.rules] ******
skipping: [localhost]

TASK [/stigforge/roles/ubuntu22_cis : Declare found syscalls] ******************
skipping: [localhost]

TASK [/stigforge/roles/ubuntu22_cis : Declare missing syscalls] ****************
skipping: [localhost]

TASK [/stigforge/roles/ubuntu22_cis : Replace the audit rule in {{ audit_file }}] ***
skipping: [localhost]

TASK [/stigforge/roles/ubuntu22_cis : Add the audit rule to {{ audit_file }}] ***
skipping: [localhost]

TASK [/stigforge/roles/ubuntu22_cis : Declare list of syscalls] ****************
skipping: [localhost]

TASK [/stigforge/roles/ubuntu22_cis : Check existence of creat in /etc/audit/rules.d/] ***
skipping: [localhost]

TASK [/stigforge/roles/ubuntu22_cis : Reset syscalls found per file] ***********
skipping: [localhost]

TASK [/stigforge/roles/ubuntu22_cis : Declare syscalls found per file] *********
skipping: [localhost]

TASK [/stigforge/roles/ubuntu22_cis : Declare files where syscalls were found] ***
skipping: [localhost]

TASK [/stigforge/roles/ubuntu22_cis : Count occurrences of syscalls in paths] ***
skipping: [localhost]

TASK [/stigforge/roles/ubuntu22_cis : Get path with most syscalls] *************
skipping: [localhost]

TASK [/stigforge/roles/ubuntu22_cis : No file with syscall found, set path to /etc/audit/rules.d/access.rules] ***
skipping: [localhost]

TASK [/stigforge/roles/ubuntu22_cis : Declare found syscalls] ******************
skipping: [localhost]

TASK [/stigforge/roles/ubuntu22_cis : Declare missing syscalls] ****************
skipping: [localhost]

TASK [/stigforge/roles/ubuntu22_cis : Replace the audit rule in {{ audit_file }}] ***
skipping: [localhost]

TASK [/stigforge/roles/ubuntu22_cis : Add the audit rule to {{ audit_file }}] ***
skipping: [localhost]

TASK [/stigforge/roles/ubuntu22_cis : Declare list of syscalls] ****************
skipping: [localhost]

TASK [/stigforge/roles/ubuntu22_cis : Check existence of creat in /etc/audit/audit.rules] ***
skipping: [localhost]

TASK [/stigforge/roles/ubuntu22_cis : Set path to /etc/audit/audit.rules] ******
skipping: [localhost]

TASK [/stigforge/roles/ubuntu22_cis : Declare found syscalls] ******************
skipping: [localhost]

TASK [/stigforge/roles/ubuntu22_cis : Declare missing syscalls] ****************
skipping: [localhost]

TASK [/stigforge/roles/ubuntu22_cis : Replace the audit rule in {{ audit_file }}] ***
skipping: [localhost]

TASK [/stigforge/roles/ubuntu22_cis : Add the audit rule to {{ audit_file }}] ***
skipping: [localhost]

TASK [/stigforge/roles/ubuntu22_cis : Declare list of syscalls] ****************
skipping: [localhost]

TASK [/stigforge/roles/ubuntu22_cis : Check existence of creat in /etc/audit/rules.d/] ***
skipping: [localhost]

TASK [/stigforge/roles/ubuntu22_cis : Reset syscalls found per file] ***********
skipping: [localhost]

TASK [/stigforge/roles/ubuntu22_cis : Declare syscalls found per file] *********
skipping: [localhost]

TASK [/stigforge/roles/ubuntu22_cis : Declare files where syscalls were found] ***
skipping: [localhost]

TASK [/stigforge/roles/ubuntu22_cis : Count occurrences of syscalls in paths] ***
skipping: [localhost]

TASK [/stigforge/roles/ubuntu22_cis : Get path with most syscalls] *************
skipping: [localhost]

TASK [/stigforge/roles/ubuntu22_cis : No file with syscall found, set path to /etc/audit/rules.d/access.rules] ***
skipping: [localhost]

TASK [/stigforge/roles/ubuntu22_cis : Declare found syscalls] ******************
skipping: [localhost]

TASK [/stigforge/roles/ubuntu22_cis : Declare missing syscalls] ****************
skipping: [localhost]

TASK [/stigforge/roles/ubuntu22_cis : Replace the audit rule in {{ audit_file }}] ***
skipping: [localhost]

TASK [/stigforge/roles/ubuntu22_cis : Add the audit rule to {{ audit_file }}] ***
skipping: [localhost]

TASK [/stigforge/roles/ubuntu22_cis : Declare list of syscalls] ****************
skipping: [localhost]

TASK [/stigforge/roles/ubuntu22_cis : Check existence of creat in /etc/audit/audit.rules] ***
skipping: [localhost]

TASK [/stigforge/roles/ubuntu22_cis : Set path to /etc/audit/audit.rules] ******
skipping: [localhost]

TASK [/stigforge/roles/ubuntu22_cis : Declare found syscalls] ******************
skipping: [localhost]

TASK [/stigforge/roles/ubuntu22_cis : Declare missing syscalls] ****************
skipping: [localhost]

TASK [/stigforge/roles/ubuntu22_cis : Replace the audit rule in {{ audit_file }}] ***
skipping: [localhost]

TASK [/stigforge/roles/ubuntu22_cis : Add the audit rule to {{ audit_file }}] ***
skipping: [localhost]

TASK [/stigforge/roles/ubuntu22_cis : Declare list of syscalls] ****************
skipping: [localhost]

TASK [/stigforge/roles/ubuntu22_cis : Check existence of creat in /etc/audit/rules.d/] ***
skipping: [localhost]

TASK [/stigforge/roles/ubuntu22_cis : Reset syscalls found per file] ***********
skipping: [localhost]

TASK [/stigforge/roles/ubuntu22_cis : Declare syscalls found per file] *********
skipping: [localhost]

TASK [/stigforge/roles/ubuntu22_cis : Declare files where syscalls were found] ***
skipping: [localhost]

TASK [/stigforge/roles/ubuntu22_cis : Count occurrences of syscalls in paths] ***
skipping: [localhost]

TASK [/stigforge/roles/ubuntu22_cis : Get path with most syscalls] *************
skipping: [localhost]

TASK [/stigforge/roles/ubuntu22_cis : No file with syscall found, set path to /etc/audit/rules.d/access.rules] ***
skipping: [localhost]

TASK [/stigforge/roles/ubuntu22_cis : Declare found syscalls] ******************
skipping: [localhost]

TASK [/stigforge/roles/ubuntu22_cis : Declare missing syscalls] ****************
skipping: [localhost]

TASK [/stigforge/roles/ubuntu22_cis : Replace the audit rule in {{ audit_file }}] ***
skipping: [localhost]

TASK [/stigforge/roles/ubuntu22_cis : Add the audit rule to {{ audit_file }}] ***
skipping: [localhost]

TASK [/stigforge/roles/ubuntu22_cis : Declare list of syscalls] ****************
skipping: [localhost]

TASK [/stigforge/roles/ubuntu22_cis : Check existence of creat in /etc/audit/audit.rules] ***
skipping: [localhost]

TASK [/stigforge/roles/ubuntu22_cis : Set path to /etc/audit/audit.rules] ******
skipping: [localhost]

TASK [/stigforge/roles/ubuntu22_cis : Declare found syscalls] ******************
skipping: [localhost]

TASK [/stigforge/roles/ubuntu22_cis : Declare missing syscalls] ****************
skipping: [localhost]

TASK [/stigforge/roles/ubuntu22_cis : Replace the audit rule in {{ audit_file }}] ***
skipping: [localhost]

TASK [/stigforge/roles/ubuntu22_cis : Add the audit rule to {{ audit_file }}] ***
skipping: [localhost]

TASK [/stigforge/roles/ubuntu22_cis : Set architecture for audit ftruncate tasks] ***
skipping: [localhost]

TASK [/stigforge/roles/ubuntu22_cis : Declare list of syscalls] ****************
skipping: [localhost]

TASK [/stigforge/roles/ubuntu22_cis : Check existence of ftruncate in /etc/audit/rules.d/] ***
skipping: [localhost]

TASK [/stigforge/roles/ubuntu22_cis : Reset syscalls found per file] ***********
skipping: [localhost]

TASK [/stigforge/roles/ubuntu22_cis : Declare syscalls found per file] *********
skipping: [localhost]

TASK [/stigforge/roles/ubuntu22_cis : Declare files where syscalls were found] ***
skipping: [localhost]

TASK [/stigforge/roles/ubuntu22_cis : Count occurrences of syscalls in paths] ***
skipping: [localhost]

TASK [/stigforge/roles/ubuntu22_cis : Get path with most syscalls] *************
skipping: [localhost]

TASK [/stigforge/roles/ubuntu22_cis : No file with syscall found, set path to /etc/audit/rules.d/access.rules] ***
skipping: [localhost]

TASK [/stigforge/roles/ubuntu22_cis : Declare found syscalls] ******************
skipping: [localhost]

TASK [/stigforge/roles/ubuntu22_cis : Declare missing syscalls] ****************
skipping: [localhost]

TASK [/stigforge/roles/ubuntu22_cis : Replace the audit rule in {{ audit_file }}] ***
skipping: [localhost]

TASK [/stigforge/roles/ubuntu22_cis : Add the audit rule to {{ audit_file }}] ***
skipping: [localhost]

TASK [/stigforge/roles/ubuntu22_cis : Declare list of syscalls] ****************
skipping: [localhost]

TASK [/stigforge/roles/ubuntu22_cis : Check existence of ftruncate in /etc/audit/audit.rules] ***
skipping: [localhost]

TASK [/stigforge/roles/ubuntu22_cis : Set path to /etc/audit/audit.rules] ******
skipping: [localhost]

TASK [/stigforge/roles/ubuntu22_cis : Declare found syscalls] ******************
skipping: [localhost]

TASK [/stigforge/roles/ubuntu22_cis : Declare missing syscalls] ****************
skipping: [localhost]

TASK [/stigforge/roles/ubuntu22_cis : Replace the audit rule in {{ audit_file }}] ***
skipping: [localhost]

TASK [/stigforge/roles/ubuntu22_cis : Add the audit rule to {{ audit_file }}] ***
skipping: [localhost]

TASK [/stigforge/roles/ubuntu22_cis : Declare list of syscalls] ****************
skipping: [localhost]

TASK [/stigforge/roles/ubuntu22_cis : Check existence of ftruncate in /etc/audit/rules.d/] ***
skipping: [localhost]

TASK [/stigforge/roles/ubuntu22_cis : Reset syscalls found per file] ***********
skipping: [localhost]

TASK [/stigforge/roles/ubuntu22_cis : Declare syscalls found per file] *********
skipping: [localhost]

TASK [/stigforge/roles/ubuntu22_cis : Declare files where syscalls were found] ***
skipping: [localhost]

TASK [/stigforge/roles/ubuntu22_cis : Count occurrences of syscalls in paths] ***
skipping: [localhost]

TASK [/stigforge/roles/ubuntu22_cis : Get path with most syscalls] *************
skipping: [localhost]

TASK [/stigforge/roles/ubuntu22_cis : No file with syscall found, set path to /etc/audit/rules.d/access.rules] ***
skipping: [localhost]

TASK [/stigforge/roles/ubuntu22_cis : Declare found syscalls] ******************
skipping: [localhost]

TASK [/stigforge/roles/ubuntu22_cis : Declare missing syscalls] ****************
skipping: [localhost]

TASK [/stigforge/roles/ubuntu22_cis : Replace the audit rule in {{ audit_file }}] ***
skipping: [localhost]

TASK [/stigforge/roles/ubuntu22_cis : Add the audit rule to {{ audit_file }}] ***
skipping: [localhost]

TASK [/stigforge/roles/ubuntu22_cis : Declare list of syscalls] ****************
skipping: [localhost]

TASK [/stigforge/roles/ubuntu22_cis : Check existence of ftruncate in /etc/audit/audit.rules] ***
skipping: [localhost]

TASK [/stigforge/roles/ubuntu22_cis : Set path to /etc/audit/audit.rules] ******
skipping: [localhost]

TASK [/stigforge/roles/ubuntu22_cis : Declare found syscalls] ******************
skipping: [localhost]

TASK [/stigforge/roles/ubuntu22_cis : Declare missing syscalls] ****************
skipping: [localhost]

TASK [/stigforge/roles/ubuntu22_cis : Replace the audit rule in {{ audit_file }}] ***
skipping: [localhost]

TASK [/stigforge/roles/ubuntu22_cis : Add the audit rule to {{ audit_file }}] ***
skipping: [localhost]

TASK [/stigforge/roles/ubuntu22_cis : Declare list of syscalls] ****************
skipping: [localhost]

TASK [/stigforge/roles/ubuntu22_cis : Check existence of ftruncate in /etc/audit/rules.d/] ***
skipping: [localhost]

TASK [/stigforge/roles/ubuntu22_cis : Reset syscalls found per file] ***********
skipping: [localhost]

TASK [/stigforge/roles/ubuntu22_cis : Declare syscalls found per file] *********
skipping: [localhost]

TASK [/stigforge/roles/ubuntu22_cis : Declare files where syscalls were found] ***
skipping: [localhost]

TASK [/stigforge/roles/ubuntu22_cis : Count occurrences of syscalls in paths] ***
skipping: [localhost]

TASK [/stigforge/roles/ubuntu22_cis : Get path with most syscalls] *************
skipping: [localhost]

TASK [/stigforge/roles/ubuntu22_cis : No file with syscall found, set path to /etc/audit/rules.d/access.rules] ***
skipping: [localhost]

TASK [/stigforge/roles/ubuntu22_cis : Declare found syscalls] ******************
skipping: [localhost]

TASK [/stigforge/roles/ubuntu22_cis : Declare missing syscalls] ****************
skipping: [localhost]

TASK [/stigforge/roles/ubuntu22_cis : Replace the audit rule in {{ audit_file }}] ***
skipping: [localhost]

TASK [/stigforge/roles/ubuntu22_cis : Add the audit rule to {{ audit_file }}] ***
skipping: [localhost]

TASK [/stigforge/roles/ubuntu22_cis : Declare list of syscalls] ****************
skipping: [localhost]

TASK [/stigforge/roles/ubuntu22_cis : Check existence of ftruncate in /etc/audit/audit.rules] ***
skipping: [localhost]

TASK [/stigforge/roles/ubuntu22_cis : Set path to /etc/audit/audit.rules] ******
skipping: [localhost]

TASK [/stigforge/roles/ubuntu22_cis : Declare found syscalls] ******************
skipping: [localhost]

TASK [/stigforge/roles/ubuntu22_cis : Declare missing syscalls] ****************
skipping: [localhost]

TASK [/stigforge/roles/ubuntu22_cis : Replace the audit rule in {{ audit_file }}] ***
skipping: [localhost]

TASK [/stigforge/roles/ubuntu22_cis : Add the audit rule to {{ audit_file }}] ***
skipping: [localhost]

TASK [/stigforge/roles/ubuntu22_cis : Declare list of syscalls] ****************
skipping: [localhost]

TASK [/stigforge/roles/ubuntu22_cis : Check existence of ftruncate in /etc/audit/rules.d/] ***
skipping: [localhost]

TASK [/stigforge/roles/ubuntu22_cis : Reset syscalls found per file] ***********
skipping: [localhost]

TASK [/stigforge/roles/ubuntu22_cis : Declare syscalls found per file] *********
skipping: [localhost]

TASK [/stigforge/roles/ubuntu22_cis : Declare files where syscalls were found] ***
skipping: [localhost]

TASK [/stigforge/roles/ubuntu22_cis : Count occurrences of syscalls in paths] ***
skipping: [localhost]

TASK [/stigforge/roles/ubuntu22_cis : Get path with most syscalls] *************
skipping: [localhost]

TASK [/stigforge/roles/ubuntu22_cis : No file with syscall found, set path to /etc/audit/rules.d/access.rules] ***
skipping: [localhost]

TASK [/stigforge/roles/ubuntu22_cis : Declare found syscalls] ******************
skipping: [localhost]

TASK [/stigforge/roles/ubuntu22_cis : Declare missing syscalls] ****************
skipping: [localhost]

TASK [/stigforge/roles/ubuntu22_cis : Replace the audit rule in {{ audit_file }}] ***
skipping: [localhost]

TASK [/stigforge/roles/ubuntu22_cis : Add the audit rule to {{ audit_file }}] ***
skipping: [localhost]

TASK [/stigforge/roles/ubuntu22_cis : Declare list of syscalls] ****************
skipping: [localhost]

TASK [/stigforge/roles/ubuntu22_cis : Check existence of ftruncate in /etc/audit/audit.rules] ***
skipping: [localhost]

TASK [/stigforge/roles/ubuntu22_cis : Set path to /etc/audit/audit.rules] ******
skipping: [localhost]

TASK [/stigforge/roles/ubuntu22_cis : Declare found syscalls] ******************
skipping: [localhost]

TASK [/stigforge/roles/ubuntu22_cis : Declare missing syscalls] ****************
skipping: [localhost]

TASK [/stigforge/roles/ubuntu22_cis : Replace the audit rule in {{ audit_file }}] ***
skipping: [localhost]

TASK [/stigforge/roles/ubuntu22_cis : Add the audit rule to {{ audit_file }}] ***
skipping: [localhost]

TASK [/stigforge/roles/ubuntu22_cis : Set architecture for audit open tasks] ***
skipping: [localhost]

TASK [/stigforge/roles/ubuntu22_cis : Declare list of syscalls] ****************
skipping: [localhost]

TASK [/stigforge/roles/ubuntu22_cis : Check existence of open in /etc/audit/rules.d/] ***
skipping: [localhost]

TASK [/stigforge/roles/ubuntu22_cis : Reset syscalls found per file] ***********
skipping: [localhost]

TASK [/stigforge/roles/ubuntu22_cis : Declare syscalls found per file] *********
skipping: [localhost]

TASK [/stigforge/roles/ubuntu22_cis : Declare files where syscalls were found] ***
skipping: [localhost]

TASK [/stigforge/roles/ubuntu22_cis : Count occurrences of syscalls in paths] ***
skipping: [localhost]

TASK [/stigforge/roles/ubuntu22_cis : Get path with most syscalls] *************
skipping: [localhost]

TASK [/stigforge/roles/ubuntu22_cis : No file with syscall found, set path to /etc/audit/rules.d/access.rules] ***
skipping: [localhost]

TASK [/stigforge/roles/ubuntu22_cis : Declare found syscalls] ******************
skipping: [localhost]

TASK [/stigforge/roles/ubuntu22_cis : Declare missing syscalls] ****************
skipping: [localhost]

TASK [/stigforge/roles/ubuntu22_cis : Replace the audit rule in {{ audit_file }}] ***
skipping: [localhost]

TASK [/stigforge/roles/ubuntu22_cis : Add the audit rule to {{ audit_file }}] ***
skipping: [localhost]

TASK [/stigforge/roles/ubuntu22_cis : Declare list of syscalls] ****************
skipping: [localhost]

TASK [/stigforge/roles/ubuntu22_cis : Check existence of open in /etc/audit/audit.rules] ***
skipping: [localhost]

TASK [/stigforge/roles/ubuntu22_cis : Set path to /etc/audit/audit.rules] ******
skipping: [localhost]

TASK [/stigforge/roles/ubuntu22_cis : Declare found syscalls] ******************
skipping: [localhost]

TASK [/stigforge/roles/ubuntu22_cis : Declare missing syscalls] ****************
skipping: [localhost]

TASK [/stigforge/roles/ubuntu22_cis : Replace the audit rule in {{ audit_file }}] ***
skipping: [localhost]

TASK [/stigforge/roles/ubuntu22_cis : Add the audit rule to {{ audit_file }}] ***
skipping: [localhost]

TASK [/stigforge/roles/ubuntu22_cis : Declare list of syscalls] ****************
skipping: [localhost]

TASK [/stigforge/roles/ubuntu22_cis : Check existence of open in /etc/audit/rules.d/] ***
skipping: [localhost]

TASK [/stigforge/roles/ubuntu22_cis : Reset syscalls found per file] ***********
skipping: [localhost]

TASK [/stigforge/roles/ubuntu22_cis : Declare syscalls found per file] *********
skipping: [localhost]

TASK [/stigforge/roles/ubuntu22_cis : Declare files where syscalls were found] ***
skipping: [localhost]

TASK [/stigforge/roles/ubuntu22_cis : Count occurrences of syscalls in paths] ***
skipping: [localhost]

TASK [/stigforge/roles/ubuntu22_cis : Get path with most syscalls] *************
skipping: [localhost]

TASK [/stigforge/roles/ubuntu22_cis : No file with syscall found, set path to /etc/audit/rules.d/access.rules] ***
skipping: [localhost]

TASK [/stigforge/roles/ubuntu22_cis : Declare found syscalls] ******************
skipping: [localhost]

TASK [/stigforge/roles/ubuntu22_cis : Declare missing syscalls] ****************
skipping: [localhost]

TASK [/stigforge/roles/ubuntu22_cis : Replace the audit rule in {{ audit_file }}] ***
skipping: [localhost]

TASK [/stigforge/roles/ubuntu22_cis : Add the audit rule to {{ audit_file }}] ***
skipping: [localhost]

TASK [/stigforge/roles/ubuntu22_cis : Declare list of syscalls] ****************
skipping: [localhost]

TASK [/stigforge/roles/ubuntu22_cis : Check existence of open in /etc/audit/audit.rules] ***
skipping: [localhost]

TASK [/stigforge/roles/ubuntu22_cis : Set path to /etc/audit/audit.rules] ******
skipping: [localhost]

TASK [/stigforge/roles/ubuntu22_cis : Declare found syscalls] ******************
skipping: [localhost]

TASK [/stigforge/roles/ubuntu22_cis : Declare missing syscalls] ****************
skipping: [localhost]

TASK [/stigforge/roles/ubuntu22_cis : Replace the audit rule in {{ audit_file }}] ***
skipping: [localhost]

TASK [/stigforge/roles/ubuntu22_cis : Add the audit rule to {{ audit_file }}] ***
skipping: [localhost]

TASK [/stigforge/roles/ubuntu22_cis : Declare list of syscalls] ****************
skipping: [localhost]

TASK [/stigforge/roles/ubuntu22_cis : Check existence of open in /etc/audit/rules.d/] ***
skipping: [localhost]

TASK [/stigforge/roles/ubuntu22_cis : Reset syscalls found per file] ***********
skipping: [localhost]

TASK [/stigforge/roles/ubuntu22_cis : Declare syscalls found per file] *********
skipping: [localhost]

TASK [/stigforge/roles/ubuntu22_cis : Declare files where syscalls were found] ***
skipping: [localhost]

TASK [/stigforge/roles/ubuntu22_cis : Count occurrences of syscalls in paths] ***
skipping: [localhost]

TASK [/stigforge/roles/ubuntu22_cis : Get path with most syscalls] *************
skipping: [localhost]

TASK [/stigforge/roles/ubuntu22_cis : No file with syscall found, set path to /etc/audit/rules.d/access.rules] ***
skipping: [localhost]

TASK [/stigforge/roles/ubuntu22_cis : Declare found syscalls] ******************
skipping: [localhost]

TASK [/stigforge/roles/ubuntu22_cis : Declare missing syscalls] ****************
skipping: [localhost]

TASK [/stigforge/roles/ubuntu22_cis : Replace the audit rule in {{ audit_file }}] ***
skipping: [localhost]

TASK [/stigforge/roles/ubuntu22_cis : Add the audit rule to {{ audit_file }}] ***
skipping: [localhost]

TASK [/stigforge/roles/ubuntu22_cis : Declare list of syscalls] ****************
skipping: [localhost]

TASK [/stigforge/roles/ubuntu22_cis : Check existence of open in /etc/audit/audit.rules] ***
skipping: [localhost]

TASK [/stigforge/roles/ubuntu22_cis : Set path to /etc/audit/audit.rules] ******
skipping: [localhost]

TASK [/stigforge/roles/ubuntu22_cis : Declare found syscalls] ******************
skipping: [localhost]

TASK [/stigforge/roles/ubuntu22_cis : Declare missing syscalls] ****************
skipping: [localhost]

TASK [/stigforge/roles/ubuntu22_cis : Replace the audit rule in {{ audit_file }}] ***
skipping: [localhost]

TASK [/stigforge/roles/ubuntu22_cis : Add the audit rule to {{ audit_file }}] ***
skipping: [localhost]

TASK [/stigforge/roles/ubuntu22_cis : Declare list of syscalls] ****************
skipping: [localhost]

TASK [/stigforge/roles/ubuntu22_cis : Check existence of open in /etc/audit/rules.d/] ***
skipping: [localhost]

TASK [/stigforge/roles/ubuntu22_cis : Reset syscalls found per file] ***********
skipping: [localhost]

TASK [/stigforge/roles/ubuntu22_cis : Declare syscalls found per file] *********
skipping: [localhost]

TASK [/stigforge/roles/ubuntu22_cis : Declare files where syscalls were found] ***
skipping: [localhost]

TASK [/stigforge/roles/ubuntu22_cis : Count occurrences of syscalls in paths] ***
skipping: [localhost]

TASK [/stigforge/roles/ubuntu22_cis : Get path with most syscalls] *************
skipping: [localhost]

TASK [/stigforge/roles/ubuntu22_cis : No file with syscall found, set path to /etc/audit/rules.d/access.rules] ***
skipping: [localhost]

TASK [/stigforge/roles/ubuntu22_cis : Declare found syscalls] ******************
skipping: [localhost]

TASK [/stigforge/roles/ubuntu22_cis : Declare missing syscalls] ****************
skipping: [localhost]

TASK [/stigforge/roles/ubuntu22_cis : Replace the audit rule in {{ audit_file }}] ***
skipping: [localhost]

TASK [/stigforge/roles/ubuntu22_cis : Add the audit rule to {{ audit_file }}] ***
skipping: [localhost]

TASK [/stigforge/roles/ubuntu22_cis : Declare list of syscalls] ****************
skipping: [localhost]

TASK [/stigforge/roles/ubuntu22_cis : Check existence of open in /etc/audit/audit.rules] ***
skipping: [localhost]

TASK [/stigforge/roles/ubuntu22_cis : Set path to /etc/audit/audit.rules] ******
skipping: [localhost]

TASK [/stigforge/roles/ubuntu22_cis : Declare found syscalls] ******************
skipping: [localhost]

TASK [/stigforge/roles/ubuntu22_cis : Declare missing syscalls] ****************
skipping: [localhost]

TASK [/stigforge/roles/ubuntu22_cis : Replace the audit rule in {{ audit_file }}] ***
skipping: [localhost]

TASK [/stigforge/roles/ubuntu22_cis : Add the audit rule to {{ audit_file }}] ***
skipping: [localhost]

TASK [/stigforge/roles/ubuntu22_cis : Set architecture for audit openat tasks] ***
skipping: [localhost]

TASK [/stigforge/roles/ubuntu22_cis : Declare list of syscalls] ****************
skipping: [localhost]

TASK [/stigforge/roles/ubuntu22_cis : Check existence of openat in /etc/audit/rules.d/] ***
skipping: [localhost]

TASK [/stigforge/roles/ubuntu22_cis : Reset syscalls found per file] ***********
skipping: [localhost]

TASK [/stigforge/roles/ubuntu22_cis : Declare syscalls found per file] *********
skipping: [localhost]

TASK [/stigforge/roles/ubuntu22_cis : Declare files where syscalls were found] ***
skipping: [localhost]

TASK [/stigforge/roles/ubuntu22_cis : Count occurrences of syscalls in paths] ***
skipping: [localhost]

TASK [/stigforge/roles/ubuntu22_cis : Get path with most syscalls] *************
skipping: [localhost]

TASK [/stigforge/roles/ubuntu22_cis : No file with syscall found, set path to /etc/audit/rules.d/access.rules] ***
skipping: [localhost]

TASK [/stigforge/roles/ubuntu22_cis : Declare found syscalls] ******************
skipping: [localhost]

TASK [/stigforge/roles/ubuntu22_cis : Declare missing syscalls] ****************
skipping: [localhost]

TASK [/stigforge/roles/ubuntu22_cis : Replace the audit rule in {{ audit_file }}] ***
skipping: [localhost]

TASK [/stigforge/roles/ubuntu22_cis : Add the audit rule to {{ audit_file }}] ***
skipping: [localhost]

TASK [/stigforge/roles/ubuntu22_cis : Declare list of syscalls] ****************
skipping: [localhost]

TASK [/stigforge/roles/ubuntu22_cis : Check existence of openat in /etc/audit/audit.rules] ***
skipping: [localhost]

TASK [/stigforge/roles/ubuntu22_cis : Set path to /etc/audit/audit.rules] ******
skipping: [localhost]

TASK [/stigforge/roles/ubuntu22_cis : Declare found syscalls] ******************
skipping: [localhost]

TASK [/stigforge/roles/ubuntu22_cis : Declare missing syscalls] ****************
skipping: [localhost]

TASK [/stigforge/roles/ubuntu22_cis : Replace the audit rule in {{ audit_file }}] ***
skipping: [localhost]

TASK [/stigforge/roles/ubuntu22_cis : Add the audit rule to {{ audit_file }}] ***
skipping: [localhost]

TASK [/stigforge/roles/ubuntu22_cis : Declare list of syscalls] ****************
skipping: [localhost]

TASK [/stigforge/roles/ubuntu22_cis : Check existence of openat in /etc/audit/rules.d/] ***
skipping: [localhost]

TASK [/stigforge/roles/ubuntu22_cis : Reset syscalls found per file] ***********
skipping: [localhost]

TASK [/stigforge/roles/ubuntu22_cis : Declare syscalls found per file] *********
skipping: [localhost]

TASK [/stigforge/roles/ubuntu22_cis : Declare files where syscalls were found] ***
skipping: [localhost]

TASK [/stigforge/roles/ubuntu22_cis : Count occurrences of syscalls in paths] ***
skipping: [localhost]

TASK [/stigforge/roles/ubuntu22_cis : Get path with most syscalls] *************
skipping: [localhost]

TASK [/stigforge/roles/ubuntu22_cis : No file with syscall found, set path to /etc/audit/rules.d/access.rules] ***
skipping: [localhost]

TASK [/stigforge/roles/ubuntu22_cis : Declare found syscalls] ******************
skipping: [localhost]

TASK [/stigforge/roles/ubuntu22_cis : Declare missing syscalls] ****************
skipping: [localhost]

TASK [/stigforge/roles/ubuntu22_cis : Replace the audit rule in {{ audit_file }}] ***
skipping: [localhost]

TASK [/stigforge/roles/ubuntu22_cis : Add the audit rule to {{ audit_file }}] ***
skipping: [localhost]

TASK [/stigforge/roles/ubuntu22_cis : Declare list of syscalls] ****************
skipping: [localhost]

TASK [/stigforge/roles/ubuntu22_cis : Check existence of openat in /etc/audit/audit.rules] ***
skipping: [localhost]

TASK [/stigforge/roles/ubuntu22_cis : Set path to /etc/audit/audit.rules] ******
skipping: [localhost]

TASK [/stigforge/roles/ubuntu22_cis : Declare found syscalls] ******************
skipping: [localhost]

TASK [/stigforge/roles/ubuntu22_cis : Declare missing syscalls] ****************
skipping: [localhost]

TASK [/stigforge/roles/ubuntu22_cis : Replace the audit rule in {{ audit_file }}] ***
skipping: [localhost]

TASK [/stigforge/roles/ubuntu22_cis : Add the audit rule to {{ audit_file }}] ***
skipping: [localhost]

TASK [/stigforge/roles/ubuntu22_cis : Declare list of syscalls] ****************
skipping: [localhost]

TASK [/stigforge/roles/ubuntu22_cis : Check existence of openat in /etc/audit/rules.d/] ***
skipping: [localhost]

TASK [/stigforge/roles/ubuntu22_cis : Reset syscalls found per file] ***********
skipping: [localhost]

TASK [/stigforge/roles/ubuntu22_cis : Declare syscalls found per file] *********
skipping: [localhost]

TASK [/stigforge/roles/ubuntu22_cis : Declare files where syscalls were found] ***
skipping: [localhost]

TASK [/stigforge/roles/ubuntu22_cis : Count occurrences of syscalls in paths] ***
skipping: [localhost]

TASK [/stigforge/roles/ubuntu22_cis : Get path with most syscalls] *************
skipping: [localhost]

TASK [/stigforge/roles/ubuntu22_cis : No file with syscall found, set path to /etc/audit/rules.d/access.rules] ***
skipping: [localhost]

TASK [/stigforge/roles/ubuntu22_cis : Declare found syscalls] ******************
skipping: [localhost]

TASK [/stigforge/roles/ubuntu22_cis : Declare missing syscalls] ****************
skipping: [localhost]

TASK [/stigforge/roles/ubuntu22_cis : Replace the audit rule in {{ audit_file }}] ***
skipping: [localhost]

TASK [/stigforge/roles/ubuntu22_cis : Add the audit rule to {{ audit_file }}] ***
skipping: [localhost]

TASK [/stigforge/roles/ubuntu22_cis : Declare list of syscalls] ****************
skipping: [localhost]

TASK [/stigforge/roles/ubuntu22_cis : Check existence of openat in /etc/audit/audit.rules] ***
skipping: [localhost]

TASK [/stigforge/roles/ubuntu22_cis : Set path to /etc/audit/audit.rules] ******
skipping: [localhost]

TASK [/stigforge/roles/ubuntu22_cis : Declare found syscalls] ******************
skipping: [localhost]

TASK [/stigforge/roles/ubuntu22_cis : Declare missing syscalls] ****************
skipping: [localhost]

TASK [/stigforge/roles/ubuntu22_cis : Replace the audit rule in {{ audit_file }}] ***
skipping: [localhost]

TASK [/stigforge/roles/ubuntu22_cis : Add the audit rule to {{ audit_file }}] ***
skipping: [localhost]

TASK [/stigforge/roles/ubuntu22_cis : Declare list of syscalls] ****************
skipping: [localhost]

TASK [/stigforge/roles/ubuntu22_cis : Check existence of openat in /etc/audit/rules.d/] ***
skipping: [localhost]

TASK [/stigforge/roles/ubuntu22_cis : Reset syscalls found per file] ***********
skipping: [localhost]

TASK [/stigforge/roles/ubuntu22_cis : Declare syscalls found per file] *********
skipping: [localhost]

TASK [/stigforge/roles/ubuntu22_cis : Declare files where syscalls were found] ***
skipping: [localhost]

TASK [/stigforge/roles/ubuntu22_cis : Count occurrences of syscalls in paths] ***
skipping: [localhost]

TASK [/stigforge/roles/ubuntu22_cis : Get path with most syscalls] *************
skipping: [localhost]

TASK [/stigforge/roles/ubuntu22_cis : No file with syscall found, set path to /etc/audit/rules.d/access.rules] ***
skipping: [localhost]

TASK [/stigforge/roles/ubuntu22_cis : Declare found syscalls] ******************
skipping: [localhost]

TASK [/stigforge/roles/ubuntu22_cis : Declare missing syscalls] ****************
skipping: [localhost]

TASK [/stigforge/roles/ubuntu22_cis : Replace the audit rule in {{ audit_file }}] ***
skipping: [localhost]

TASK [/stigforge/roles/ubuntu22_cis : Add the audit rule to {{ audit_file }}] ***
skipping: [localhost]

TASK [/stigforge/roles/ubuntu22_cis : Declare list of syscalls] ****************
skipping: [localhost]

TASK [/stigforge/roles/ubuntu22_cis : Check existence of openat in /etc/audit/audit.rules] ***
skipping: [localhost]

TASK [/stigforge/roles/ubuntu22_cis : Set path to /etc/audit/audit.rules] ******
skipping: [localhost]

TASK [/stigforge/roles/ubuntu22_cis : Declare found syscalls] ******************
skipping: [localhost]

TASK [/stigforge/roles/ubuntu22_cis : Declare missing syscalls] ****************
skipping: [localhost]

TASK [/stigforge/roles/ubuntu22_cis : Replace the audit rule in {{ audit_file }}] ***
skipping: [localhost]

TASK [/stigforge/roles/ubuntu22_cis : Add the audit rule to {{ audit_file }}] ***
skipping: [localhost]

TASK [/stigforge/roles/ubuntu22_cis : Set architecture for audit truncate tasks] ***
skipping: [localhost]

TASK [/stigforge/roles/ubuntu22_cis : Declare list of syscalls] ****************
skipping: [localhost]

TASK [/stigforge/roles/ubuntu22_cis : Check existence of truncate in /etc/audit/rules.d/] ***
skipping: [localhost]

TASK [/stigforge/roles/ubuntu22_cis : Reset syscalls found per file] ***********
skipping: [localhost]

TASK [/stigforge/roles/ubuntu22_cis : Declare syscalls found per file] *********
skipping: [localhost]

TASK [/stigforge/roles/ubuntu22_cis : Declare files where syscalls were found] ***
skipping: [localhost]

TASK [/stigforge/roles/ubuntu22_cis : Count occurrences of syscalls in paths] ***
skipping: [localhost]

TASK [/stigforge/roles/ubuntu22_cis : Get path with most syscalls] *************
skipping: [localhost]

TASK [/stigforge/roles/ubuntu22_cis : No file with syscall found, set path to /etc/audit/rules.d/access.rules] ***
skipping: [localhost]

TASK [/stigforge/roles/ubuntu22_cis : Declare found syscalls] ******************
skipping: [localhost]

TASK [/stigforge/roles/ubuntu22_cis : Declare missing syscalls] ****************
skipping: [localhost]

TASK [/stigforge/roles/ubuntu22_cis : Replace the audit rule in {{ audit_file }}] ***
skipping: [localhost]

TASK [/stigforge/roles/ubuntu22_cis : Add the audit rule to {{ audit_file }}] ***
skipping: [localhost]

TASK [/stigforge/roles/ubuntu22_cis : Declare list of syscalls] ****************
skipping: [localhost]

TASK [/stigforge/roles/ubuntu22_cis : Check existence of truncate in /etc/audit/audit.rules] ***
skipping: [localhost]

TASK [/stigforge/roles/ubuntu22_cis : Set path to /etc/audit/audit.rules] ******
skipping: [localhost]

TASK [/stigforge/roles/ubuntu22_cis : Declare found syscalls] ******************
skipping: [localhost]

TASK [/stigforge/roles/ubuntu22_cis : Declare missing syscalls] ****************
skipping: [localhost]

TASK [/stigforge/roles/ubuntu22_cis : Replace the audit rule in {{ audit_file }}] ***
skipping: [localhost]

TASK [/stigforge/roles/ubuntu22_cis : Add the audit rule to {{ audit_file }}] ***
skipping: [localhost]

TASK [/stigforge/roles/ubuntu22_cis : Declare list of syscalls] ****************
skipping: [localhost]

TASK [/stigforge/roles/ubuntu22_cis : Check existence of truncate in /etc/audit/rules.d/] ***
skipping: [localhost]

TASK [/stigforge/roles/ubuntu22_cis : Reset syscalls found per file] ***********
skipping: [localhost]

TASK [/stigforge/roles/ubuntu22_cis : Declare syscalls found per file] *********
skipping: [localhost]

TASK [/stigforge/roles/ubuntu22_cis : Declare files where syscalls were found] ***
skipping: [localhost]

TASK [/stigforge/roles/ubuntu22_cis : Count occurrences of syscalls in paths] ***
skipping: [localhost]

TASK [/stigforge/roles/ubuntu22_cis : Get path with most syscalls] *************
skipping: [localhost]

TASK [/stigforge/roles/ubuntu22_cis : No file with syscall found, set path to /etc/audit/rules.d/access.rules] ***
skipping: [localhost]

TASK [/stigforge/roles/ubuntu22_cis : Declare found syscalls] ******************
skipping: [localhost]

TASK [/stigforge/roles/ubuntu22_cis : Declare missing syscalls] ****************
skipping: [localhost]

TASK [/stigforge/roles/ubuntu22_cis : Replace the audit rule in {{ audit_file }}] ***
skipping: [localhost]

TASK [/stigforge/roles/ubuntu22_cis : Add the audit rule to {{ audit_file }}] ***
skipping: [localhost]

TASK [/stigforge/roles/ubuntu22_cis : Declare list of syscalls] ****************
skipping: [localhost]

TASK [/stigforge/roles/ubuntu22_cis : Check existence of truncate in /etc/audit/audit.rules] ***
skipping: [localhost]

TASK [/stigforge/roles/ubuntu22_cis : Set path to /etc/audit/audit.rules] ******
skipping: [localhost]

TASK [/stigforge/roles/ubuntu22_cis : Declare found syscalls] ******************
skipping: [localhost]

TASK [/stigforge/roles/ubuntu22_cis : Declare missing syscalls] ****************
skipping: [localhost]

TASK [/stigforge/roles/ubuntu22_cis : Replace the audit rule in {{ audit_file }}] ***
skipping: [localhost]

TASK [/stigforge/roles/ubuntu22_cis : Add the audit rule to {{ audit_file }}] ***
skipping: [localhost]

TASK [/stigforge/roles/ubuntu22_cis : Declare list of syscalls] ****************
skipping: [localhost]

TASK [/stigforge/roles/ubuntu22_cis : Check existence of truncate in /etc/audit/rules.d/] ***
skipping: [localhost]

TASK [/stigforge/roles/ubuntu22_cis : Reset syscalls found per file] ***********
skipping: [localhost]

TASK [/stigforge/roles/ubuntu22_cis : Declare syscalls found per file] *********
skipping: [localhost]

TASK [/stigforge/roles/ubuntu22_cis : Declare files where syscalls were found] ***
skipping: [localhost]

TASK [/stigforge/roles/ubuntu22_cis : Count occurrences of syscalls in paths] ***
skipping: [localhost]

TASK [/stigforge/roles/ubuntu22_cis : Get path with most syscalls] *************
skipping: [localhost]

TASK [/stigforge/roles/ubuntu22_cis : No file with syscall found, set path to /etc/audit/rules.d/access.rules] ***
skipping: [localhost]

TASK [/stigforge/roles/ubuntu22_cis : Declare found syscalls] ******************
skipping: [localhost]

TASK [/stigforge/roles/ubuntu22_cis : Declare missing syscalls] ****************
skipping: [localhost]

TASK [/stigforge/roles/ubuntu22_cis : Replace the audit rule in {{ audit_file }}] ***
skipping: [localhost]

TASK [/stigforge/roles/ubuntu22_cis : Add the audit rule to {{ audit_file }}] ***
skipping: [localhost]

TASK [/stigforge/roles/ubuntu22_cis : Declare list of syscalls] ****************
skipping: [localhost]

TASK [/stigforge/roles/ubuntu22_cis : Check existence of truncate in /etc/audit/audit.rules] ***
skipping: [localhost]

TASK [/stigforge/roles/ubuntu22_cis : Set path to /etc/audit/audit.rules] ******
skipping: [localhost]

TASK [/stigforge/roles/ubuntu22_cis : Declare found syscalls] ******************
skipping: [localhost]

TASK [/stigforge/roles/ubuntu22_cis : Declare missing syscalls] ****************
skipping: [localhost]

TASK [/stigforge/roles/ubuntu22_cis : Replace the audit rule in {{ audit_file }}] ***
skipping: [localhost]

TASK [/stigforge/roles/ubuntu22_cis : Add the audit rule to {{ audit_file }}] ***
skipping: [localhost]

TASK [/stigforge/roles/ubuntu22_cis : Declare list of syscalls] ****************
skipping: [localhost]

TASK [/stigforge/roles/ubuntu22_cis : Check existence of truncate in /etc/audit/rules.d/] ***
skipping: [localhost]

TASK [/stigforge/roles/ubuntu22_cis : Reset syscalls found per file] ***********
skipping: [localhost]

TASK [/stigforge/roles/ubuntu22_cis : Declare syscalls found per file] *********
skipping: [localhost]

TASK [/stigforge/roles/ubuntu22_cis : Declare files where syscalls were found] ***
skipping: [localhost]

TASK [/stigforge/roles/ubuntu22_cis : Count occurrences of syscalls in paths] ***
skipping: [localhost]

TASK [/stigforge/roles/ubuntu22_cis : Get path with most syscalls] *************
skipping: [localhost]

TASK [/stigforge/roles/ubuntu22_cis : No file with syscall found, set path to /etc/audit/rules.d/access.rules] ***
skipping: [localhost]

TASK [/stigforge/roles/ubuntu22_cis : Declare found syscalls] ******************
skipping: [localhost]

TASK [/stigforge/roles/ubuntu22_cis : Declare missing syscalls] ****************
skipping: [localhost]

TASK [/stigforge/roles/ubuntu22_cis : Replace the audit rule in {{ audit_file }}] ***
skipping: [localhost]

TASK [/stigforge/roles/ubuntu22_cis : Add the audit rule to {{ audit_file }}] ***
skipping: [localhost]

TASK [/stigforge/roles/ubuntu22_cis : Declare list of syscalls] ****************
skipping: [localhost]

TASK [/stigforge/roles/ubuntu22_cis : Check existence of truncate in /etc/audit/audit.rules] ***
skipping: [localhost]

TASK [/stigforge/roles/ubuntu22_cis : Set path to /etc/audit/audit.rules] ******
skipping: [localhost]

TASK [/stigforge/roles/ubuntu22_cis : Declare found syscalls] ******************
skipping: [localhost]

TASK [/stigforge/roles/ubuntu22_cis : Declare missing syscalls] ****************
skipping: [localhost]

TASK [/stigforge/roles/ubuntu22_cis : Replace the audit rule in {{ audit_file }}] ***
skipping: [localhost]

TASK [/stigforge/roles/ubuntu22_cis : Add the audit rule to {{ audit_file }}] ***
skipping: [localhost]

TASK [/stigforge/roles/ubuntu22_cis : Set architecture for audit delete_module tasks] ***
skipping: [localhost]

TASK [/stigforge/roles/ubuntu22_cis : Declare list of syscalls] ****************
skipping: [localhost]

TASK [/stigforge/roles/ubuntu22_cis : Check existence of delete_module in /etc/audit/rules.d/] ***
skipping: [localhost]

TASK [/stigforge/roles/ubuntu22_cis : Reset syscalls found per file] ***********
skipping: [localhost]

TASK [/stigforge/roles/ubuntu22_cis : Declare syscalls found per file] *********
skipping: [localhost]

TASK [/stigforge/roles/ubuntu22_cis : Declare files where syscalls were found] ***
skipping: [localhost]

TASK [/stigforge/roles/ubuntu22_cis : Count occurrences of syscalls in paths] ***
skipping: [localhost]

TASK [/stigforge/roles/ubuntu22_cis : Get path with most syscalls] *************
skipping: [localhost]

TASK [/stigforge/roles/ubuntu22_cis : No file with syscall found, set path to /etc/audit/rules.d/module-change.rules] ***
skipping: [localhost]

TASK [/stigforge/roles/ubuntu22_cis : Declare found syscalls] ******************
skipping: [localhost]

TASK [/stigforge/roles/ubuntu22_cis : Declare missing syscalls] ****************
skipping: [localhost]

TASK [/stigforge/roles/ubuntu22_cis : Replace the audit rule in {{ audit_file }}] ***
skipping: [localhost]

TASK [/stigforge/roles/ubuntu22_cis : Add the audit rule to {{ audit_file }}] ***
skipping: [localhost]

TASK [/stigforge/roles/ubuntu22_cis : Declare list of syscalls] ****************
skipping: [localhost]

TASK [/stigforge/roles/ubuntu22_cis : Check existence of delete_module in /etc/audit/audit.rules] ***
skipping: [localhost]

TASK [/stigforge/roles/ubuntu22_cis : Set path to /etc/audit/audit.rules] ******
skipping: [localhost]

TASK [/stigforge/roles/ubuntu22_cis : Declare found syscalls] ******************
skipping: [localhost]

TASK [/stigforge/roles/ubuntu22_cis : Declare missing syscalls] ****************
skipping: [localhost]

TASK [/stigforge/roles/ubuntu22_cis : Replace the audit rule in {{ audit_file }}] ***
skipping: [localhost]

TASK [/stigforge/roles/ubuntu22_cis : Add the audit rule to {{ audit_file }}] ***
skipping: [localhost]

TASK [/stigforge/roles/ubuntu22_cis : Declare list of syscalls] ****************
skipping: [localhost]

TASK [/stigforge/roles/ubuntu22_cis : Check existence of delete_module in /etc/audit/rules.d/] ***
skipping: [localhost]

TASK [/stigforge/roles/ubuntu22_cis : Reset syscalls found per file] ***********
skipping: [localhost]

TASK [/stigforge/roles/ubuntu22_cis : Declare syscalls found per file] *********
skipping: [localhost]

TASK [/stigforge/roles/ubuntu22_cis : Declare files where syscalls were found] ***
skipping: [localhost]

TASK [/stigforge/roles/ubuntu22_cis : Count occurrences of syscalls in paths] ***
skipping: [localhost]

TASK [/stigforge/roles/ubuntu22_cis : Get path with most syscalls] *************
skipping: [localhost]

TASK [/stigforge/roles/ubuntu22_cis : No file with syscall found, set path to /etc/audit/rules.d/module-change.rules] ***
skipping: [localhost]

TASK [/stigforge/roles/ubuntu22_cis : Declare found syscalls] ******************
skipping: [localhost]

TASK [/stigforge/roles/ubuntu22_cis : Declare missing syscalls] ****************
skipping: [localhost]

TASK [/stigforge/roles/ubuntu22_cis : Replace the audit rule in {{ audit_file }}] ***
skipping: [localhost]

TASK [/stigforge/roles/ubuntu22_cis : Add the audit rule to {{ audit_file }}] ***
skipping: [localhost]

TASK [/stigforge/roles/ubuntu22_cis : Declare list of syscalls] ****************
skipping: [localhost]

TASK [/stigforge/roles/ubuntu22_cis : Check existence of delete_module in /etc/audit/audit.rules] ***
skipping: [localhost]

TASK [/stigforge/roles/ubuntu22_cis : Set path to /etc/audit/audit.rules] ******
skipping: [localhost]

TASK [/stigforge/roles/ubuntu22_cis : Declare found syscalls] ******************
skipping: [localhost]

TASK [/stigforge/roles/ubuntu22_cis : Declare missing syscalls] ****************
skipping: [localhost]

TASK [/stigforge/roles/ubuntu22_cis : Replace the audit rule in {{ audit_file }}] ***
skipping: [localhost]

TASK [/stigforge/roles/ubuntu22_cis : Add the audit rule to {{ audit_file }}] ***
skipping: [localhost]

TASK [/stigforge/roles/ubuntu22_cis : Set architecture for audit init_module tasks] ***
skipping: [localhost]

TASK [/stigforge/roles/ubuntu22_cis : Declare list of syscalls] ****************
skipping: [localhost]

TASK [/stigforge/roles/ubuntu22_cis : Check existence of init_module in /etc/audit/rules.d/] ***
skipping: [localhost]

TASK [/stigforge/roles/ubuntu22_cis : Reset syscalls found per file] ***********
skipping: [localhost]

TASK [/stigforge/roles/ubuntu22_cis : Declare syscalls found per file] *********
skipping: [localhost]

TASK [/stigforge/roles/ubuntu22_cis : Declare files where syscalls were found] ***
skipping: [localhost]

TASK [/stigforge/roles/ubuntu22_cis : Count occurrences of syscalls in paths] ***
skipping: [localhost]

TASK [/stigforge/roles/ubuntu22_cis : Get path with most syscalls] *************
skipping: [localhost]

TASK [/stigforge/roles/ubuntu22_cis : No file with syscall found, set path to /etc/audit/rules.d/module-change.rules] ***
skipping: [localhost]

TASK [/stigforge/roles/ubuntu22_cis : Declare found syscalls] ******************
skipping: [localhost]

TASK [/stigforge/roles/ubuntu22_cis : Declare missing syscalls] ****************
skipping: [localhost]

TASK [/stigforge/roles/ubuntu22_cis : Replace the audit rule in {{ audit_file }}] ***
skipping: [localhost]

TASK [/stigforge/roles/ubuntu22_cis : Add the audit rule to {{ audit_file }}] ***
skipping: [localhost]

TASK [/stigforge/roles/ubuntu22_cis : Declare list of syscalls] ****************
skipping: [localhost]

TASK [/stigforge/roles/ubuntu22_cis : Check existence of init_module in /etc/audit/audit.rules] ***
skipping: [localhost]

TASK [/stigforge/roles/ubuntu22_cis : Set path to /etc/audit/audit.rules] ******
skipping: [localhost]

TASK [/stigforge/roles/ubuntu22_cis : Declare found syscalls] ******************
skipping: [localhost]

TASK [/stigforge/roles/ubuntu22_cis : Declare missing syscalls] ****************
skipping: [localhost]

TASK [/stigforge/roles/ubuntu22_cis : Replace the audit rule in {{ audit_file }}] ***
skipping: [localhost]

TASK [/stigforge/roles/ubuntu22_cis : Add the audit rule to {{ audit_file }}] ***
skipping: [localhost]

TASK [/stigforge/roles/ubuntu22_cis : Declare list of syscalls] ****************
skipping: [localhost]

TASK [/stigforge/roles/ubuntu22_cis : Check existence of init_module in /etc/audit/rules.d/] ***
skipping: [localhost]

TASK [/stigforge/roles/ubuntu22_cis : Reset syscalls found per file] ***********
skipping: [localhost]

TASK [/stigforge/roles/ubuntu22_cis : Declare syscalls found per file] *********
skipping: [localhost]

TASK [/stigforge/roles/ubuntu22_cis : Declare files where syscalls were found] ***
skipping: [localhost]

TASK [/stigforge/roles/ubuntu22_cis : Count occurrences of syscalls in paths] ***
skipping: [localhost]

TASK [/stigforge/roles/ubuntu22_cis : Get path with most syscalls] *************
skipping: [localhost]

TASK [/stigforge/roles/ubuntu22_cis : No file with syscall found, set path to /etc/audit/rules.d/module-change.rules] ***
skipping: [localhost]

TASK [/stigforge/roles/ubuntu22_cis : Declare found syscalls] ******************
skipping: [localhost]

TASK [/stigforge/roles/ubuntu22_cis : Declare missing syscalls] ****************
skipping: [localhost]

TASK [/stigforge/roles/ubuntu22_cis : Replace the audit rule in {{ audit_file }}] ***
skipping: [localhost]

TASK [/stigforge/roles/ubuntu22_cis : Add the audit rule to {{ audit_file }}] ***
skipping: [localhost]

TASK [/stigforge/roles/ubuntu22_cis : Declare list of syscalls] ****************
skipping: [localhost]

TASK [/stigforge/roles/ubuntu22_cis : Check existence of init_module in /etc/audit/audit.rules] ***
skipping: [localhost]

TASK [/stigforge/roles/ubuntu22_cis : Set path to /etc/audit/audit.rules] ******
skipping: [localhost]

TASK [/stigforge/roles/ubuntu22_cis : Declare found syscalls] ******************
skipping: [localhost]

TASK [/stigforge/roles/ubuntu22_cis : Declare missing syscalls] ****************
skipping: [localhost]

TASK [/stigforge/roles/ubuntu22_cis : Replace the audit rule in {{ audit_file }}] ***
skipping: [localhost]

TASK [/stigforge/roles/ubuntu22_cis : Add the audit rule to {{ audit_file }}] ***
skipping: [localhost]

TASK [/stigforge/roles/ubuntu22_cis : Record Attempts to Alter Logon and Logout Events - faillock - Check if watch rule for /var/run/faillock already exists in /etc/audit/rules.d/] ***
skipping: [localhost]

TASK [/stigforge/roles/ubuntu22_cis : Record Attempts to Alter Logon and Logout Events - faillock - Search /etc/audit/rules.d for other rules with specified key logins] ***
skipping: [localhost]

TASK [/stigforge/roles/ubuntu22_cis : Record Attempts to Alter Logon and Logout Events - faillock - Use /etc/audit/rules.d/logins.rules as the recipient for the rule] ***
skipping: [localhost]

TASK [/stigforge/roles/ubuntu22_cis : Record Attempts to Alter Logon and Logout Events - faillock - Use matched file as the recipient for the rule] ***
skipping: [localhost]

TASK [/stigforge/roles/ubuntu22_cis : Record Attempts to Alter Logon and Logout Events - faillock - Add watch rule for /var/run/faillock in /etc/audit/rules.d/] ***
skipping: [localhost]

TASK [/stigforge/roles/ubuntu22_cis : Record Attempts to Alter Logon and Logout Events - faillock - Check if watch rule for /var/run/faillock already exists in /etc/audit/audit.rules] ***
skipping: [localhost]

TASK [/stigforge/roles/ubuntu22_cis : Record Attempts to Alter Logon and Logout Events - faillock - Add watch rule for /var/run/faillock in /etc/audit/audit.rules] ***
skipping: [localhost]

TASK [/stigforge/roles/ubuntu22_cis : Record Attempts to Alter Logon and Logout Events - lastlog - Check if watch rule for /var/log/lastlog already exists in /etc/audit/rules.d/] ***
skipping: [localhost]

TASK [/stigforge/roles/ubuntu22_cis : Record Attempts to Alter Logon and Logout Events - lastlog - Search /etc/audit/rules.d for other rules with specified key logins] ***
skipping: [localhost]

TASK [/stigforge/roles/ubuntu22_cis : Record Attempts to Alter Logon and Logout Events - lastlog - Use /etc/audit/rules.d/logins.rules as the recipient for the rule] ***
skipping: [localhost]

TASK [/stigforge/roles/ubuntu22_cis : Record Attempts to Alter Logon and Logout Events - lastlog - Use matched file as the recipient for the rule] ***
skipping: [localhost]

TASK [/stigforge/roles/ubuntu22_cis : Record Attempts to Alter Logon and Logout Events - lastlog - Add watch rule for /var/log/lastlog in /etc/audit/rules.d/] ***
skipping: [localhost]

TASK [/stigforge/roles/ubuntu22_cis : Record Attempts to Alter Logon and Logout Events - lastlog - Check if watch rule for /var/log/lastlog already exists in /etc/audit/audit.rules] ***
skipping: [localhost]

TASK [/stigforge/roles/ubuntu22_cis : Record Attempts to Alter Logon and Logout Events - lastlog - Add watch rule for /var/log/lastlog in /etc/audit/audit.rules] ***
skipping: [localhost]

TASK [/stigforge/roles/ubuntu22_cis : Declare list of syscalls] ****************
skipping: [localhost]

TASK [/stigforge/roles/ubuntu22_cis : Check existence of  in /etc/audit/rules.d/] ***
skipping: [localhost]

TASK [/stigforge/roles/ubuntu22_cis : Reset syscalls found per file] ***********
skipping: [localhost]

TASK [/stigforge/roles/ubuntu22_cis : Declare syscalls found per file] *********
skipping: [localhost]

TASK [/stigforge/roles/ubuntu22_cis : Declare files where syscalls were found] ***
skipping: [localhost]

TASK [/stigforge/roles/ubuntu22_cis : Count occurrences of syscalls in paths] ***
skipping: [localhost]

TASK [/stigforge/roles/ubuntu22_cis : Get path with most syscalls] *************
skipping: [localhost]

TASK [/stigforge/roles/ubuntu22_cis : No file with syscall found, set path to /etc/audit/rules.d/privileged.rules] ***
skipping: [localhost]

TASK [/stigforge/roles/ubuntu22_cis : Declare found syscalls] ******************
skipping: [localhost]

TASK [/stigforge/roles/ubuntu22_cis : Declare missing syscalls] ****************
skipping: [localhost]

TASK [/stigforge/roles/ubuntu22_cis : Replace the audit rule in {{ audit_file }}] ***
skipping: [localhost]

TASK [/stigforge/roles/ubuntu22_cis : Add the audit rule to {{ audit_file }}] ***
skipping: [localhost]

TASK [/stigforge/roles/ubuntu22_cis : Declare list of syscalls] ****************
skipping: [localhost]

TASK [/stigforge/roles/ubuntu22_cis : Check existence of  in /etc/audit/audit.rules] ***
skipping: [localhost]

TASK [/stigforge/roles/ubuntu22_cis : Set path to /etc/audit/audit.rules] ******
skipping: [localhost]

TASK [/stigforge/roles/ubuntu22_cis : Declare found syscalls] ******************
skipping: [localhost]

TASK [/stigforge/roles/ubuntu22_cis : Declare missing syscalls] ****************
skipping: [localhost]

TASK [/stigforge/roles/ubuntu22_cis : Replace the audit rule in {{ audit_file }}] ***
skipping: [localhost]

TASK [/stigforge/roles/ubuntu22_cis : Add the audit rule to {{ audit_file }}] ***
skipping: [localhost]

TASK [/stigforge/roles/ubuntu22_cis : Declare list of syscalls] ****************
skipping: [localhost]

TASK [/stigforge/roles/ubuntu22_cis : Check existence of  in /etc/audit/rules.d/] ***
skipping: [localhost]

TASK [/stigforge/roles/ubuntu22_cis : Reset syscalls found per file] ***********
skipping: [localhost]

TASK [/stigforge/roles/ubuntu22_cis : Declare syscalls found per file] *********
skipping: [localhost]

TASK [/stigforge/roles/ubuntu22_cis : Declare files where syscalls were found] ***
skipping: [localhost]

TASK [/stigforge/roles/ubuntu22_cis : Count occurrences of syscalls in paths] ***
skipping: [localhost]

TASK [/stigforge/roles/ubuntu22_cis : Get path with most syscalls] *************
skipping: [localhost]

TASK [/stigforge/roles/ubuntu22_cis : No file with syscall found, set path to /etc/audit/rules.d/privileged.rules] ***
skipping: [localhost]

TASK [/stigforge/roles/ubuntu22_cis : Declare found syscalls] ******************
skipping: [localhost]

TASK [/stigforge/roles/ubuntu22_cis : Declare missing syscalls] ****************
skipping: [localhost]

TASK [/stigforge/roles/ubuntu22_cis : Replace the audit rule in {{ audit_file }}] ***
skipping: [localhost]

TASK [/stigforge/roles/ubuntu22_cis : Add the audit rule to {{ audit_file }}] ***
skipping: [localhost]

TASK [/stigforge/roles/ubuntu22_cis : Declare list of syscalls] ****************
skipping: [localhost]

TASK [/stigforge/roles/ubuntu22_cis : Check existence of  in /etc/audit/audit.rules] ***
skipping: [localhost]

TASK [/stigforge/roles/ubuntu22_cis : Set path to /etc/audit/audit.rules] ******
skipping: [localhost]

TASK [/stigforge/roles/ubuntu22_cis : Declare found syscalls] ******************
skipping: [localhost]

TASK [/stigforge/roles/ubuntu22_cis : Declare missing syscalls] ****************
skipping: [localhost]

TASK [/stigforge/roles/ubuntu22_cis : Replace the audit rule in {{ audit_file }}] ***
skipping: [localhost]

TASK [/stigforge/roles/ubuntu22_cis : Add the audit rule to {{ audit_file }}] ***
skipping: [localhost]

TASK [/stigforge/roles/ubuntu22_cis : Declare list of syscalls] ****************
skipping: [localhost]

TASK [/stigforge/roles/ubuntu22_cis : Check existence of  in /etc/audit/rules.d/] ***
skipping: [localhost]

TASK [/stigforge/roles/ubuntu22_cis : Reset syscalls found per file] ***********
skipping: [localhost]

TASK [/stigforge/roles/ubuntu22_cis : Declare syscalls found per file] *********
skipping: [localhost]

TASK [/stigforge/roles/ubuntu22_cis : Declare files where syscalls were found] ***
skipping: [localhost]

TASK [/stigforge/roles/ubuntu22_cis : Count occurrences of syscalls in paths] ***
skipping: [localhost]

TASK [/stigforge/roles/ubuntu22_cis : Get path with most syscalls] *************
skipping: [localhost]

TASK [/stigforge/roles/ubuntu22_cis : No file with syscall found, set path to /etc/audit/rules.d/privileged.rules] ***
skipping: [localhost]

TASK [/stigforge/roles/ubuntu22_cis : Declare found syscalls] ******************
skipping: [localhost]

TASK [/stigforge/roles/ubuntu22_cis : Declare missing syscalls] ****************
skipping: [localhost]

TASK [/stigforge/roles/ubuntu22_cis : Replace the audit rule in {{ audit_file }}] ***
skipping: [localhost]

TASK [/stigforge/roles/ubuntu22_cis : Add the audit rule to {{ audit_file }}] ***
skipping: [localhost]

TASK [/stigforge/roles/ubuntu22_cis : Declare list of syscalls] ****************
skipping: [localhost]

TASK [/stigforge/roles/ubuntu22_cis : Check existence of  in /etc/audit/audit.rules] ***
skipping: [localhost]

TASK [/stigforge/roles/ubuntu22_cis : Set path to /etc/audit/audit.rules] ******
skipping: [localhost]

TASK [/stigforge/roles/ubuntu22_cis : Declare found syscalls] ******************
skipping: [localhost]

TASK [/stigforge/roles/ubuntu22_cis : Declare missing syscalls] ****************
skipping: [localhost]

TASK [/stigforge/roles/ubuntu22_cis : Replace the audit rule in {{ audit_file }}] ***
skipping: [localhost]

TASK [/stigforge/roles/ubuntu22_cis : Add the audit rule to {{ audit_file }}] ***
skipping: [localhost]

TASK [/stigforge/roles/ubuntu22_cis : Declare list of syscalls] ****************
skipping: [localhost]

TASK [/stigforge/roles/ubuntu22_cis : Check existence of  in /etc/audit/rules.d/] ***
skipping: [localhost]

TASK [/stigforge/roles/ubuntu22_cis : Reset syscalls found per file] ***********
skipping: [localhost]

TASK [/stigforge/roles/ubuntu22_cis : Declare syscalls found per file] *********
skipping: [localhost]

TASK [/stigforge/roles/ubuntu22_cis : Declare files where syscalls were found] ***
skipping: [localhost]

TASK [/stigforge/roles/ubuntu22_cis : Count occurrences of syscalls in paths] ***
skipping: [localhost]

TASK [/stigforge/roles/ubuntu22_cis : Get path with most syscalls] *************
skipping: [localhost]

TASK [/stigforge/roles/ubuntu22_cis : No file with syscall found, set path to /etc/audit/rules.d/privileged.rules] ***
skipping: [localhost]

TASK [/stigforge/roles/ubuntu22_cis : Declare found syscalls] ******************
skipping: [localhost]

TASK [/stigforge/roles/ubuntu22_cis : Declare missing syscalls] ****************
skipping: [localhost]

TASK [/stigforge/roles/ubuntu22_cis : Replace the audit rule in {{ audit_file }}] ***
skipping: [localhost]

TASK [/stigforge/roles/ubuntu22_cis : Add the audit rule to {{ audit_file }}] ***
skipping: [localhost]

TASK [/stigforge/roles/ubuntu22_cis : Declare list of syscalls] ****************
skipping: [localhost]

TASK [/stigforge/roles/ubuntu22_cis : Check existence of  in /etc/audit/audit.rules] ***
skipping: [localhost]

TASK [/stigforge/roles/ubuntu22_cis : Set path to /etc/audit/audit.rules] ******
skipping: [localhost]

TASK [/stigforge/roles/ubuntu22_cis : Declare found syscalls] ******************
skipping: [localhost]

TASK [/stigforge/roles/ubuntu22_cis : Declare missing syscalls] ****************
skipping: [localhost]

TASK [/stigforge/roles/ubuntu22_cis : Replace the audit rule in {{ audit_file }}] ***
skipping: [localhost]

TASK [/stigforge/roles/ubuntu22_cis : Add the audit rule to {{ audit_file }}] ***
skipping: [localhost]

TASK [/stigforge/roles/ubuntu22_cis : Declare list of syscalls] ****************
skipping: [localhost]

TASK [/stigforge/roles/ubuntu22_cis : Check existence of  in /etc/audit/rules.d/] ***
skipping: [localhost]

TASK [/stigforge/roles/ubuntu22_cis : Reset syscalls found per file] ***********
skipping: [localhost]

TASK [/stigforge/roles/ubuntu22_cis : Declare syscalls found per file] *********
skipping: [localhost]

TASK [/stigforge/roles/ubuntu22_cis : Declare files where syscalls were found] ***
skipping: [localhost]

TASK [/stigforge/roles/ubuntu22_cis : Count occurrences of syscalls in paths] ***
skipping: [localhost]

TASK [/stigforge/roles/ubuntu22_cis : Get path with most syscalls] *************
skipping: [localhost]

TASK [/stigforge/roles/ubuntu22_cis : No file with syscall found, set path to /etc/audit/rules.d/privileged.rules] ***
skipping: [localhost]

TASK [/stigforge/roles/ubuntu22_cis : Declare found syscalls] ******************
skipping: [localhost]

TASK [/stigforge/roles/ubuntu22_cis : Declare missing syscalls] ****************
skipping: [localhost]

TASK [/stigforge/roles/ubuntu22_cis : Replace the audit rule in {{ audit_file }}] ***
skipping: [localhost]

TASK [/stigforge/roles/ubuntu22_cis : Add the audit rule to {{ audit_file }}] ***
skipping: [localhost]

TASK [/stigforge/roles/ubuntu22_cis : Declare list of syscalls] ****************
skipping: [localhost]

TASK [/stigforge/roles/ubuntu22_cis : Check existence of  in /etc/audit/audit.rules] ***
skipping: [localhost]

TASK [/stigforge/roles/ubuntu22_cis : Set path to /etc/audit/audit.rules] ******
skipping: [localhost]

TASK [/stigforge/roles/ubuntu22_cis : Declare found syscalls] ******************
skipping: [localhost]

TASK [/stigforge/roles/ubuntu22_cis : Declare missing syscalls] ****************
skipping: [localhost]

TASK [/stigforge/roles/ubuntu22_cis : Replace the audit rule in {{ audit_file }}] ***
skipping: [localhost]

TASK [/stigforge/roles/ubuntu22_cis : Add the audit rule to {{ audit_file }}] ***
skipping: [localhost]

TASK [/stigforge/roles/ubuntu22_cis : Declare list of syscalls] ****************
skipping: [localhost]

TASK [/stigforge/roles/ubuntu22_cis : Check existence of  in /etc/audit/rules.d/] ***
skipping: [localhost]

TASK [/stigforge/roles/ubuntu22_cis : Reset syscalls found per file] ***********
skipping: [localhost]

TASK [/stigforge/roles/ubuntu22_cis : Declare syscalls found per file] *********
skipping: [localhost]

TASK [/stigforge/roles/ubuntu22_cis : Declare files where syscalls were found] ***
skipping: [localhost]

TASK [/stigforge/roles/ubuntu22_cis : Count occurrences of syscalls in paths] ***
skipping: [localhost]

TASK [/stigforge/roles/ubuntu22_cis : Get path with most syscalls] *************
skipping: [localhost]

TASK [/stigforge/roles/ubuntu22_cis : No file with syscall found, set path to /etc/audit/rules.d/privileged.rules] ***
skipping: [localhost]

TASK [/stigforge/roles/ubuntu22_cis : Declare found syscalls] ******************
skipping: [localhost]

TASK [/stigforge/roles/ubuntu22_cis : Declare missing syscalls] ****************
skipping: [localhost]

TASK [/stigforge/roles/ubuntu22_cis : Replace the audit rule in {{ audit_file }}] ***
skipping: [localhost]

TASK [/stigforge/roles/ubuntu22_cis : Add the audit rule to {{ audit_file }}] ***
skipping: [localhost]

TASK [/stigforge/roles/ubuntu22_cis : Declare list of syscalls] ****************
skipping: [localhost]

TASK [/stigforge/roles/ubuntu22_cis : Check existence of  in /etc/audit/audit.rules] ***
skipping: [localhost]

TASK [/stigforge/roles/ubuntu22_cis : Set path to /etc/audit/audit.rules] ******
skipping: [localhost]

TASK [/stigforge/roles/ubuntu22_cis : Declare found syscalls] ******************
skipping: [localhost]

TASK [/stigforge/roles/ubuntu22_cis : Declare missing syscalls] ****************
skipping: [localhost]

TASK [/stigforge/roles/ubuntu22_cis : Replace the audit rule in {{ audit_file }}] ***
skipping: [localhost]

TASK [/stigforge/roles/ubuntu22_cis : Add the audit rule to {{ audit_file }}] ***
skipping: [localhost]

TASK [/stigforge/roles/ubuntu22_cis : Declare list of syscalls] ****************
skipping: [localhost]

TASK [/stigforge/roles/ubuntu22_cis : Check existence of  in /etc/audit/rules.d/] ***
skipping: [localhost]

TASK [/stigforge/roles/ubuntu22_cis : Reset syscalls found per file] ***********
skipping: [localhost]

TASK [/stigforge/roles/ubuntu22_cis : Declare syscalls found per file] *********
skipping: [localhost]

TASK [/stigforge/roles/ubuntu22_cis : Declare files where syscalls were found] ***
skipping: [localhost]

TASK [/stigforge/roles/ubuntu22_cis : Count occurrences of syscalls in paths] ***
skipping: [localhost]

TASK [/stigforge/roles/ubuntu22_cis : Get path with most syscalls] *************
skipping: [localhost]

TASK [/stigforge/roles/ubuntu22_cis : No file with syscall found, set path to /etc/audit/rules.d/privileged.rules] ***
skipping: [localhost]

TASK [/stigforge/roles/ubuntu22_cis : Declare found syscalls] ******************
skipping: [localhost]

TASK [/stigforge/roles/ubuntu22_cis : Declare missing syscalls] ****************
skipping: [localhost]

TASK [/stigforge/roles/ubuntu22_cis : Replace the audit rule in {{ audit_file }}] ***
skipping: [localhost]

TASK [/stigforge/roles/ubuntu22_cis : Add the audit rule to {{ audit_file }}] ***
skipping: [localhost]

TASK [/stigforge/roles/ubuntu22_cis : Declare list of syscalls] ****************
skipping: [localhost]

TASK [/stigforge/roles/ubuntu22_cis : Check existence of  in /etc/audit/audit.rules] ***
skipping: [localhost]

TASK [/stigforge/roles/ubuntu22_cis : Set path to /etc/audit/audit.rules] ******
skipping: [localhost]

TASK [/stigforge/roles/ubuntu22_cis : Declare found syscalls] ******************
skipping: [localhost]

TASK [/stigforge/roles/ubuntu22_cis : Declare missing syscalls] ****************
skipping: [localhost]

TASK [/stigforge/roles/ubuntu22_cis : Replace the audit rule in {{ audit_file }}] ***
skipping: [localhost]

TASK [/stigforge/roles/ubuntu22_cis : Add the audit rule to {{ audit_file }}] ***
skipping: [localhost]

TASK [/stigforge/roles/ubuntu22_cis : Declare list of syscalls] ****************
skipping: [localhost]

TASK [/stigforge/roles/ubuntu22_cis : Check existence of  in /etc/audit/rules.d/] ***
skipping: [localhost]

TASK [/stigforge/roles/ubuntu22_cis : Reset syscalls found per file] ***********
skipping: [localhost]

TASK [/stigforge/roles/ubuntu22_cis : Declare syscalls found per file] *********
skipping: [localhost]

TASK [/stigforge/roles/ubuntu22_cis : Declare files where syscalls were found] ***
skipping: [localhost]

TASK [/stigforge/roles/ubuntu22_cis : Count occurrences of syscalls in paths] ***
skipping: [localhost]

TASK [/stigforge/roles/ubuntu22_cis : Get path with most syscalls] *************
skipping: [localhost]

TASK [/stigforge/roles/ubuntu22_cis : No file with syscall found, set path to /etc/audit/rules.d/privileged.rules] ***
skipping: [localhost]

TASK [/stigforge/roles/ubuntu22_cis : Declare found syscalls] ******************
skipping: [localhost]

TASK [/stigforge/roles/ubuntu22_cis : Declare missing syscalls] ****************
skipping: [localhost]

TASK [/stigforge/roles/ubuntu22_cis : Replace the audit rule in {{ audit_file }}] ***
skipping: [localhost]

TASK [/stigforge/roles/ubuntu22_cis : Add the audit rule to {{ audit_file }}] ***
skipping: [localhost]

TASK [/stigforge/roles/ubuntu22_cis : Declare list of syscalls] ****************
skipping: [localhost]

TASK [/stigforge/roles/ubuntu22_cis : Check existence of  in /etc/audit/audit.rules] ***
skipping: [localhost]

TASK [/stigforge/roles/ubuntu22_cis : Set path to /etc/audit/audit.rules] ******
skipping: [localhost]

TASK [/stigforge/roles/ubuntu22_cis : Declare found syscalls] ******************
skipping: [localhost]

TASK [/stigforge/roles/ubuntu22_cis : Declare missing syscalls] ****************
skipping: [localhost]

TASK [/stigforge/roles/ubuntu22_cis : Replace the audit rule in {{ audit_file }}] ***
skipping: [localhost]

TASK [/stigforge/roles/ubuntu22_cis : Add the audit rule to {{ audit_file }}] ***
skipping: [localhost]

TASK [/stigforge/roles/ubuntu22_cis : Declare list of syscalls] ****************
skipping: [localhost]

TASK [/stigforge/roles/ubuntu22_cis : Check existence of  in /etc/audit/rules.d/] ***
skipping: [localhost]

TASK [/stigforge/roles/ubuntu22_cis : Reset syscalls found per file] ***********
skipping: [localhost]

TASK [/stigforge/roles/ubuntu22_cis : Declare syscalls found per file] *********
skipping: [localhost]

TASK [/stigforge/roles/ubuntu22_cis : Declare files where syscalls were found] ***
skipping: [localhost]

TASK [/stigforge/roles/ubuntu22_cis : Count occurrences of syscalls in paths] ***
skipping: [localhost]

TASK [/stigforge/roles/ubuntu22_cis : Get path with most syscalls] *************
skipping: [localhost]

TASK [/stigforge/roles/ubuntu22_cis : No file with syscall found, set path to /etc/audit/rules.d/privileged.rules] ***
skipping: [localhost]

TASK [/stigforge/roles/ubuntu22_cis : Declare found syscalls] ******************
skipping: [localhost]

TASK [/stigforge/roles/ubuntu22_cis : Declare missing syscalls] ****************
skipping: [localhost]

TASK [/stigforge/roles/ubuntu22_cis : Replace the audit rule in {{ audit_file }}] ***
skipping: [localhost]

TASK [/stigforge/roles/ubuntu22_cis : Add the audit rule to {{ audit_file }}] ***
skipping: [localhost]

TASK [/stigforge/roles/ubuntu22_cis : Declare list of syscalls] ****************
skipping: [localhost]

TASK [/stigforge/roles/ubuntu22_cis : Check existence of  in /etc/audit/audit.rules] ***
skipping: [localhost]

TASK [/stigforge/roles/ubuntu22_cis : Set path to /etc/audit/audit.rules] ******
skipping: [localhost]

TASK [/stigforge/roles/ubuntu22_cis : Declare found syscalls] ******************
skipping: [localhost]

TASK [/stigforge/roles/ubuntu22_cis : Declare missing syscalls] ****************
skipping: [localhost]

TASK [/stigforge/roles/ubuntu22_cis : Replace the audit rule in {{ audit_file }}] ***
skipping: [localhost]

TASK [/stigforge/roles/ubuntu22_cis : Add the audit rule to {{ audit_file }}] ***
skipping: [localhost]

TASK [/stigforge/roles/ubuntu22_cis : Declare list of syscalls] ****************
skipping: [localhost]

TASK [/stigforge/roles/ubuntu22_cis : Check existence of  in /etc/audit/rules.d/] ***
skipping: [localhost]

TASK [/stigforge/roles/ubuntu22_cis : Reset syscalls found per file] ***********
skipping: [localhost]

TASK [/stigforge/roles/ubuntu22_cis : Declare syscalls found per file] *********
skipping: [localhost]

TASK [/stigforge/roles/ubuntu22_cis : Declare files where syscalls were found] ***
skipping: [localhost]

TASK [/stigforge/roles/ubuntu22_cis : Count occurrences of syscalls in paths] ***
skipping: [localhost]

TASK [/stigforge/roles/ubuntu22_cis : Get path with most syscalls] *************
skipping: [localhost]

TASK [/stigforge/roles/ubuntu22_cis : No file with syscall found, set path to /etc/audit/rules.d/privileged.rules] ***
skipping: [localhost]

TASK [/stigforge/roles/ubuntu22_cis : Declare found syscalls] ******************
skipping: [localhost]

TASK [/stigforge/roles/ubuntu22_cis : Declare missing syscalls] ****************
skipping: [localhost]

TASK [/stigforge/roles/ubuntu22_cis : Replace the audit rule in {{ audit_file }}] ***
skipping: [localhost]

TASK [/stigforge/roles/ubuntu22_cis : Add the audit rule to {{ audit_file }}] ***
skipping: [localhost]

TASK [/stigforge/roles/ubuntu22_cis : Declare list of syscalls] ****************
skipping: [localhost]

TASK [/stigforge/roles/ubuntu22_cis : Check existence of  in /etc/audit/audit.rules] ***
skipping: [localhost]

TASK [/stigforge/roles/ubuntu22_cis : Set path to /etc/audit/audit.rules] ******
skipping: [localhost]

TASK [/stigforge/roles/ubuntu22_cis : Declare found syscalls] ******************
skipping: [localhost]

TASK [/stigforge/roles/ubuntu22_cis : Declare missing syscalls] ****************
skipping: [localhost]

TASK [/stigforge/roles/ubuntu22_cis : Replace the audit rule in {{ audit_file }}] ***
skipping: [localhost]

TASK [/stigforge/roles/ubuntu22_cis : Add the audit rule to {{ audit_file }}] ***
skipping: [localhost]

TASK [/stigforge/roles/ubuntu22_cis : Declare list of syscalls] ****************
skipping: [localhost]

TASK [/stigforge/roles/ubuntu22_cis : Check existence of  in /etc/audit/rules.d/] ***
skipping: [localhost]

TASK [/stigforge/roles/ubuntu22_cis : Reset syscalls found per file] ***********
skipping: [localhost]

TASK [/stigforge/roles/ubuntu22_cis : Declare syscalls found per file] *********
skipping: [localhost]

TASK [/stigforge/roles/ubuntu22_cis : Declare files where syscalls were found] ***
skipping: [localhost]

TASK [/stigforge/roles/ubuntu22_cis : Count occurrences of syscalls in paths] ***
skipping: [localhost]

TASK [/stigforge/roles/ubuntu22_cis : Get path with most syscalls] *************
skipping: [localhost]

TASK [/stigforge/roles/ubuntu22_cis : No file with syscall found, set path to /etc/audit/rules.d/privileged.rules] ***
skipping: [localhost]

TASK [/stigforge/roles/ubuntu22_cis : Declare found syscalls] ******************
skipping: [localhost]

TASK [/stigforge/roles/ubuntu22_cis : Declare missing syscalls] ****************
skipping: [localhost]

TASK [/stigforge/roles/ubuntu22_cis : Replace the audit rule in {{ audit_file }}] ***
skipping: [localhost]

TASK [/stigforge/roles/ubuntu22_cis : Add the audit rule to {{ audit_file }}] ***
skipping: [localhost]

TASK [/stigforge/roles/ubuntu22_cis : Declare list of syscalls] ****************
skipping: [localhost]

TASK [/stigforge/roles/ubuntu22_cis : Check existence of  in /etc/audit/audit.rules] ***
skipping: [localhost]

TASK [/stigforge/roles/ubuntu22_cis : Set path to /etc/audit/audit.rules] ******
skipping: [localhost]

TASK [/stigforge/roles/ubuntu22_cis : Declare found syscalls] ******************
skipping: [localhost]

TASK [/stigforge/roles/ubuntu22_cis : Declare missing syscalls] ****************
skipping: [localhost]

TASK [/stigforge/roles/ubuntu22_cis : Replace the audit rule in {{ audit_file }}] ***
skipping: [localhost]

TASK [/stigforge/roles/ubuntu22_cis : Add the audit rule to {{ audit_file }}] ***
skipping: [localhost]

TASK [/stigforge/roles/ubuntu22_cis : Declare list of syscalls] ****************
skipping: [localhost]

TASK [/stigforge/roles/ubuntu22_cis : Check existence of  in /etc/audit/rules.d/] ***
skipping: [localhost]

TASK [/stigforge/roles/ubuntu22_cis : Reset syscalls found per file] ***********
skipping: [localhost]

TASK [/stigforge/roles/ubuntu22_cis : Declare syscalls found per file] *********
skipping: [localhost]

TASK [/stigforge/roles/ubuntu22_cis : Declare files where syscalls were found] ***
skipping: [localhost]

TASK [/stigforge/roles/ubuntu22_cis : Count occurrences of syscalls in paths] ***
skipping: [localhost]

TASK [/stigforge/roles/ubuntu22_cis : Get path with most syscalls] *************
skipping: [localhost]

TASK [/stigforge/roles/ubuntu22_cis : No file with syscall found, set path to /etc/audit/rules.d/privileged.rules] ***
skipping: [localhost]

TASK [/stigforge/roles/ubuntu22_cis : Declare found syscalls] ******************
skipping: [localhost]

TASK [/stigforge/roles/ubuntu22_cis : Declare missing syscalls] ****************
skipping: [localhost]

TASK [/stigforge/roles/ubuntu22_cis : Replace the audit rule in {{ audit_file }}] ***
skipping: [localhost]

TASK [/stigforge/roles/ubuntu22_cis : Add the audit rule to {{ audit_file }}] ***
skipping: [localhost]

TASK [/stigforge/roles/ubuntu22_cis : Declare list of syscalls] ****************
skipping: [localhost]

TASK [/stigforge/roles/ubuntu22_cis : Check existence of  in /etc/audit/audit.rules] ***
skipping: [localhost]

TASK [/stigforge/roles/ubuntu22_cis : Set path to /etc/audit/audit.rules] ******
skipping: [localhost]

TASK [/stigforge/roles/ubuntu22_cis : Declare found syscalls] ******************
skipping: [localhost]

TASK [/stigforge/roles/ubuntu22_cis : Declare missing syscalls] ****************
skipping: [localhost]

TASK [/stigforge/roles/ubuntu22_cis : Replace the audit rule in {{ audit_file }}] ***
skipping: [localhost]

TASK [/stigforge/roles/ubuntu22_cis : Add the audit rule to {{ audit_file }}] ***
skipping: [localhost]

TASK [/stigforge/roles/ubuntu22_cis : Declare list of syscalls] ****************
skipping: [localhost]

TASK [/stigforge/roles/ubuntu22_cis : Check existence of  in /etc/audit/rules.d/] ***
skipping: [localhost]

TASK [/stigforge/roles/ubuntu22_cis : Reset syscalls found per file] ***********
skipping: [localhost]

TASK [/stigforge/roles/ubuntu22_cis : Declare syscalls found per file] *********
skipping: [localhost]

TASK [/stigforge/roles/ubuntu22_cis : Declare files where syscalls were found] ***
skipping: [localhost]

TASK [/stigforge/roles/ubuntu22_cis : Count occurrences of syscalls in paths] ***
skipping: [localhost]

TASK [/stigforge/roles/ubuntu22_cis : Get path with most syscalls] *************
skipping: [localhost]

TASK [/stigforge/roles/ubuntu22_cis : No file with syscall found, set path to /etc/audit/rules.d/privileged.rules] ***
skipping: [localhost]

TASK [/stigforge/roles/ubuntu22_cis : Declare found syscalls] ******************
skipping: [localhost]

TASK [/stigforge/roles/ubuntu22_cis : Declare missing syscalls] ****************
skipping: [localhost]

TASK [/stigforge/roles/ubuntu22_cis : Replace the audit rule in {{ audit_file }}] ***
skipping: [localhost]

TASK [/stigforge/roles/ubuntu22_cis : Add the audit rule to {{ audit_file }}] ***
skipping: [localhost]

TASK [/stigforge/roles/ubuntu22_cis : Declare list of syscalls] ****************
skipping: [localhost]

TASK [/stigforge/roles/ubuntu22_cis : Check existence of  in /etc/audit/audit.rules] ***
skipping: [localhost]

TASK [/stigforge/roles/ubuntu22_cis : Set path to /etc/audit/audit.rules] ******
skipping: [localhost]

TASK [/stigforge/roles/ubuntu22_cis : Declare found syscalls] ******************
skipping: [localhost]

TASK [/stigforge/roles/ubuntu22_cis : Declare missing syscalls] ****************
skipping: [localhost]

TASK [/stigforge/roles/ubuntu22_cis : Replace the audit rule in {{ audit_file }}] ***
skipping: [localhost]

TASK [/stigforge/roles/ubuntu22_cis : Add the audit rule to {{ audit_file }}] ***
skipping: [localhost]

TASK [/stigforge/roles/ubuntu22_cis : Declare list of syscalls] ****************
skipping: [localhost]

TASK [/stigforge/roles/ubuntu22_cis : Check existence of  in /etc/audit/rules.d/] ***
skipping: [localhost]

TASK [/stigforge/roles/ubuntu22_cis : Reset syscalls found per file] ***********
skipping: [localhost]

TASK [/stigforge/roles/ubuntu22_cis : Declare syscalls found per file] *********
skipping: [localhost]

TASK [/stigforge/roles/ubuntu22_cis : Declare files where syscalls were found] ***
skipping: [localhost]

TASK [/stigforge/roles/ubuntu22_cis : Count occurrences of syscalls in paths] ***
skipping: [localhost]

TASK [/stigforge/roles/ubuntu22_cis : Get path with most syscalls] *************
skipping: [localhost]

TASK [/stigforge/roles/ubuntu22_cis : No file with syscall found, set path to /etc/audit/rules.d/privileged.rules] ***
skipping: [localhost]

TASK [/stigforge/roles/ubuntu22_cis : Declare found syscalls] ******************
skipping: [localhost]

TASK [/stigforge/roles/ubuntu22_cis : Declare missing syscalls] ****************
skipping: [localhost]

TASK [/stigforge/roles/ubuntu22_cis : Replace the audit rule in {{ audit_file }}] ***
skipping: [localhost]

TASK [/stigforge/roles/ubuntu22_cis : Add the audit rule to {{ audit_file }}] ***
skipping: [localhost]

TASK [/stigforge/roles/ubuntu22_cis : Declare list of syscalls] ****************
skipping: [localhost]

TASK [/stigforge/roles/ubuntu22_cis : Check existence of  in /etc/audit/audit.rules] ***
skipping: [localhost]

TASK [/stigforge/roles/ubuntu22_cis : Set path to /etc/audit/audit.rules] ******
skipping: [localhost]

TASK [/stigforge/roles/ubuntu22_cis : Declare found syscalls] ******************
skipping: [localhost]

TASK [/stigforge/roles/ubuntu22_cis : Declare missing syscalls] ****************
skipping: [localhost]

TASK [/stigforge/roles/ubuntu22_cis : Replace the audit rule in {{ audit_file }}] ***
skipping: [localhost]

TASK [/stigforge/roles/ubuntu22_cis : Add the audit rule to {{ audit_file }}] ***
skipping: [localhost]

TASK [/stigforge/roles/ubuntu22_cis : Declare list of syscalls] ****************
skipping: [localhost]

TASK [/stigforge/roles/ubuntu22_cis : Check existence of  in /etc/audit/rules.d/] ***
skipping: [localhost]

TASK [/stigforge/roles/ubuntu22_cis : Reset syscalls found per file] ***********
skipping: [localhost]

TASK [/stigforge/roles/ubuntu22_cis : Declare syscalls found per file] *********
skipping: [localhost]

TASK [/stigforge/roles/ubuntu22_cis : Declare files where syscalls were found] ***
skipping: [localhost]

TASK [/stigforge/roles/ubuntu22_cis : Count occurrences of syscalls in paths] ***
skipping: [localhost]

TASK [/stigforge/roles/ubuntu22_cis : Get path with most syscalls] *************
skipping: [localhost]

TASK [/stigforge/roles/ubuntu22_cis : No file with syscall found, set path to /etc/audit/rules.d/privileged.rules] ***
skipping: [localhost]

TASK [/stigforge/roles/ubuntu22_cis : Declare found syscalls] ******************
skipping: [localhost]

TASK [/stigforge/roles/ubuntu22_cis : Declare missing syscalls] ****************
skipping: [localhost]

TASK [/stigforge/roles/ubuntu22_cis : Replace the audit rule in {{ audit_file }}] ***
skipping: [localhost]

TASK [/stigforge/roles/ubuntu22_cis : Add the audit rule to {{ audit_file }}] ***
skipping: [localhost]

TASK [/stigforge/roles/ubuntu22_cis : Declare list of syscalls] ****************
skipping: [localhost]

TASK [/stigforge/roles/ubuntu22_cis : Check existence of  in /etc/audit/audit.rules] ***
skipping: [localhost]

TASK [/stigforge/roles/ubuntu22_cis : Set path to /etc/audit/audit.rules] ******
skipping: [localhost]

TASK [/stigforge/roles/ubuntu22_cis : Declare found syscalls] ******************
skipping: [localhost]

TASK [/stigforge/roles/ubuntu22_cis : Declare missing syscalls] ****************
skipping: [localhost]

TASK [/stigforge/roles/ubuntu22_cis : Replace the audit rule in {{ audit_file }}] ***
skipping: [localhost]

TASK [/stigforge/roles/ubuntu22_cis : Add the audit rule to {{ audit_file }}] ***
skipping: [localhost]

TASK [/stigforge/roles/ubuntu22_cis : Declare list of syscalls] ****************
skipping: [localhost]

TASK [/stigforge/roles/ubuntu22_cis : Check existence of  in /etc/audit/rules.d/] ***
skipping: [localhost]

TASK [/stigforge/roles/ubuntu22_cis : Reset syscalls found per file] ***********
skipping: [localhost]

TASK [/stigforge/roles/ubuntu22_cis : Declare syscalls found per file] *********
skipping: [localhost]

TASK [/stigforge/roles/ubuntu22_cis : Declare files where syscalls were found] ***
skipping: [localhost]

TASK [/stigforge/roles/ubuntu22_cis : Count occurrences of syscalls in paths] ***
skipping: [localhost]

TASK [/stigforge/roles/ubuntu22_cis : Get path with most syscalls] *************
skipping: [localhost]

TASK [/stigforge/roles/ubuntu22_cis : No file with syscall found, set path to /etc/audit/rules.d/privileged.rules] ***
skipping: [localhost]

TASK [/stigforge/roles/ubuntu22_cis : Declare found syscalls] ******************
skipping: [localhost]

TASK [/stigforge/roles/ubuntu22_cis : Declare missing syscalls] ****************
skipping: [localhost]

TASK [/stigforge/roles/ubuntu22_cis : Replace the audit rule in {{ audit_file }}] ***
skipping: [localhost]

TASK [/stigforge/roles/ubuntu22_cis : Add the audit rule to {{ audit_file }}] ***
skipping: [localhost]

TASK [/stigforge/roles/ubuntu22_cis : Declare list of syscalls] ****************
skipping: [localhost]

TASK [/stigforge/roles/ubuntu22_cis : Check existence of  in /etc/audit/audit.rules] ***
skipping: [localhost]

TASK [/stigforge/roles/ubuntu22_cis : Set path to /etc/audit/audit.rules] ******
skipping: [localhost]

TASK [/stigforge/roles/ubuntu22_cis : Declare found syscalls] ******************
skipping: [localhost]

TASK [/stigforge/roles/ubuntu22_cis : Declare missing syscalls] ****************
skipping: [localhost]

TASK [/stigforge/roles/ubuntu22_cis : Replace the audit rule in {{ audit_file }}] ***
skipping: [localhost]

TASK [/stigforge/roles/ubuntu22_cis : Add the audit rule to {{ audit_file }}] ***
skipping: [localhost]

TASK [/stigforge/roles/ubuntu22_cis : Declare list of syscalls] ****************
skipping: [localhost]

TASK [/stigforge/roles/ubuntu22_cis : Check existence of  in /etc/audit/rules.d/] ***
skipping: [localhost]

TASK [/stigforge/roles/ubuntu22_cis : Reset syscalls found per file] ***********
skipping: [localhost]

TASK [/stigforge/roles/ubuntu22_cis : Declare syscalls found per file] *********
skipping: [localhost]

TASK [/stigforge/roles/ubuntu22_cis : Declare files where syscalls were found] ***
skipping: [localhost]

TASK [/stigforge/roles/ubuntu22_cis : Count occurrences of syscalls in paths] ***
skipping: [localhost]

TASK [/stigforge/roles/ubuntu22_cis : Get path with most syscalls] *************
skipping: [localhost]

TASK [/stigforge/roles/ubuntu22_cis : No file with syscall found, set path to /etc/audit/rules.d/privileged.rules] ***
skipping: [localhost]

TASK [/stigforge/roles/ubuntu22_cis : Declare found syscalls] ******************
skipping: [localhost]

TASK [/stigforge/roles/ubuntu22_cis : Declare missing syscalls] ****************
skipping: [localhost]

TASK [/stigforge/roles/ubuntu22_cis : Replace the audit rule in {{ audit_file }}] ***
skipping: [localhost]

TASK [/stigforge/roles/ubuntu22_cis : Add the audit rule to {{ audit_file }}] ***
skipping: [localhost]

TASK [/stigforge/roles/ubuntu22_cis : Declare list of syscalls] ****************
skipping: [localhost]

TASK [/stigforge/roles/ubuntu22_cis : Check existence of  in /etc/audit/audit.rules] ***
skipping: [localhost]

TASK [/stigforge/roles/ubuntu22_cis : Set path to /etc/audit/audit.rules] ******
skipping: [localhost]

TASK [/stigforge/roles/ubuntu22_cis : Declare found syscalls] ******************
skipping: [localhost]

TASK [/stigforge/roles/ubuntu22_cis : Declare missing syscalls] ****************
skipping: [localhost]

TASK [/stigforge/roles/ubuntu22_cis : Replace the audit rule in {{ audit_file }}] ***
skipping: [localhost]

TASK [/stigforge/roles/ubuntu22_cis : Add the audit rule to {{ audit_file }}] ***
skipping: [localhost]

TASK [/stigforge/roles/ubuntu22_cis : Declare list of syscalls] ****************
skipping: [localhost]

TASK [/stigforge/roles/ubuntu22_cis : Check existence of  in /etc/audit/rules.d/] ***
skipping: [localhost]

TASK [/stigforge/roles/ubuntu22_cis : Reset syscalls found per file] ***********
skipping: [localhost]

TASK [/stigforge/roles/ubuntu22_cis : Declare syscalls found per file] *********
skipping: [localhost]

TASK [/stigforge/roles/ubuntu22_cis : Declare files where syscalls were found] ***
skipping: [localhost]

TASK [/stigforge/roles/ubuntu22_cis : Count occurrences of syscalls in paths] ***
skipping: [localhost]

TASK [/stigforge/roles/ubuntu22_cis : Get path with most syscalls] *************
skipping: [localhost]

TASK [/stigforge/roles/ubuntu22_cis : No file with syscall found, set path to /etc/audit/rules.d/privileged.rules] ***
skipping: [localhost]

TASK [/stigforge/roles/ubuntu22_cis : Declare found syscalls] ******************
skipping: [localhost]

TASK [/stigforge/roles/ubuntu22_cis : Declare missing syscalls] ****************
skipping: [localhost]

TASK [/stigforge/roles/ubuntu22_cis : Replace the audit rule in {{ audit_file }}] ***
skipping: [localhost]

TASK [/stigforge/roles/ubuntu22_cis : Add the audit rule to {{ audit_file }}] ***
skipping: [localhost]

TASK [/stigforge/roles/ubuntu22_cis : Declare list of syscalls] ****************
skipping: [localhost]

TASK [/stigforge/roles/ubuntu22_cis : Check existence of  in /etc/audit/audit.rules] ***
skipping: [localhost]

TASK [/stigforge/roles/ubuntu22_cis : Set path to /etc/audit/audit.rules] ******
skipping: [localhost]

TASK [/stigforge/roles/ubuntu22_cis : Declare found syscalls] ******************
skipping: [localhost]

TASK [/stigforge/roles/ubuntu22_cis : Declare missing syscalls] ****************
skipping: [localhost]

TASK [/stigforge/roles/ubuntu22_cis : Replace the audit rule in {{ audit_file }}] ***
skipping: [localhost]

TASK [/stigforge/roles/ubuntu22_cis : Add the audit rule to {{ audit_file }}] ***
skipping: [localhost]

TASK [/stigforge/roles/ubuntu22_cis : Declare list of syscalls] ****************
skipping: [localhost]

TASK [/stigforge/roles/ubuntu22_cis : Check existence of  in /etc/audit/rules.d/] ***
skipping: [localhost]

TASK [/stigforge/roles/ubuntu22_cis : Reset syscalls found per file] ***********
skipping: [localhost]

TASK [/stigforge/roles/ubuntu22_cis : Declare syscalls found per file] *********
skipping: [localhost]

TASK [/stigforge/roles/ubuntu22_cis : Declare files where syscalls were found] ***
skipping: [localhost]

TASK [/stigforge/roles/ubuntu22_cis : Count occurrences of syscalls in paths] ***
skipping: [localhost]

TASK [/stigforge/roles/ubuntu22_cis : Get path with most syscalls] *************
skipping: [localhost]

TASK [/stigforge/roles/ubuntu22_cis : No file with syscall found, set path to /etc/audit/rules.d/privileged.rules] ***
skipping: [localhost]

TASK [/stigforge/roles/ubuntu22_cis : Declare found syscalls] ******************
skipping: [localhost]

TASK [/stigforge/roles/ubuntu22_cis : Declare missing syscalls] ****************
skipping: [localhost]

TASK [/stigforge/roles/ubuntu22_cis : Replace the audit rule in {{ audit_file }}] ***
skipping: [localhost]

TASK [/stigforge/roles/ubuntu22_cis : Add the audit rule to {{ audit_file }}] ***
skipping: [localhost]

TASK [/stigforge/roles/ubuntu22_cis : Declare list of syscalls] ****************
skipping: [localhost]

TASK [/stigforge/roles/ubuntu22_cis : Check existence of  in /etc/audit/audit.rules] ***
skipping: [localhost]

TASK [/stigforge/roles/ubuntu22_cis : Set path to /etc/audit/audit.rules] ******
skipping: [localhost]

TASK [/stigforge/roles/ubuntu22_cis : Declare found syscalls] ******************
skipping: [localhost]

TASK [/stigforge/roles/ubuntu22_cis : Declare missing syscalls] ****************
skipping: [localhost]

TASK [/stigforge/roles/ubuntu22_cis : Replace the audit rule in {{ audit_file }}] ***
skipping: [localhost]

TASK [/stigforge/roles/ubuntu22_cis : Add the audit rule to {{ audit_file }}] ***
skipping: [localhost]

TASK [/stigforge/roles/ubuntu22_cis : Declare list of syscalls] ****************
skipping: [localhost]

TASK [/stigforge/roles/ubuntu22_cis : Check existence of  in /etc/audit/rules.d/] ***
skipping: [localhost]

TASK [/stigforge/roles/ubuntu22_cis : Reset syscalls found per file] ***********
skipping: [localhost]

TASK [/stigforge/roles/ubuntu22_cis : Declare syscalls found per file] *********
skipping: [localhost]

TASK [/stigforge/roles/ubuntu22_cis : Declare files where syscalls were found] ***
skipping: [localhost]

TASK [/stigforge/roles/ubuntu22_cis : Count occurrences of syscalls in paths] ***
skipping: [localhost]

TASK [/stigforge/roles/ubuntu22_cis : Get path with most syscalls] *************
skipping: [localhost]

TASK [/stigforge/roles/ubuntu22_cis : No file with syscall found, set path to /etc/audit/rules.d/privileged.rules] ***
skipping: [localhost]

TASK [/stigforge/roles/ubuntu22_cis : Declare found syscalls] ******************
skipping: [localhost]

TASK [/stigforge/roles/ubuntu22_cis : Declare missing syscalls] ****************
skipping: [localhost]

TASK [/stigforge/roles/ubuntu22_cis : Replace the audit rule in {{ audit_file }}] ***
skipping: [localhost]

TASK [/stigforge/roles/ubuntu22_cis : Add the audit rule to {{ audit_file }}] ***
skipping: [localhost]

TASK [/stigforge/roles/ubuntu22_cis : Declare list of syscalls] ****************
skipping: [localhost]

TASK [/stigforge/roles/ubuntu22_cis : Check existence of  in /etc/audit/audit.rules] ***
skipping: [localhost]

TASK [/stigforge/roles/ubuntu22_cis : Set path to /etc/audit/audit.rules] ******
skipping: [localhost]

TASK [/stigforge/roles/ubuntu22_cis : Declare found syscalls] ******************
skipping: [localhost]

TASK [/stigforge/roles/ubuntu22_cis : Declare missing syscalls] ****************
skipping: [localhost]

TASK [/stigforge/roles/ubuntu22_cis : Replace the audit rule in {{ audit_file }}] ***
skipping: [localhost]

TASK [/stigforge/roles/ubuntu22_cis : Add the audit rule to {{ audit_file }}] ***
skipping: [localhost]

TASK [/stigforge/roles/ubuntu22_cis : Set architecture for audit tasks] ********
skipping: [localhost]

TASK [/stigforge/roles/ubuntu22_cis : Declare list of syscalls] ****************
skipping: [localhost]

TASK [/stigforge/roles/ubuntu22_cis : Check existence of adjtimex in /etc/audit/rules.d/] ***
skipping: [localhost]

TASK [/stigforge/roles/ubuntu22_cis : Reset syscalls found per file] ***********
skipping: [localhost]

TASK [/stigforge/roles/ubuntu22_cis : Declare syscalls found per file] *********
skipping: [localhost]

TASK [/stigforge/roles/ubuntu22_cis : Declare files where syscalls were found] ***
skipping: [localhost]

TASK [/stigforge/roles/ubuntu22_cis : Count occurrences of syscalls in paths] ***
skipping: [localhost]

TASK [/stigforge/roles/ubuntu22_cis : Get path with most syscalls] *************
skipping: [localhost]

TASK [/stigforge/roles/ubuntu22_cis : No file with syscall found, set path to /etc/audit/rules.d/audit_time_rules.rules] ***
skipping: [localhost]

TASK [/stigforge/roles/ubuntu22_cis : Declare found syscalls] ******************
skipping: [localhost]

TASK [/stigforge/roles/ubuntu22_cis : Declare missing syscalls] ****************
skipping: [localhost]

TASK [/stigforge/roles/ubuntu22_cis : Replace the audit rule in {{ audit_file }}] ***
skipping: [localhost]

TASK [/stigforge/roles/ubuntu22_cis : Add the audit rule to {{ audit_file }}] ***
skipping: [localhost]

TASK [/stigforge/roles/ubuntu22_cis : Declare list of syscalls] ****************
skipping: [localhost]

TASK [/stigforge/roles/ubuntu22_cis : Check existence of adjtimex in /etc/audit/audit.rules] ***
skipping: [localhost]

TASK [/stigforge/roles/ubuntu22_cis : Set path to /etc/audit/audit.rules] ******
skipping: [localhost]

TASK [/stigforge/roles/ubuntu22_cis : Declare found syscalls] ******************
skipping: [localhost]

TASK [/stigforge/roles/ubuntu22_cis : Declare missing syscalls] ****************
skipping: [localhost]

TASK [/stigforge/roles/ubuntu22_cis : Replace the audit rule in {{ audit_file }}] ***
skipping: [localhost]

TASK [/stigforge/roles/ubuntu22_cis : Add the audit rule to {{ audit_file }}] ***
skipping: [localhost]

TASK [/stigforge/roles/ubuntu22_cis : Declare list of syscalls] ****************
skipping: [localhost]

TASK [/stigforge/roles/ubuntu22_cis : Check existence of adjtimex in /etc/audit/rules.d/] ***
skipping: [localhost]

TASK [/stigforge/roles/ubuntu22_cis : Reset syscalls found per file] ***********
skipping: [localhost]

TASK [/stigforge/roles/ubuntu22_cis : Declare syscalls found per file] *********
skipping: [localhost]

TASK [/stigforge/roles/ubuntu22_cis : Declare files where syscalls were found] ***
skipping: [localhost]

TASK [/stigforge/roles/ubuntu22_cis : Count occurrences of syscalls in paths] ***
skipping: [localhost]

TASK [/stigforge/roles/ubuntu22_cis : Get path with most syscalls] *************
skipping: [localhost]

TASK [/stigforge/roles/ubuntu22_cis : No file with syscall found, set path to /etc/audit/rules.d/audit_time_rules.rules] ***
skipping: [localhost]

TASK [/stigforge/roles/ubuntu22_cis : Declare found syscalls] ******************
skipping: [localhost]

TASK [/stigforge/roles/ubuntu22_cis : Declare missing syscalls] ****************
skipping: [localhost]

TASK [/stigforge/roles/ubuntu22_cis : Replace the audit rule in {{ audit_file }}] ***
skipping: [localhost]

TASK [/stigforge/roles/ubuntu22_cis : Add the audit rule to {{ audit_file }}] ***
skipping: [localhost]

TASK [/stigforge/roles/ubuntu22_cis : Declare list of syscalls] ****************
skipping: [localhost]

TASK [/stigforge/roles/ubuntu22_cis : Check existence of adjtimex in /etc/audit/audit.rules] ***
skipping: [localhost]

TASK [/stigforge/roles/ubuntu22_cis : Set path to /etc/audit/audit.rules] ******
skipping: [localhost]

TASK [/stigforge/roles/ubuntu22_cis : Declare found syscalls] ******************
skipping: [localhost]

TASK [/stigforge/roles/ubuntu22_cis : Declare missing syscalls] ****************
skipping: [localhost]

TASK [/stigforge/roles/ubuntu22_cis : Replace the audit rule in {{ audit_file }}] ***
skipping: [localhost]

TASK [/stigforge/roles/ubuntu22_cis : Add the audit rule to {{ audit_file }}] ***
skipping: [localhost]

TASK [/stigforge/roles/ubuntu22_cis : Set architecture for audit tasks] ********
skipping: [localhost]

TASK [/stigforge/roles/ubuntu22_cis : Declare list of syscalls] ****************
skipping: [localhost]

TASK [/stigforge/roles/ubuntu22_cis : Check existence of clock_settime in /etc/audit/rules.d/] ***
skipping: [localhost]

TASK [/stigforge/roles/ubuntu22_cis : Reset syscalls found per file] ***********
skipping: [localhost]

TASK [/stigforge/roles/ubuntu22_cis : Declare syscalls found per file] *********
skipping: [localhost]

TASK [/stigforge/roles/ubuntu22_cis : Declare files where syscalls were found] ***
skipping: [localhost]

TASK [/stigforge/roles/ubuntu22_cis : Count occurrences of syscalls in paths] ***
skipping: [localhost]

TASK [/stigforge/roles/ubuntu22_cis : Get path with most syscalls] *************
skipping: [localhost]

TASK [/stigforge/roles/ubuntu22_cis : No file with syscall found, set path to /etc/audit/rules.d/time-change.rules] ***
skipping: [localhost]

TASK [/stigforge/roles/ubuntu22_cis : Declare found syscalls] ******************
skipping: [localhost]

TASK [/stigforge/roles/ubuntu22_cis : Declare missing syscalls] ****************
skipping: [localhost]

TASK [/stigforge/roles/ubuntu22_cis : Replace the audit rule in {{ audit_file }}] ***
skipping: [localhost]

TASK [/stigforge/roles/ubuntu22_cis : Add the audit rule to {{ audit_file }}] ***
skipping: [localhost]

TASK [/stigforge/roles/ubuntu22_cis : Declare list of syscalls] ****************
skipping: [localhost]

TASK [/stigforge/roles/ubuntu22_cis : Check existence of clock_settime in /etc/audit/audit.rules] ***
skipping: [localhost]

TASK [/stigforge/roles/ubuntu22_cis : Set path to /etc/audit/audit.rules] ******
skipping: [localhost]

TASK [/stigforge/roles/ubuntu22_cis : Declare found syscalls] ******************
skipping: [localhost]

TASK [/stigforge/roles/ubuntu22_cis : Declare missing syscalls] ****************
skipping: [localhost]

TASK [/stigforge/roles/ubuntu22_cis : Replace the audit rule in {{ audit_file }}] ***
skipping: [localhost]

TASK [/stigforge/roles/ubuntu22_cis : Add the audit rule to {{ audit_file }}] ***
skipping: [localhost]

TASK [/stigforge/roles/ubuntu22_cis : Declare list of syscalls] ****************
skipping: [localhost]

TASK [/stigforge/roles/ubuntu22_cis : Check existence of clock_settime in /etc/audit/rules.d/] ***
skipping: [localhost]

TASK [/stigforge/roles/ubuntu22_cis : Reset syscalls found per file] ***********
skipping: [localhost]

TASK [/stigforge/roles/ubuntu22_cis : Declare syscalls found per file] *********
skipping: [localhost]

TASK [/stigforge/roles/ubuntu22_cis : Declare files where syscalls were found] ***
skipping: [localhost]

TASK [/stigforge/roles/ubuntu22_cis : Count occurrences of syscalls in paths] ***
skipping: [localhost]

TASK [/stigforge/roles/ubuntu22_cis : Get path with most syscalls] *************
skipping: [localhost]

TASK [/stigforge/roles/ubuntu22_cis : No file with syscall found, set path to /etc/audit/rules.d/time-change.rules] ***
skipping: [localhost]

TASK [/stigforge/roles/ubuntu22_cis : Declare found syscalls] ******************
skipping: [localhost]

TASK [/stigforge/roles/ubuntu22_cis : Declare missing syscalls] ****************
skipping: [localhost]

TASK [/stigforge/roles/ubuntu22_cis : Replace the audit rule in {{ audit_file }}] ***
skipping: [localhost]

TASK [/stigforge/roles/ubuntu22_cis : Add the audit rule to {{ audit_file }}] ***
skipping: [localhost]

TASK [/stigforge/roles/ubuntu22_cis : Declare list of syscalls] ****************
skipping: [localhost]

TASK [/stigforge/roles/ubuntu22_cis : Check existence of clock_settime in /etc/audit/audit.rules] ***
skipping: [localhost]

TASK [/stigforge/roles/ubuntu22_cis : Set path to /etc/audit/audit.rules] ******
skipping: [localhost]

TASK [/stigforge/roles/ubuntu22_cis : Declare found syscalls] ******************
skipping: [localhost]

TASK [/stigforge/roles/ubuntu22_cis : Declare missing syscalls] ****************
skipping: [localhost]

TASK [/stigforge/roles/ubuntu22_cis : Replace the audit rule in {{ audit_file }}] ***
skipping: [localhost]

TASK [/stigforge/roles/ubuntu22_cis : Add the audit rule to {{ audit_file }}] ***
skipping: [localhost]

TASK [/stigforge/roles/ubuntu22_cis : Set architecture for audit tasks] ********
skipping: [localhost]

TASK [/stigforge/roles/ubuntu22_cis : Declare list of syscalls] ****************
skipping: [localhost]

TASK [/stigforge/roles/ubuntu22_cis : Check existence of settimeofday in /etc/audit/rules.d/] ***
skipping: [localhost]

TASK [/stigforge/roles/ubuntu22_cis : Reset syscalls found per file] ***********
skipping: [localhost]

TASK [/stigforge/roles/ubuntu22_cis : Declare syscalls found per file] *********
skipping: [localhost]

TASK [/stigforge/roles/ubuntu22_cis : Declare files where syscalls were found] ***
skipping: [localhost]

TASK [/stigforge/roles/ubuntu22_cis : Count occurrences of syscalls in paths] ***
skipping: [localhost]

TASK [/stigforge/roles/ubuntu22_cis : Get path with most syscalls] *************
skipping: [localhost]

TASK [/stigforge/roles/ubuntu22_cis : No file with syscall found, set path to /etc/audit/rules.d/audit_time_rules.rules] ***
skipping: [localhost]

TASK [/stigforge/roles/ubuntu22_cis : Declare found syscalls] ******************
skipping: [localhost]

TASK [/stigforge/roles/ubuntu22_cis : Declare missing syscalls] ****************
skipping: [localhost]

TASK [/stigforge/roles/ubuntu22_cis : Replace the audit rule in {{ audit_file }}] ***
skipping: [localhost]

TASK [/stigforge/roles/ubuntu22_cis : Add the audit rule to {{ audit_file }}] ***
skipping: [localhost]

TASK [/stigforge/roles/ubuntu22_cis : Declare list of syscalls] ****************
skipping: [localhost]

TASK [/stigforge/roles/ubuntu22_cis : Check existence of settimeofday in /etc/audit/audit.rules] ***
skipping: [localhost]

TASK [/stigforge/roles/ubuntu22_cis : Set path to /etc/audit/audit.rules] ******
skipping: [localhost]

TASK [/stigforge/roles/ubuntu22_cis : Declare found syscalls] ******************
skipping: [localhost]

TASK [/stigforge/roles/ubuntu22_cis : Declare missing syscalls] ****************
skipping: [localhost]

TASK [/stigforge/roles/ubuntu22_cis : Replace the audit rule in {{ audit_file }}] ***
skipping: [localhost]

TASK [/stigforge/roles/ubuntu22_cis : Add the audit rule to {{ audit_file }}] ***
skipping: [localhost]

TASK [/stigforge/roles/ubuntu22_cis : Declare list of syscalls] ****************
skipping: [localhost]

TASK [/stigforge/roles/ubuntu22_cis : Check existence of settimeofday in /etc/audit/rules.d/] ***
skipping: [localhost]

TASK [/stigforge/roles/ubuntu22_cis : Reset syscalls found per file] ***********
skipping: [localhost]

TASK [/stigforge/roles/ubuntu22_cis : Declare syscalls found per file] *********
skipping: [localhost]

TASK [/stigforge/roles/ubuntu22_cis : Declare files where syscalls were found] ***
skipping: [localhost]

TASK [/stigforge/roles/ubuntu22_cis : Count occurrences of syscalls in paths] ***
skipping: [localhost]

TASK [/stigforge/roles/ubuntu22_cis : Get path with most syscalls] *************
skipping: [localhost]

TASK [/stigforge/roles/ubuntu22_cis : No file with syscall found, set path to /etc/audit/rules.d/audit_time_rules.rules] ***
skipping: [localhost]

TASK [/stigforge/roles/ubuntu22_cis : Declare found syscalls] ******************
skipping: [localhost]

TASK [/stigforge/roles/ubuntu22_cis : Declare missing syscalls] ****************
skipping: [localhost]

TASK [/stigforge/roles/ubuntu22_cis : Replace the audit rule in {{ audit_file }}] ***
skipping: [localhost]

TASK [/stigforge/roles/ubuntu22_cis : Add the audit rule to {{ audit_file }}] ***
skipping: [localhost]

TASK [/stigforge/roles/ubuntu22_cis : Declare list of syscalls] ****************
skipping: [localhost]

TASK [/stigforge/roles/ubuntu22_cis : Check existence of settimeofday in /etc/audit/audit.rules] ***
skipping: [localhost]

TASK [/stigforge/roles/ubuntu22_cis : Set path to /etc/audit/audit.rules] ******
skipping: [localhost]

TASK [/stigforge/roles/ubuntu22_cis : Declare found syscalls] ******************
skipping: [localhost]

TASK [/stigforge/roles/ubuntu22_cis : Declare missing syscalls] ****************
skipping: [localhost]

TASK [/stigforge/roles/ubuntu22_cis : Replace the audit rule in {{ audit_file }}] ***
skipping: [localhost]

TASK [/stigforge/roles/ubuntu22_cis : Add the audit rule to {{ audit_file }}] ***
skipping: [localhost]

TASK [/stigforge/roles/ubuntu22_cis : Declare list of syscalls] ****************
skipping: [localhost]

TASK [/stigforge/roles/ubuntu22_cis : Check existence of stime in /etc/audit/rules.d/] ***
skipping: [localhost]

TASK [/stigforge/roles/ubuntu22_cis : Reset syscalls found per file] ***********
skipping: [localhost]

TASK [/stigforge/roles/ubuntu22_cis : Declare syscalls found per file] *********
skipping: [localhost]

TASK [/stigforge/roles/ubuntu22_cis : Declare files where syscalls were found] ***
skipping: [localhost]

TASK [/stigforge/roles/ubuntu22_cis : Count occurrences of syscalls in paths] ***
skipping: [localhost]

TASK [/stigforge/roles/ubuntu22_cis : Get path with most syscalls] *************
skipping: [localhost]

TASK [/stigforge/roles/ubuntu22_cis : No file with syscall found, set path to /etc/audit/rules.d/audit_time_rules.rules] ***
skipping: [localhost]

TASK [/stigforge/roles/ubuntu22_cis : Declare found syscalls] ******************
skipping: [localhost]

TASK [/stigforge/roles/ubuntu22_cis : Declare missing syscalls] ****************
skipping: [localhost]

TASK [/stigforge/roles/ubuntu22_cis : Replace the audit rule in {{ audit_file }}] ***
skipping: [localhost]

TASK [/stigforge/roles/ubuntu22_cis : Add the audit rule to {{ audit_file }}] ***
skipping: [localhost]

TASK [/stigforge/roles/ubuntu22_cis : Declare list of syscalls] ****************
skipping: [localhost]

TASK [/stigforge/roles/ubuntu22_cis : Check existence of stime in /etc/audit/audit.rules] ***
skipping: [localhost]

TASK [/stigforge/roles/ubuntu22_cis : Set path to /etc/audit/audit.rules] ******
skipping: [localhost]

TASK [/stigforge/roles/ubuntu22_cis : Declare found syscalls] ******************
skipping: [localhost]

TASK [/stigforge/roles/ubuntu22_cis : Declare missing syscalls] ****************
skipping: [localhost]

TASK [/stigforge/roles/ubuntu22_cis : Replace the audit rule in {{ audit_file }}] ***
skipping: [localhost]

TASK [/stigforge/roles/ubuntu22_cis : Add the audit rule to {{ audit_file }}] ***
skipping: [localhost]

TASK [/stigforge/roles/ubuntu22_cis : Record Attempts to Alter the localtime File - Check if watch rule for /etc/localtime already exists in /etc/audit/rules.d/] ***
skipping: [localhost]

TASK [/stigforge/roles/ubuntu22_cis : Record Attempts to Alter the localtime File - Search /etc/audit/rules.d for other rules with specified key audit_time_rules] ***
skipping: [localhost]

TASK [/stigforge/roles/ubuntu22_cis : Record Attempts to Alter the localtime File - Use /etc/audit/rules.d/audit_time_rules.rules as the recipient for the rule] ***
skipping: [localhost]

TASK [/stigforge/roles/ubuntu22_cis : Record Attempts to Alter the localtime File - Use matched file as the recipient for the rule] ***
skipping: [localhost]

TASK [/stigforge/roles/ubuntu22_cis : Record Attempts to Alter the localtime File - Add watch rule for /etc/localtime in /etc/audit/rules.d/] ***
skipping: [localhost]

TASK [/stigforge/roles/ubuntu22_cis : Record Attempts to Alter the localtime File - Check if watch rule for /etc/localtime already exists in /etc/audit/audit.rules] ***
skipping: [localhost]

TASK [/stigforge/roles/ubuntu22_cis : Record Attempts to Alter the localtime File - Add watch rule for /etc/localtime in /etc/audit/audit.rules] ***
skipping: [localhost]

TASK [/stigforge/roles/ubuntu22_cis : Set the file_groupownership_audit_binaries_newgroup variable if represented by gid] ***
skipping: [localhost]

TASK [/stigforge/roles/ubuntu22_cis : Test for existence /sbin/auditctl] *******
skipping: [localhost]

TASK [/stigforge/roles/ubuntu22_cis : Ensure group owner on /sbin/auditctl] ****
skipping: [localhost]

TASK [/stigforge/roles/ubuntu22_cis : Test for existence /sbin/aureport] *******
skipping: [localhost]

TASK [/stigforge/roles/ubuntu22_cis : Ensure group owner on /sbin/aureport] ****
skipping: [localhost]

TASK [/stigforge/roles/ubuntu22_cis : Test for existence /sbin/ausearch] *******
skipping: [localhost]

TASK [/stigforge/roles/ubuntu22_cis : Ensure group owner on /sbin/ausearch] ****
skipping: [localhost]

TASK [/stigforge/roles/ubuntu22_cis : Test for existence /sbin/autrace] ********
skipping: [localhost]

TASK [/stigforge/roles/ubuntu22_cis : Ensure group owner on /sbin/autrace] *****
skipping: [localhost]

TASK [/stigforge/roles/ubuntu22_cis : Test for existence /sbin/auditd] *********
skipping: [localhost]

TASK [/stigforge/roles/ubuntu22_cis : Ensure group owner on /sbin/auditd] ******
skipping: [localhost]

TASK [/stigforge/roles/ubuntu22_cis : Test for existence /sbin/augenrules] *****
skipping: [localhost]

TASK [/stigforge/roles/ubuntu22_cis : Ensure group owner on /sbin/augenrules] ***
skipping: [localhost]

TASK [/stigforge/roles/ubuntu22_cis : Set the file_ownership_audit_binaries_newown variable if represented by uid] ***
skipping: [localhost]

TASK [/stigforge/roles/ubuntu22_cis : Test for existence /sbin/auditctl] *******
skipping: [localhost]

TASK [/stigforge/roles/ubuntu22_cis : Ensure owner on /sbin/auditctl] **********
skipping: [localhost]

TASK [/stigforge/roles/ubuntu22_cis : Test for existence /sbin/aureport] *******
skipping: [localhost]

TASK [/stigforge/roles/ubuntu22_cis : Ensure owner on /sbin/aureport] **********
skipping: [localhost]

TASK [/stigforge/roles/ubuntu22_cis : Test for existence /sbin/ausearch] *******
skipping: [localhost]

TASK [/stigforge/roles/ubuntu22_cis : Ensure owner on /sbin/ausearch] **********
skipping: [localhost]

TASK [/stigforge/roles/ubuntu22_cis : Test for existence /sbin/autrace] ********
skipping: [localhost]

TASK [/stigforge/roles/ubuntu22_cis : Ensure owner on /sbin/autrace] ***********
skipping: [localhost]

TASK [/stigforge/roles/ubuntu22_cis : Test for existence /sbin/auditd] *********
skipping: [localhost]

TASK [/stigforge/roles/ubuntu22_cis : Ensure owner on /sbin/auditd] ************
skipping: [localhost]

TASK [/stigforge/roles/ubuntu22_cis : Test for existence /sbin/audispd] ********
skipping: [localhost]

TASK [/stigforge/roles/ubuntu22_cis : Ensure owner on /sbin/audispd] ***********
skipping: [localhost]

TASK [/stigforge/roles/ubuntu22_cis : Test for existence /sbin/augenrules] *****
skipping: [localhost]

TASK [/stigforge/roles/ubuntu22_cis : Ensure owner on /sbin/augenrules] ********
skipping: [localhost]

TASK [/stigforge/roles/ubuntu22_cis : Test for existence /sbin/auditctl] *******
skipping: [localhost]

TASK [/stigforge/roles/ubuntu22_cis : Ensure permission u-s,g-ws,o-wt on /sbin/auditctl] ***
skipping: [localhost]

TASK [/stigforge/roles/ubuntu22_cis : Test for existence /sbin/aureport] *******
skipping: [localhost]

TASK [/stigforge/roles/ubuntu22_cis : Ensure permission u-s,g-ws,o-wt on /sbin/aureport] ***
skipping: [localhost]

TASK [/stigforge/roles/ubuntu22_cis : Test for existence /sbin/ausearch] *******
skipping: [localhost]

TASK [/stigforge/roles/ubuntu22_cis : Ensure permission u-s,g-ws,o-wt on /sbin/ausearch] ***
skipping: [localhost]

TASK [/stigforge/roles/ubuntu22_cis : Test for existence /sbin/autrace] ********
skipping: [localhost]

TASK [/stigforge/roles/ubuntu22_cis : Ensure permission u-s,g-ws,o-wt on /sbin/autrace] ***
skipping: [localhost]

TASK [/stigforge/roles/ubuntu22_cis : Test for existence /sbin/auditd] *********
skipping: [localhost]

TASK [/stigforge/roles/ubuntu22_cis : Ensure permission u-s,g-ws,o-wt on /sbin/auditd] ***
skipping: [localhost]

TASK [/stigforge/roles/ubuntu22_cis : Test for existence /sbin/audispd] ********
skipping: [localhost]

TASK [/stigforge/roles/ubuntu22_cis : Ensure permission u-s,g-ws,o-wt on /sbin/audispd] ***
skipping: [localhost]

TASK [/stigforge/roles/ubuntu22_cis : Test for existence /sbin/augenrules] *****
skipping: [localhost]

TASK [/stigforge/roles/ubuntu22_cis : Ensure permission u-s,g-ws,o-wt on /sbin/augenrules] ***
skipping: [localhost]

TASK [/stigforge/roles/ubuntu22_cis : Test for existence /etc/audit/auditd.conf] ***
skipping: [localhost]

TASK [/stigforge/roles/ubuntu22_cis : Ensure permission u-xs,g-xws,o-xwrt on /etc/audit/auditd.conf] ***
skipping: [localhost]

TASK [/stigforge/roles/ubuntu22_cis : Find /etc/audit/rules.d/ file(s)] ********
skipping: [localhost]

TASK [/stigforge/roles/ubuntu22_cis : Set permissions for /etc/audit/rules.d/ file(s)] ***
skipping: [localhost]

TASK [/stigforge/roles/ubuntu22_cis : StigForge supplement - set PASS_MAX_DAYS in /etc/login.defs (accounts_maximum_age_login_defs)] ***
changed: [localhost]

TASK [/stigforge/roles/ubuntu22_cis : StigForge supplement - set PASS_MIN_DAYS in /etc/login.defs (accounts_minimum_age_login_defs)] ***
changed: [localhost]

TASK [/stigforge/roles/ubuntu22_cis : StigForge supplement - set INACTIVE in /etc/default/useradd (account_disable_post_pw_expiration)] ***
changed: [localhost]

TASK [/stigforge/roles/ubuntu22_cis : StigForge supplement - ensure PAM runtime packages (CIS faillock/pwhistory prerequisites)] ***
ok: [localhost]

TASK [/stigforge/roles/ubuntu22_cis : StigForge supplement - ensure /etc/security/faillock.conf exists] ***
changed: [localhost]

TASK [/stigforge/roles/ubuntu22_cis : StigForge supplement - set faillock deny (accounts_passwords_pam_faillock_deny)] ***
changed: [localhost]

TASK [/stigforge/roles/ubuntu22_cis : StigForge supplement - set faillock unlock_time (accounts_passwords_pam_faillock_unlock_time)] ***
changed: [localhost]

TASK [/stigforge/roles/ubuntu22_cis : StigForge supplement - set faillock even_deny_root (accounts_passwords_pam_faillock_root_unlock_time)] ***
changed: [localhost]

TASK [/stigforge/roles/ubuntu22_cis : StigForge supplement - enable pam_faillock on common-auth (accounts_passwords_pam_faillock_enabled)] ***
changed: [localhost]

TASK [/stigforge/roles/ubuntu22_cis : StigForge supplement - enable pam_faillock preauth on common-auth (accounts_passwords_pam_faillock_enabled)] ***
changed: [localhost]

TASK [/stigforge/roles/ubuntu22_cis : StigForge supplement - enable pam_pwhistory on common-password (accounts_password_pam_pwhistory_enabled)] ***
changed: [localhost]

PLAY RECAP *********************************************************************
localhost                  : ok=188  changed=37   unreachable=0    failed=0    skipped=2643 rescued=0    ignored=0   

