
PLAY [verify] ******************************************************************

TASK [Gathering Facts] *********************************************************
ok: [localhost]

TASK [/stigforge/roles/ubuntu22_cis : StigForge apply ubuntu22_cis profile cis-ws-l1] ***
included: /stigforge/roles/ubuntu22_cis/tasks/cis-ws-l1.yml for localhost

TASK [/stigforge/roles/ubuntu22_cis : Gather the package facts] ****************
ok: [localhost]

TASK [/stigforge/roles/ubuntu22_cis : Ensure prelink is Removed] ***************
ok: [localhost]

TASK [/stigforge/roles/ubuntu22_cis : Ensure aide is installed] ****************
skipping: [localhost]

TASK [/stigforge/roles/ubuntu22_cis : Configure Periodic Execution of AIDE - Ensure AIDE is installed] ***
skipping: [localhost]

TASK [/stigforge/roles/ubuntu22_cis : Configure Periodic Execution of AIDE - Install cron] ***
skipping: [localhost]

TASK [/stigforge/roles/ubuntu22_cis : Ensure sudo is installed] ****************
skipping: [localhost]

TASK [/stigforge/roles/ubuntu22_cis : Ensure libpam-modules is installed] ******
ok: [localhost]

TASK [/stigforge/roles/ubuntu22_cis : Ensure libpam-pwquality is installed] ****
changed: [localhost]

TASK [/stigforge/roles/ubuntu22_cis : Ensure libpam-runtime is installed] ******
ok: [localhost]

TASK [/stigforge/roles/ubuntu22_cis : Ensure apparmor-utils is installed] ******
skipping: [localhost]

TASK [/stigforge/roles/ubuntu22_cis : Ensure apparmor is installed] ************
skipping: [localhost]

TASK [/stigforge/roles/ubuntu22_cis : Ensure systemd-journal-remote is installed] ***
skipping: [localhost]

TASK [/stigforge/roles/ubuntu22_cis : Ensure iptables-persistent is installed] ***
skipping: [localhost]

TASK [/stigforge/roles/ubuntu22_cis : Ensure iptables is installed] ************
skipping: [localhost]

TASK [/stigforge/roles/ubuntu22_cis : Remove iptables-persistent Package: Ensure iptables-persistent is removed] ***
skipping: [localhost]

TASK [/stigforge/roles/ubuntu22_cis : Ensure nftables is installed] ************
skipping: [localhost]

TASK [/stigforge/roles/ubuntu22_cis : Ensure ufw is installed] *****************
skipping: [localhost]

TASK [/stigforge/roles/ubuntu22_cis : Ensure ufw is removed] *******************
skipping: [localhost]

TASK [/stigforge/roles/ubuntu22_cis : Ensure cron is installed] ****************
skipping: [localhost]

TASK [/stigforge/roles/ubuntu22_cis : Uninstall the nis package: Ensure nis is removed] ***
ok: [localhost]

TASK [/stigforge/roles/ubuntu22_cis : Uninstall DHCP Server Package: Ensure isc-dhcp-server is removed] ***
ok: [localhost]

TASK [/stigforge/roles/ubuntu22_cis : Uninstall dnsmasq Package: Ensure dnsmasq is removed] ***
ok: [localhost]

TASK [/stigforge/roles/ubuntu22_cis : Uninstall bind Package: Ensure bind9 is removed] ***
ok: [localhost]

TASK [/stigforge/roles/ubuntu22_cis : Remove ftp Package: Ensure ftp is removed] ***
ok: [localhost]

TASK [/stigforge/roles/ubuntu22_cis : Uninstall vsftpd Package: Ensure vsftpd is removed] ***
ok: [localhost]

TASK [/stigforge/roles/ubuntu22_cis : Uninstall apache2 Package: Ensure apache2 is removed] ***
ok: [localhost]

TASK [/stigforge/roles/ubuntu22_cis : Uninstall nginx Package: Ensure nginx is removed] ***
ok: [localhost]

TASK [/stigforge/roles/ubuntu22_cis : Uninstall dovecot Package: Ensure dovecot-core is removed] ***
ok: [localhost]

TASK [/stigforge/roles/ubuntu22_cis : Ensure LDAP client is not installed: Ensure ldap-utils is removed] ***
ok: [localhost]

TASK [/stigforge/roles/ubuntu22_cis : Uninstall slapd Package: Ensure slapd is removed] ***
ok: [localhost]

TASK [/stigforge/roles/ubuntu22_cis : Uninstall nfs-kernel-server Package: Ensure nfs-kernel-server is removed] ***
ok: [localhost]

TASK [/stigforge/roles/ubuntu22_cis : Uninstall rpcbind Package: Ensure rpcbind is removed] ***
skipping: [localhost]

TASK [/stigforge/roles/ubuntu22_cis : Ensure chrony is installed] **************
skipping: [localhost]

TASK [/stigforge/roles/ubuntu22_cis : Ensure systemd-timesyncd is installed] ***
skipping: [localhost]

TASK [/stigforge/roles/ubuntu22_cis : Uninstall rsync Package: Ensure rsync is removed] ***
ok: [localhost]

TASK [/stigforge/roles/ubuntu22_cis : Uninstall xinetd package if not used by network services: Ensure xinetd is removed] ***
skipping: [localhost]

TASK [/stigforge/roles/ubuntu22_cis : Uninstall ypserv Package: Ensure ypserv is removed] ***
ok: [localhost]

TASK [/stigforge/roles/ubuntu22_cis : Uninstall rsh Package: Ensure rsh-client is removed] ***
ok: [localhost]

TASK [/stigforge/roles/ubuntu22_cis : Uninstall talk Package: Ensure talk is removed] ***
ok: [localhost]

TASK [/stigforge/roles/ubuntu22_cis : Remove telnet Clients: Ensure telnet is removed] ***
ok: [localhost]

TASK [/stigforge/roles/ubuntu22_cis : Uninstall tftpd-hpa Package: Ensure tftpd-hpa is removed] ***
ok: [localhost]

TASK [/stigforge/roles/ubuntu22_cis : Uninstall squid Package: Ensure squid is removed] ***
ok: [localhost]

TASK [/stigforge/roles/ubuntu22_cis : Uninstall Samba Package: Ensure samba is removed] ***
ok: [localhost]

TASK [/stigforge/roles/ubuntu22_cis : Uninstall net-snmp Package: Ensure snmp is removed] ***
ok: [localhost]

TASK [/stigforge/roles/ubuntu22_cis : Gather the package facts] ****************
ok: [localhost]

TASK [/stigforge/roles/ubuntu22_cis : Enable systemd-journal-upload Service - Enable Service systemd-journal-upload] ***
skipping: [localhost]

TASK [/stigforge/roles/ubuntu22_cis : Enable systemd-journald Service - Enable Service systemd-journald] ***
skipping: [localhost]

TASK [/stigforge/roles/ubuntu22_cis : Verify nftables Service is Enabled - Enable Service nftables] ***
skipping: [localhost]

TASK [/stigforge/roles/ubuntu22_cis : Verify nftables Service is Disabled - Collect systemd Services Present in the System] ***
skipping: [localhost]

TASK [/stigforge/roles/ubuntu22_cis : Verify nftables Service is Disabled - Ensure nftables.service is Masked] ***
skipping: [localhost]

TASK [/stigforge/roles/ubuntu22_cis : Unit Socket Exists - nftables.socket] ****
skipping: [localhost]

TASK [/stigforge/roles/ubuntu22_cis : Verify nftables Service is Disabled - Disable Socket nftables] ***
skipping: [localhost]

TASK [/stigforge/roles/ubuntu22_cis : Disable Apport Service - Collect systemd Services Present in the System] ***
skipping: [localhost]

TASK [/stigforge/roles/ubuntu22_cis : Disable Apport Service - Ensure apport.service is Masked] ***
skipping: [localhost]

TASK [/stigforge/roles/ubuntu22_cis : Unit Socket Exists - apport.socket] ******
skipping: [localhost]

TASK [/stigforge/roles/ubuntu22_cis : Disable Apport Service - Disable Socket apport] ***
skipping: [localhost]

TASK [/stigforge/roles/ubuntu22_cis : Enable cron Service - Enable Service cron] ***
skipping: [localhost]

TASK [/stigforge/roles/ubuntu22_cis : Disable DHCPD6 Service - Collect systemd Services Present in the System] ***
skipping: [localhost]

TASK [/stigforge/roles/ubuntu22_cis : Disable DHCPD6 Service - Ensure dhcpd6.service is Masked] ***
skipping: [localhost]

TASK [/stigforge/roles/ubuntu22_cis : Unit Socket Exists - dhcpd6.socket] ******
skipping: [localhost]

TASK [/stigforge/roles/ubuntu22_cis : Disable DHCPD6 Service - Disable Socket dhcpd6] ***
skipping: [localhost]

TASK [/stigforge/roles/ubuntu22_cis : Disable DHCP Service - Collect systemd Services Present in the System] ***
skipping: [localhost]

TASK [/stigforge/roles/ubuntu22_cis : Disable DHCP Service - Ensure dhcpd.service is Masked] ***
skipping: [localhost]

TASK [/stigforge/roles/ubuntu22_cis : Unit Socket Exists - dhcpd.socket] *******
skipping: [localhost]

TASK [/stigforge/roles/ubuntu22_cis : Disable DHCP Service - Disable Socket dhcpd] ***
skipping: [localhost]

TASK [/stigforge/roles/ubuntu22_cis : Disable dnsmasq Service - Collect systemd Services Present in the System] ***
skipping: [localhost]

TASK [/stigforge/roles/ubuntu22_cis : Disable dnsmasq Service - Ensure dnsmasq.service is Masked] ***
skipping: [localhost]

TASK [/stigforge/roles/ubuntu22_cis : Unit Socket Exists - dnsmasq.socket] *****
skipping: [localhost]

TASK [/stigforge/roles/ubuntu22_cis : Disable dnsmasq Service - Disable Socket dnsmasq] ***
skipping: [localhost]

TASK [/stigforge/roles/ubuntu22_cis : Disable vsftpd Service - Collect systemd Services Present in the System] ***
skipping: [localhost]

TASK [/stigforge/roles/ubuntu22_cis : Disable vsftpd Service - Ensure vsftpd.service is Masked] ***
skipping: [localhost]

TASK [/stigforge/roles/ubuntu22_cis : Unit Socket Exists - vsftpd.socket] ******
skipping: [localhost]

TASK [/stigforge/roles/ubuntu22_cis : Disable vsftpd Service - Disable Socket vsftpd] ***
skipping: [localhost]

TASK [/stigforge/roles/ubuntu22_cis : Disable apache2 Service - Collect systemd Services Present in the System] ***
skipping: [localhost]

TASK [/stigforge/roles/ubuntu22_cis : Disable apache2 Service - Ensure apache2.service is Masked] ***
skipping: [localhost]

TASK [/stigforge/roles/ubuntu22_cis : Unit Socket Exists - apache2.socket] *****
skipping: [localhost]

TASK [/stigforge/roles/ubuntu22_cis : Disable apache2 Service - Disable Socket apache2] ***
skipping: [localhost]

TASK [/stigforge/roles/ubuntu22_cis : Disable nginx Service - Collect systemd Services Present in the System] ***
skipping: [localhost]

TASK [/stigforge/roles/ubuntu22_cis : Disable nginx Service - Ensure nginx.service is Masked] ***
skipping: [localhost]

TASK [/stigforge/roles/ubuntu22_cis : Unit Socket Exists - nginx.socket] *******
skipping: [localhost]

TASK [/stigforge/roles/ubuntu22_cis : Disable nginx Service - Disable Socket nginx] ***
skipping: [localhost]

TASK [/stigforge/roles/ubuntu22_cis : Disable Dovecot Service - Collect systemd Services Present in the System] ***
skipping: [localhost]

TASK [/stigforge/roles/ubuntu22_cis : Disable Dovecot Service - Ensure dovecot.service is Masked] ***
skipping: [localhost]

TASK [/stigforge/roles/ubuntu22_cis : Unit Socket Exists - dovecot.socket] *****
skipping: [localhost]

TASK [/stigforge/roles/ubuntu22_cis : Disable Dovecot Service - Disable Socket dovecot] ***
skipping: [localhost]

TASK [/stigforge/roles/ubuntu22_cis : Disable LDAP Server (slapd) - Collect systemd Services Present in the System] ***
skipping: [localhost]

TASK [/stigforge/roles/ubuntu22_cis : Disable LDAP Server (slapd) - Ensure slapd.service is Masked] ***
skipping: [localhost]

TASK [/stigforge/roles/ubuntu22_cis : Unit Socket Exists - slapd.socket] *******
skipping: [localhost]

TASK [/stigforge/roles/ubuntu22_cis : Disable LDAP Server (slapd) - Disable Socket slapd] ***
skipping: [localhost]

TASK [/stigforge/roles/ubuntu22_cis : Disable rpcbind Service - Collect systemd Services Present in the System] ***
skipping: [localhost]

TASK [/stigforge/roles/ubuntu22_cis : Disable rpcbind Service - Ensure rpcbind.service is Masked] ***
skipping: [localhost]

TASK [/stigforge/roles/ubuntu22_cis : Unit Socket Exists - rpcbind.socket] *****
skipping: [localhost]

TASK [/stigforge/roles/ubuntu22_cis : Disable rpcbind Service - Disable Socket rpcbind] ***
skipping: [localhost]

TASK [/stigforge/roles/ubuntu22_cis : Disable Network File System (nfs) - Collect systemd Services Present in the System] ***
skipping: [localhost]

TASK [/stigforge/roles/ubuntu22_cis : Disable Network File System (nfs) - Ensure nfs-server.service is Masked] ***
skipping: [localhost]

TASK [/stigforge/roles/ubuntu22_cis : Unit Socket Exists - nfs-server.socket] ***
skipping: [localhost]

TASK [/stigforge/roles/ubuntu22_cis : Disable Network File System (nfs) - Disable Socket nfs-server] ***
skipping: [localhost]

TASK [/stigforge/roles/ubuntu22_cis : Ensure rsyncd service is disabled - Collect systemd Services Present in the System] ***
skipping: [localhost]

TASK [/stigforge/roles/ubuntu22_cis : Ensure rsyncd service is disabled - Ensure rsyncd.service is Masked] ***
skipping: [localhost]

TASK [/stigforge/roles/ubuntu22_cis : Unit Socket Exists - rsyncd.socket] ******
skipping: [localhost]

TASK [/stigforge/roles/ubuntu22_cis : Ensure rsyncd service is disabled - Disable Socket rsyncd] ***
skipping: [localhost]

TASK [/stigforge/roles/ubuntu22_cis : Disable xinetd Service - Collect systemd Services Present in the System] ***
skipping: [localhost]

TASK [/stigforge/roles/ubuntu22_cis : Disable xinetd Service - Ensure xinetd.service is Masked] ***
skipping: [localhost]

TASK [/stigforge/roles/ubuntu22_cis : Unit Socket Exists - xinetd.socket] ******
skipping: [localhost]

TASK [/stigforge/roles/ubuntu22_cis : Disable xinetd Service - Disable Socket xinetd] ***
skipping: [localhost]

TASK [/stigforge/roles/ubuntu22_cis : Disable ypserv Service - Collect systemd Services Present in the System] ***
skipping: [localhost]

TASK [/stigforge/roles/ubuntu22_cis : Disable ypserv Service - Ensure ypserv.service is Masked] ***
skipping: [localhost]

TASK [/stigforge/roles/ubuntu22_cis : Unit Socket Exists - ypserv.socket] ******
skipping: [localhost]

TASK [/stigforge/roles/ubuntu22_cis : Disable ypserv Service - Disable Socket ypserv] ***
skipping: [localhost]

TASK [/stigforge/roles/ubuntu22_cis : Disable tftpd-hpa Service - Collect systemd Services Present in the System] ***
skipping: [localhost]

TASK [/stigforge/roles/ubuntu22_cis : Disable tftpd-hpa Service - Ensure tftpd-hpa.service is Masked] ***
skipping: [localhost]

TASK [/stigforge/roles/ubuntu22_cis : Unit Socket Exists - tftpd-hpa.socket] ***
skipping: [localhost]

TASK [/stigforge/roles/ubuntu22_cis : Disable tftpd-hpa Service - Disable Socket tftpd-hpa] ***
skipping: [localhost]

TASK [/stigforge/roles/ubuntu22_cis : Disable Squid - Collect systemd Services Present in the System] ***
skipping: [localhost]

TASK [/stigforge/roles/ubuntu22_cis : Disable Squid - Ensure squid.service is Masked] ***
skipping: [localhost]

TASK [/stigforge/roles/ubuntu22_cis : Unit Socket Exists - squid.socket] *******
skipping: [localhost]

TASK [/stigforge/roles/ubuntu22_cis : Disable Squid - Disable Socket squid] ****
skipping: [localhost]

TASK [/stigforge/roles/ubuntu22_cis : Disable Samba - Collect systemd Services Present in the System] ***
skipping: [localhost]

TASK [/stigforge/roles/ubuntu22_cis : Disable Samba - Ensure smbd.service is Masked] ***
skipping: [localhost]

TASK [/stigforge/roles/ubuntu22_cis : Unit Socket Exists - smbd.socket] ********
skipping: [localhost]

TASK [/stigforge/roles/ubuntu22_cis : Disable Samba - Disable Socket smbd] *****
skipping: [localhost]

TASK [/stigforge/roles/ubuntu22_cis : Disable snmpd Service - Collect systemd Services Present in the System] ***
skipping: [localhost]

TASK [/stigforge/roles/ubuntu22_cis : Disable snmpd Service - Ensure snmpd.service is Masked] ***
skipping: [localhost]

TASK [/stigforge/roles/ubuntu22_cis : Unit Socket Exists - snmpd.socket] *******
skipping: [localhost]

TASK [/stigforge/roles/ubuntu22_cis : Disable snmpd Service - Disable Socket snmpd] ***
skipping: [localhost]

TASK [/stigforge/roles/ubuntu22_cis : Gather the service facts] ****************
ok: [localhost]

TASK [/stigforge/roles/ubuntu22_cis : Check If Prelinked Is Installed] *********
ok: [localhost]

TASK [/stigforge/roles/ubuntu22_cis : Restore Prelinked Binaries] **************
skipping: [localhost]

TASK [/stigforge/roles/ubuntu22_cis : Build and Test AIDE Database - Ensure AIDE Is Installed] ***
skipping: [localhost]

TASK [/stigforge/roles/ubuntu22_cis : Build and Test AIDE Database - Check if DB Path in /etc/aide/aide.conf Is Already Set] ***
skipping: [localhost]

TASK [/stigforge/roles/ubuntu22_cis : Build and Test AIDE Database - Check if DB Out Path in /etc/aide/aide.conf Is Already Set] ***
skipping: [localhost]

TASK [/stigforge/roles/ubuntu22_cis : Build and Test AIDE Database - Fix DB Path in Config File if Necessary] ***
skipping: [localhost]

TASK [/stigforge/roles/ubuntu22_cis : Build and Test AIDE Database - Fix DB Out Path in Config File if Necessary] ***
skipping: [localhost]

TASK [/stigforge/roles/ubuntu22_cis : Build and Test AIDE Database - Ensure the Default DB Path is Added] ***
skipping: [localhost]

TASK [/stigforge/roles/ubuntu22_cis : Build and Test AIDE Database - Ensure the Default Out Path is Added] ***
skipping: [localhost]

TASK [/stigforge/roles/ubuntu22_cis : Build and Test AIDE Database - Build and Test AIDE Database] ***
skipping: [localhost]

TASK [/stigforge/roles/ubuntu22_cis : Configure Periodic Execution of AIDE - Setup Cron Tab] ***
skipping: [localhost]

TASK [/stigforge/roles/ubuntu22_cis : Ensure use_pty is enabled in /etc/sudoers] ***
skipping: [localhost]

TASK [/stigforge/roles/ubuntu22_cis : Ensure logfile is enabled with the appropriate value in /etc/sudoers] ***
skipping: [localhost]

TASK [/stigforge/roles/ubuntu22_cis : Enable logfile option with appropriate value in /etc/sudoers] ***
skipping: [localhost]

TASK [/stigforge/roles/ubuntu22_cis : Find /etc/sudoers.d/ files] **************
skipping: [localhost]

TASK [/stigforge/roles/ubuntu22_cis : Remove lines containing !authenticate from sudoers files] ***
skipping: [localhost]

TASK [/stigforge/roles/ubuntu22_cis : Ensure Local Login Warning Banner Is Configured Properly - Copy using inline content] ***
skipping: [localhost]

TASK [/stigforge/roles/ubuntu22_cis : Ensure Remote Login Warning Banner Is Configured Properly - Copy using inline content] ***
skipping: [localhost]

TASK [/stigforge/roles/ubuntu22_cis : Ensure Message Of The Day Is Configured Properly - Copy using inline content] ***
skipping: [localhost]

TASK [/stigforge/roles/ubuntu22_cis : Set the file_groupowner_etc_issue_newgroup variable if represented by gid] ***
ok: [localhost]

TASK [/stigforge/roles/ubuntu22_cis : Test for existence /etc/issue] ***********
ok: [localhost]

TASK [/stigforge/roles/ubuntu22_cis : Ensure group owner on /etc/issue] ********
ok: [localhost]

TASK [/stigforge/roles/ubuntu22_cis : Set the file_groupowner_etc_issue_net_newgroup variable if represented by gid] ***
ok: [localhost]

TASK [/stigforge/roles/ubuntu22_cis : Test for existence /etc/issue.net] *******
ok: [localhost]

TASK [/stigforge/roles/ubuntu22_cis : Ensure group owner on /etc/issue.net] ****
ok: [localhost]

TASK [/stigforge/roles/ubuntu22_cis : Set the file_groupowner_etc_motd_newgroup variable if represented by gid] ***
ok: [localhost]

TASK [/stigforge/roles/ubuntu22_cis : Test for existence /etc/motd] ************
ok: [localhost]

TASK [/stigforge/roles/ubuntu22_cis : Ensure group owner on /etc/motd] *********
skipping: [localhost]

TASK [/stigforge/roles/ubuntu22_cis : Set the file_owner_etc_issue_newown variable if represented by uid] ***
ok: [localhost]

TASK [/stigforge/roles/ubuntu22_cis : Test for existence /etc/issue] ***********
ok: [localhost]

TASK [/stigforge/roles/ubuntu22_cis : Ensure owner on /etc/issue] **************
ok: [localhost]

TASK [/stigforge/roles/ubuntu22_cis : Set the file_owner_etc_issue_net_newown variable if represented by uid] ***
ok: [localhost]

TASK [/stigforge/roles/ubuntu22_cis : Test for existence /etc/issue.net] *******
ok: [localhost]

TASK [/stigforge/roles/ubuntu22_cis : Ensure owner on /etc/issue.net] **********
ok: [localhost]

TASK [/stigforge/roles/ubuntu22_cis : Set the file_owner_etc_motd_newown variable if represented by uid] ***
ok: [localhost]

TASK [/stigforge/roles/ubuntu22_cis : Test for existence /etc/motd] ************
ok: [localhost]

TASK [/stigforge/roles/ubuntu22_cis : Ensure owner on /etc/motd] ***************
skipping: [localhost]

TASK [/stigforge/roles/ubuntu22_cis : Test for existence /etc/issue] ***********
ok: [localhost]

TASK [/stigforge/roles/ubuntu22_cis : Ensure permission u-xs,g-xws,o-xwt on /etc/issue] ***
ok: [localhost]

TASK [/stigforge/roles/ubuntu22_cis : Test for existence /etc/issue.net] *******
ok: [localhost]

TASK [/stigforge/roles/ubuntu22_cis : Ensure permission u-xs,g-xws,o-xwt on /etc/issue.net] ***
ok: [localhost]

TASK [/stigforge/roles/ubuntu22_cis : Test for existence /etc/motd] ************
ok: [localhost]

TASK [/stigforge/roles/ubuntu22_cis : Ensure permission u-xs,g-xws,o-xwt on /etc/motd] ***
skipping: [localhost]

TASK [/stigforge/roles/ubuntu22_cis : Ensure PAM Enforces Password Requirements - Minimum Digit Characters - Check if system relies on pam-auth-update tool] ***
skipping: [localhost]

TASK [/stigforge/roles/ubuntu22_cis : Check if /usr/share/pam-configs/cac_pwquality exists] ***
skipping: [localhost]

TASK [/stigforge/roles/ubuntu22_cis : Put the content into /usr/share/pam-configs/cac_pwquality if it does not exist] ***
skipping: [localhost]

TASK [/stigforge/roles/ubuntu22_cis : Ensure PAM Enforces Password Requirements - Minimum Digit Characters - Ensure pam-auth-update profile changes are applied] ***
skipping: [localhost]

TASK [/stigforge/roles/ubuntu22_cis : Ensure PAM Enforces Password Requirements - Minimum Digit Characters - Ensure PAM variable dcredit is set accordingly] ***
skipping: [localhost]

TASK [/stigforge/roles/ubuntu22_cis : Ensure PAM Enforces Password Requirements - Prevent the Use of Dictionary Words - Check if system relies on pam-auth-update tool] ***
skipping: [localhost]

TASK [/stigforge/roles/ubuntu22_cis : Check if /usr/share/pam-configs/cac_pwquality exists] ***
skipping: [localhost]

TASK [/stigforge/roles/ubuntu22_cis : Put the content into /usr/share/pam-configs/cac_pwquality if it does not exist] ***
skipping: [localhost]

TASK [/stigforge/roles/ubuntu22_cis : Ensure PAM Enforces Password Requirements - Prevent the Use of Dictionary Words - Ensure pam-auth-update profile changes are applied] ***
skipping: [localhost]

TASK [/stigforge/roles/ubuntu22_cis : Ensure PAM Enforces Password Requirements - Prevent the Use of Dictionary Words - Ensure PAM variable dictcheck is set accordingly] ***
skipping: [localhost]

TASK [/stigforge/roles/ubuntu22_cis : Ensure PAM Enforces Password Requirements - Minimum Different Characters - Check if system relies on pam-auth-update tool] ***
skipping: [localhost]

TASK [/stigforge/roles/ubuntu22_cis : Check if /usr/share/pam-configs/cac_pwquality exists] ***
skipping: [localhost]

TASK [/stigforge/roles/ubuntu22_cis : Put the content into /usr/share/pam-configs/cac_pwquality if it does not exist] ***
skipping: [localhost]

TASK [/stigforge/roles/ubuntu22_cis : Ensure PAM Enforces Password Requirements - Minimum Different Characters - Ensure pam-auth-update profile changes are applied] ***
skipping: [localhost]

TASK [/stigforge/roles/ubuntu22_cis : Ensure PAM Enforces Password Requirements - Minimum Different Characters - Ensure PAM variable difok is set accordingly] ***
skipping: [localhost]

TASK [/stigforge/roles/ubuntu22_cis : Ensure PAM Enforces Password Requirements - Enforcing] ***
skipping: [localhost]

TASK [/stigforge/roles/ubuntu22_cis : Ensure PAM Enforces Password Requirements - Minimum Lowercase Characters - Check if system relies on pam-auth-update tool] ***
skipping: [localhost]

TASK [/stigforge/roles/ubuntu22_cis : Check if /usr/share/pam-configs/cac_pwquality exists] ***
skipping: [localhost]

TASK [/stigforge/roles/ubuntu22_cis : Put the content into /usr/share/pam-configs/cac_pwquality if it does not exist] ***
skipping: [localhost]

TASK [/stigforge/roles/ubuntu22_cis : Ensure PAM Enforces Password Requirements - Minimum Lowercase Characters - Ensure pam-auth-update profile changes are applied] ***
skipping: [localhost]

TASK [/stigforge/roles/ubuntu22_cis : Ensure PAM Enforces Password Requirements - Minimum Lowercase Characters - Ensure PAM variable lcredit is set accordingly] ***
skipping: [localhost]

TASK [/stigforge/roles/ubuntu22_cis : Set Password Maximum Consecutive Repeating Characters - Check if system relies on pam-auth-update tool] ***
skipping: [localhost]

TASK [/stigforge/roles/ubuntu22_cis : Check if /usr/share/pam-configs/cac_pwquality exists] ***
skipping: [localhost]

TASK [/stigforge/roles/ubuntu22_cis : Put the content into /usr/share/pam-configs/cac_pwquality if it does not exist] ***
skipping: [localhost]

TASK [/stigforge/roles/ubuntu22_cis : Set Password Maximum Consecutive Repeating Characters - Ensure pam-auth-update profile changes are applied] ***
skipping: [localhost]

TASK [/stigforge/roles/ubuntu22_cis : Set Password Maximum Consecutive Repeating Characters - Ensure PAM variable maxrepeat is set accordingly] ***
skipping: [localhost]

TASK [/stigforge/roles/ubuntu22_cis : Limit the maximum number of sequential characters in passwords - Check if system relies on pam-auth-update tool] ***
skipping: [localhost]

TASK [/stigforge/roles/ubuntu22_cis : Check if /usr/share/pam-configs/cac_pwquality exists] ***
skipping: [localhost]

TASK [/stigforge/roles/ubuntu22_cis : Put the content into /usr/share/pam-configs/cac_pwquality if it does not exist] ***
skipping: [localhost]

TASK [/stigforge/roles/ubuntu22_cis : Limit the maximum number of sequential characters in passwords - Ensure pam-auth-update profile changes are applied] ***
skipping: [localhost]

TASK [/stigforge/roles/ubuntu22_cis : Limit the maximum number of sequential characters in passwords - Ensure PAM variable maxsequence is set accordingly] ***
skipping: [localhost]

TASK [/stigforge/roles/ubuntu22_cis : Ensure PAM Enforces Password Requirements - Minimum Different Categories - Check if system relies on pam-auth-update tool] ***
skipping: [localhost]

TASK [/stigforge/roles/ubuntu22_cis : Check if /usr/share/pam-configs/cac_pwquality exists] ***
skipping: [localhost]

TASK [/stigforge/roles/ubuntu22_cis : Put the content into /usr/share/pam-configs/cac_pwquality if it does not exist] ***
skipping: [localhost]

TASK [/stigforge/roles/ubuntu22_cis : Ensure PAM Enforces Password Requirements - Minimum Different Categories - Ensure pam-auth-update profile changes are applied] ***
skipping: [localhost]

TASK [/stigforge/roles/ubuntu22_cis : Ensure PAM Enforces Password Requirements - Minimum Different Categories - Ensure PAM variable minclass is set accordingly] ***
skipping: [localhost]

TASK [/stigforge/roles/ubuntu22_cis : Ensure PAM Enforces Password Requirements - Minimum Length - Check if system relies on pam-auth-update tool] ***
skipping: [localhost]

TASK [/stigforge/roles/ubuntu22_cis : Check if /usr/share/pam-configs/cac_pwquality exists] ***
skipping: [localhost]

TASK [/stigforge/roles/ubuntu22_cis : Put the content into /usr/share/pam-configs/cac_pwquality if it does not exist] ***
skipping: [localhost]

TASK [/stigforge/roles/ubuntu22_cis : Ensure PAM Enforces Password Requirements - Minimum Length - Ensure pam-auth-update profile changes are applied] ***
skipping: [localhost]

TASK [/stigforge/roles/ubuntu22_cis : Ensure PAM Enforces Password Requirements - Minimum Length - Ensure PAM variable minlen is set accordingly] ***
skipping: [localhost]

TASK [/stigforge/roles/ubuntu22_cis : Ensure PAM Enforces Password Requirements - Minimum Special Characters - Check if system relies on pam-auth-update tool] ***
skipping: [localhost]

TASK [/stigforge/roles/ubuntu22_cis : Check if /usr/share/pam-configs/cac_pwquality exists] ***
skipping: [localhost]

TASK [/stigforge/roles/ubuntu22_cis : Put the content into /usr/share/pam-configs/cac_pwquality if it does not exist] ***
skipping: [localhost]

TASK [/stigforge/roles/ubuntu22_cis : Ensure PAM Enforces Password Requirements - Minimum Special Characters - Ensure pam-auth-update profile changes are applied] ***
skipping: [localhost]

TASK [/stigforge/roles/ubuntu22_cis : Ensure PAM Enforces Password Requirements - Minimum Special Characters - Ensure PAM variable ocredit is set accordingly] ***
skipping: [localhost]

TASK [/stigforge/roles/ubuntu22_cis : Ensure PAM Enforces Password Requirements - Minimum Uppercase Characters - Check if system relies on pam-auth-update tool] ***
skipping: [localhost]

TASK [/stigforge/roles/ubuntu22_cis : Check if /usr/share/pam-configs/cac_pwquality exists] ***
skipping: [localhost]

TASK [/stigforge/roles/ubuntu22_cis : Put the content into /usr/share/pam-configs/cac_pwquality if it does not exist] ***
skipping: [localhost]

TASK [/stigforge/roles/ubuntu22_cis : Ensure PAM Enforces Password Requirements - Minimum Uppercase Characters - Ensure pam-auth-update profile changes are applied] ***
skipping: [localhost]

TASK [/stigforge/roles/ubuntu22_cis : Ensure PAM Enforces Password Requirements - Minimum Uppercase Characters - Ensure PAM variable ucredit is set accordingly] ***
skipping: [localhost]

TASK [/stigforge/roles/ubuntu22_cis : Set PAM Password Hashing Algorithm - system-auth - Check if /etc/pam.d/system-auth file is present] ***
skipping: [localhost]

TASK [/stigforge/roles/ubuntu22_cis : Set PAM Password Hashing Algorithm - system-auth - Define the PAM file to be edited as a local fact] ***
skipping: [localhost]

TASK [/stigforge/roles/ubuntu22_cis : Set PAM Password Hashing Algorithm - system-auth - Check if system relies on authselect tool] ***
skipping: [localhost]

TASK [/stigforge/roles/ubuntu22_cis : Set PAM Password Hashing Algorithm - system-auth - Check integrity of authselect current profile] ***
skipping: [localhost]

TASK [/stigforge/roles/ubuntu22_cis : Set PAM Password Hashing Algorithm - system-auth - Informative message based on the authselect integrity check result] ***
skipping: [localhost]

TASK [/stigforge/roles/ubuntu22_cis : Set PAM Password Hashing Algorithm - system-auth - Get authselect current profile] ***
skipping: [localhost]

TASK [/stigforge/roles/ubuntu22_cis : Set PAM Password Hashing Algorithm - system-auth - Define the current authselect profile as a local fact] ***
skipping: [localhost]

TASK [/stigforge/roles/ubuntu22_cis : Set PAM Password Hashing Algorithm - system-auth - Define the new authselect custom profile as a local fact] ***
skipping: [localhost]

TASK [/stigforge/roles/ubuntu22_cis : Set PAM Password Hashing Algorithm - system-auth - Get authselect current features to also enable them in the custom profile] ***
skipping: [localhost]

TASK [/stigforge/roles/ubuntu22_cis : Set PAM Password Hashing Algorithm - system-auth - Check if any custom profile with the same name was already created] ***
skipping: [localhost]

TASK [/stigforge/roles/ubuntu22_cis : Set PAM Password Hashing Algorithm - system-auth - Create an authselect custom profile based on the current profile] ***
skipping: [localhost]

TASK [/stigforge/roles/ubuntu22_cis : Set PAM Password Hashing Algorithm - system-auth - Create an authselect custom profile based on sssd profile] ***
skipping: [localhost]

TASK [/stigforge/roles/ubuntu22_cis : Set PAM Password Hashing Algorithm - system-auth - Ensure authselect changes are applied] ***
skipping: [localhost]

TASK [/stigforge/roles/ubuntu22_cis : Set PAM Password Hashing Algorithm - system-auth - Ensure the authselect custom profile is selected] ***
skipping: [localhost]

TASK [/stigforge/roles/ubuntu22_cis : Set PAM Password Hashing Algorithm - system-auth - Restore the authselect features in the custom profile] ***
skipping: [localhost]

TASK [/stigforge/roles/ubuntu22_cis : Set PAM Password Hashing Algorithm - system-auth - Ensure authselect changes are applied] ***
skipping: [localhost]

TASK [/stigforge/roles/ubuntu22_cis : Set PAM Password Hashing Algorithm - system-auth - Change the PAM file to be edited according to the custom authselect profile] ***
skipping: [localhost]

TASK [/stigforge/roles/ubuntu22_cis : Set PAM Password Hashing Algorithm - system-auth - Define a fact for control already filtered in case filters are used] ***
skipping: [localhost]

TASK [/stigforge/roles/ubuntu22_cis : Set PAM Password Hashing Algorithm - system-auth - Check if expected PAM module line is present in {{ pam_file_path }}] ***
skipping: [localhost]

TASK [/stigforge/roles/ubuntu22_cis : Set PAM Password Hashing Algorithm - system-auth - Check if required PAM module line is present in {{ pam_file_path }} with different control] ***
skipping: [localhost]

TASK [/stigforge/roles/ubuntu22_cis : Set PAM Password Hashing Algorithm - system-auth - Ensure the correct control for the required PAM module line in {{ pam_file_path }}] ***
skipping: [localhost]

TASK [/stigforge/roles/ubuntu22_cis : Set PAM Password Hashing Algorithm - system-auth - Ensure the required PAM module line is included in {{ pam_file_path }}] ***
skipping: [localhost]

TASK [/stigforge/roles/ubuntu22_cis : Set PAM Password Hashing Algorithm - system-auth - Ensure authselect changes are applied] ***
skipping: [localhost]

TASK [/stigforge/roles/ubuntu22_cis : Set PAM Password Hashing Algorithm - system-auth - Define a fact for control already filtered in case filters are used] ***
skipping: [localhost]

TASK [/stigforge/roles/ubuntu22_cis : Set PAM Password Hashing Algorithm - system-auth - Check if the required PAM module option is present in {{ pam_file_path }}] ***
skipping: [localhost]

TASK [/stigforge/roles/ubuntu22_cis : Set PAM Password Hashing Algorithm - system-auth - Ensure the "{{ var_password_hashing_algorithm_pam.split("|")[0] }}" PAM option for "pam_unix.so" is included in {{ pam_file_path }}] ***
skipping: [localhost]

TASK [/stigforge/roles/ubuntu22_cis : Set PAM Password Hashing Algorithm - system-auth - Ensure authselect changes are applied] ***
skipping: [localhost]

TASK [/stigforge/roles/ubuntu22_cis : Set PAM Password Hashing Algorithm - system-auth - Check if /etc/pam.d/system-auth File is Present] ***
skipping: [localhost]

TASK [/stigforge/roles/ubuntu22_cis : Set PAM Password Hashing Algorithm - system-auth - Define the PAM file to be edited as a local fact] ***
skipping: [localhost]

TASK [/stigforge/roles/ubuntu22_cis : Set PAM Password Hashing Algorithm - system-auth - Check if system relies on authselect tool] ***
skipping: [localhost]

TASK [/stigforge/roles/ubuntu22_cis : Set PAM Password Hashing Algorithm - system-auth - Check integrity of authselect current profile] ***
skipping: [localhost]

TASK [/stigforge/roles/ubuntu22_cis : Set PAM Password Hashing Algorithm - system-auth - Informative message based on the authselect integrity check result] ***
skipping: [localhost]

TASK [/stigforge/roles/ubuntu22_cis : Set PAM Password Hashing Algorithm - system-auth - Get authselect current profile] ***
skipping: [localhost]

TASK [/stigforge/roles/ubuntu22_cis : Set PAM Password Hashing Algorithm - system-auth - Define the current authselect profile as a local fact] ***
skipping: [localhost]

TASK [/stigforge/roles/ubuntu22_cis : Set PAM Password Hashing Algorithm - system-auth - Define the new authselect custom profile as a local fact] ***
skipping: [localhost]

TASK [/stigforge/roles/ubuntu22_cis : Set PAM Password Hashing Algorithm - system-auth - Get authselect current features to also enable them in the custom profile] ***
skipping: [localhost]

TASK [/stigforge/roles/ubuntu22_cis : Set PAM Password Hashing Algorithm - system-auth - Check if any custom profile with the same name was already created] ***
skipping: [localhost]

TASK [/stigforge/roles/ubuntu22_cis : Set PAM Password Hashing Algorithm - system-auth - Create an authselect custom profile based on the current profile] ***
skipping: [localhost]

TASK [/stigforge/roles/ubuntu22_cis : Set PAM Password Hashing Algorithm - system-auth - Create an authselect custom profile based on sssd profile] ***
skipping: [localhost]

TASK [/stigforge/roles/ubuntu22_cis : Set PAM Password Hashing Algorithm - system-auth - Ensure authselect changes are applied] ***
skipping: [localhost]

TASK [/stigforge/roles/ubuntu22_cis : Set PAM Password Hashing Algorithm - system-auth - Ensure the authselect custom profile is selected] ***
skipping: [localhost]

TASK [/stigforge/roles/ubuntu22_cis : Set PAM Password Hashing Algorithm - system-auth - Restore the authselect features in the custom profile] ***
skipping: [localhost]

TASK [/stigforge/roles/ubuntu22_cis : Set PAM Password Hashing Algorithm - system-auth - Ensure authselect changes are applied] ***
skipping: [localhost]

TASK [/stigforge/roles/ubuntu22_cis : Set PAM Password Hashing Algorithm - system-auth - Change the PAM file to be edited according to the custom authselect profile] ***
skipping: [localhost]

TASK [/stigforge/roles/ubuntu22_cis : Set PAM Password Hashing Algorithm - system-auth - Check if "{{ pam_file_path }}" File is Present] ***
skipping: [localhost]

TASK [/stigforge/roles/ubuntu22_cis : Set PAM Password Hashing Algorithm - system-auth - Ensure That Only the Correct Hashing Algorithm Option For pam_unix.so Is Used in {{ pam_file_path }}] ***
skipping: [localhost] => (item=sha512) 
skipping: [localhost] => (item=yescrypt) 
skipping: [localhost] => (item=gost_yescrypt) 
skipping: [localhost] => (item=blowfish) 
skipping: [localhost] => (item=sha256) 
skipping: [localhost] => (item=md5) 
skipping: [localhost] => (item=bigcrypt) 
skipping: [localhost]

TASK [/stigforge/roles/ubuntu22_cis : Set PAM Password Hashing Algorithm - system-auth - Ensure authselect changes are applied] ***
skipping: [localhost]

TASK [/stigforge/roles/ubuntu22_cis : Ensure interactive local users are the owners of their respective initialization files] ***
skipping: [localhost]

TASK [/stigforge/roles/ubuntu22_cis : Collect users with not correct INACTIVE parameter set] ***
skipping: [localhost]

TASK [/stigforge/roles/ubuntu22_cis : Change the period of inactivity] *********
skipping: [localhost]

TASK [/stigforge/roles/ubuntu22_cis : Avoid using remember in pam_unix module - Remove remember option from pam_unix.so] ***
ok: [localhost] => (item=/etc/pam.d/common-password)
ok: [localhost] => (item=/etc/pam.d/common-auth)
ok: [localhost] => (item=/etc/pam.d/common-account)
ok: [localhost] => (item=/etc/pam.d/common-session)
ok: [localhost] => (item=/etc/pam.d/common-session-noninteractive)

TASK [/stigforge/roles/ubuntu22_cis : Collect users with no password] **********
skipping: [localhost]

TASK [/stigforge/roles/ubuntu22_cis : Lock users with no password] *************
skipping: [localhost]

TASK [/stigforge/roles/ubuntu22_cis : Get all /etc/passwd file entries] ********
skipping: [localhost]

TASK [/stigforge/roles/ubuntu22_cis : Lock the password of the user accounts other than root with uid 0] ***
skipping: [localhost]

TASK [/stigforge/roles/ubuntu22_cis : Ensure the Group Used by pam_wheel.so Module Exists on System and is Empty - Ensure sugroup Group Exists] ***
skipping: [localhost]

TASK [/stigforge/roles/ubuntu22_cis : Ensure the Group Used by pam_wheel.so Module Exists on System and is Empty - Ensure sugroup Group is Empty] ***
skipping: [localhost]

TASK [/stigforge/roles/ubuntu22_cis : Ensure that System Accounts Do Not Run a Shell Upon Login - Get All Local Users From /etc/passwd] ***
skipping: [localhost]

TASK [/stigforge/roles/ubuntu22_cis : Ensure that System Accounts Do Not Run a Shell Upon Login - Create local_users Variable From getent_passwd Facts] ***
skipping: [localhost]

TASK [/stigforge/roles/ubuntu22_cis : Ensure that System Accounts Do Not Run a Shell Upon Login -  Disable Login Shell for System Accounts] ***
skipping: [localhost]

TASK [/stigforge/roles/ubuntu22_cis : Correct any occurrence of TMOUT in /etc/profile] ***
skipping: [localhost]

TASK [/stigforge/roles/ubuntu22_cis : Set Interactive Session Timeout] *********
skipping: [localhost]

TASK [/stigforge/roles/ubuntu22_cis : User Initialization Files Must Be Group-Owned By The Primary Group - Get interactive users from passwd file] ***
skipping: [localhost]

TASK [/stigforge/roles/ubuntu22_cis : User Initialization Files Must Be Group-Owned By The Primary Group - Create list of interactive users with GID and home directory] ***
skipping: [localhost]

TASK [/stigforge/roles/ubuntu22_cis : User Initialization Files Must Be Group-Owned By The Primary Group - Find dot files in interactive user home directories] ***
skipping: [localhost]

TASK [/stigforge/roles/ubuntu22_cis : User Initialization Files Must Be Group-Owned By The Primary Group - Set correct group ownership for user initialization files] ***
skipping: [localhost]

TASK [/stigforge/roles/ubuntu22_cis : User Initialization Files Must Be Owned By the Primary User - Get interactive users from passwd file] ***
skipping: [localhost]

TASK [/stigforge/roles/ubuntu22_cis : User Initialization Files Must Be Owned By the Primary User - Create list of interactive users with UID and home directory] ***
skipping: [localhost]

TASK [/stigforge/roles/ubuntu22_cis : User Initialization Files Must Be Owned By the Primary User - Find dot files in interactive user home directories] ***
skipping: [localhost]

TASK [/stigforge/roles/ubuntu22_cis : User Initialization Files Must Be Owned By the Primary User - Set correct ownership for user initialization files] ***
skipping: [localhost]

TASK [/stigforge/roles/ubuntu22_cis : Get all local users from /etc/passwd] ****
skipping: [localhost]

TASK [/stigforge/roles/ubuntu22_cis : Create local_users variable from the getent output] ***
skipping: [localhost]

TASK [/stigforge/roles/ubuntu22_cis : Ensure interactive users have a home directory exists] ***
skipping: [localhost]

TASK [/stigforge/roles/ubuntu22_cis : Get all users from getent to support remote users (LDAP, SSSD, etc.)] ***
ok: [localhost]

TASK [/stigforge/roles/ubuntu22_cis : Create interactive_users variable filtering out non-interactive shells] ***
ok: [localhost]

TASK [/stigforge/roles/ubuntu22_cis : Test for existence of home directories to avoid creating them, but only fixing group ownership] ***
skipping: [localhost] => (item={'key': 'root', 'value': ['x', '0', '0', 'root', '/root', '/bin/bash']}) 
skipping: [localhost] => (item={'key': 'sync', 'value': ['x', '4', '65534', 'sync', '/bin', '/bin/sync']}) 
skipping: [localhost]

TASK [/stigforge/roles/ubuntu22_cis : Ensure interactive users are the group-owners of their respective home directories] ***
skipping: [localhost] => (item=[{'key': 'root', 'value': ['x', '0', '0', 'root', '/root', '/bin/bash']}, {'changed': False, 'skipped': True, 'skip_reason': 'Conditional result was False', 'false_condition': 'item.value[1]|int >= 1000', 'item': {'key': 'root', 'value': ['x', '0', '0', 'root', '/root', '/bin/bash']}, 'ansible_loop_var': 'item'}]) 
skipping: [localhost] => (item=[{'key': 'sync', 'value': ['x', '4', '65534', 'sync', '/bin', '/bin/sync']}, {'changed': False, 'skipped': True, 'skip_reason': 'Conditional result was False', 'false_condition': 'item.value[1]|int >= 1000', 'item': {'key': 'sync', 'value': ['x', '4', '65534', 'sync', '/bin', '/bin/sync']}, 'ansible_loop_var': 'item'}]) 
skipping: [localhost]

TASK [/stigforge/roles/ubuntu22_cis : Get all local users from /etc/passwd] ****
ok: [localhost]

TASK [/stigforge/roles/ubuntu22_cis : Create local_users variable from the getent output] ***
ok: [localhost]

TASK [/stigforge/roles/ubuntu22_cis : Test for existence of home directories to avoid creating them, but only fixing ownership] ***
skipping: [localhost] => (item={'key': 'root', 'value': ['x', '0', '0', 'root', '/root', '/bin/bash']}) 
skipping: [localhost] => (item={'key': 'daemon', 'value': ['x', '1', '1', 'daemon', '/usr/sbin', '/usr/sbin/nologin']}) 
skipping: [localhost] => (item={'key': 'bin', 'value': ['x', '2', '2', 'bin', '/bin', '/usr/sbin/nologin']}) 
skipping: [localhost] => (item={'key': 'sys', 'value': ['x', '3', '3', 'sys', '/dev', '/usr/sbin/nologin']}) 
skipping: [localhost] => (item={'key': 'sync', 'value': ['x', '4', '65534', 'sync', '/bin', '/bin/sync']}) 
skipping: [localhost] => (item={'key': 'games', 'value': ['x', '5', '60', 'games', '/usr/games', '/usr/sbin/nologin']}) 
skipping: [localhost] => (item={'key': 'man', 'value': ['x', '6', '12', 'man', '/var/cache/man', '/usr/sbin/nologin']}) 
skipping: [localhost] => (item={'key': 'lp', 'value': ['x', '7', '7', 'lp', '/var/spool/lpd', '/usr/sbin/nologin']}) 
skipping: [localhost] => (item={'key': 'mail', 'value': ['x', '8', '8', 'mail', '/var/mail', '/usr/sbin/nologin']}) 
skipping: [localhost] => (item={'key': 'news', 'value': ['x', '9', '9', 'news', '/var/spool/news', '/usr/sbin/nologin']}) 
skipping: [localhost] => (item={'key': 'uucp', 'value': ['x', '10', '10', 'uucp', '/var/spool/uucp', '/usr/sbin/nologin']}) 
skipping: [localhost] => (item={'key': 'proxy', 'value': ['x', '13', '13', 'proxy', '/bin', '/usr/sbin/nologin']}) 
skipping: [localhost] => (item={'key': 'www-data', 'value': ['x', '33', '33', 'www-data', '/var/www', '/usr/sbin/nologin']}) 
skipping: [localhost] => (item={'key': 'backup', 'value': ['x', '34', '34', 'backup', '/var/backups', '/usr/sbin/nologin']}) 
skipping: [localhost] => (item={'key': 'list', 'value': ['x', '38', '38', 'Mailing List Manager', '/var/list', '/usr/sbin/nologin']}) 
skipping: [localhost] => (item={'key': 'irc', 'value': ['x', '39', '39', 'ircd', '/run/ircd', '/usr/sbin/nologin']}) 
skipping: [localhost] => (item={'key': 'gnats', 'value': ['x', '41', '41', 'Gnats Bug-Reporting System (admin)', '/var/lib/gnats', '/usr/sbin/nologin']}) 
skipping: [localhost] => (item={'key': 'nobody', 'value': ['x', '65534', '65534', 'nobody', '/nonexistent', '/usr/sbin/nologin']}) 
skipping: [localhost] => (item={'key': '_apt', 'value': ['x', '100', '65534', '', '/nonexistent', '/usr/sbin/nologin']}) 
skipping: [localhost]

TASK [/stigforge/roles/ubuntu22_cis : Ensure interactive local users are the owners of their respective home directories] ***
skipping: [localhost] => (item=[{'key': 'root', 'value': ['x', '0', '0', 'root', '/root', '/bin/bash']}, {'changed': False, 'skipped': True, 'skip_reason': 'Conditional result was False', 'false_condition': 'item.value[1]|int >= 1000', 'item': {'key': 'root', 'value': ['x', '0', '0', 'root', '/root', '/bin/bash']}, 'ansible_loop_var': 'item'}]) 
skipping: [localhost] => (item=[{'key': 'daemon', 'value': ['x', '1', '1', 'daemon', '/usr/sbin', '/usr/sbin/nologin']}, {'changed': False, 'skipped': True, 'skip_reason': 'Conditional result was False', 'false_condition': 'item.value[1]|int >= 1000', 'item': {'key': 'daemon', 'value': ['x', '1', '1', 'daemon', '/usr/sbin', '/usr/sbin/nologin']}, 'ansible_loop_var': 'item'}]) 
skipping: [localhost] => (item=[{'key': 'bin', 'value': ['x', '2', '2', 'bin', '/bin', '/usr/sbin/nologin']}, {'changed': False, 'skipped': True, 'skip_reason': 'Conditional result was False', 'false_condition': 'item.value[1]|int >= 1000', 'item': {'key': 'bin', 'value': ['x', '2', '2', 'bin', '/bin', '/usr/sbin/nologin']}, 'ansible_loop_var': 'item'}]) 
skipping: [localhost] => (item=[{'key': 'sys', 'value': ['x', '3', '3', 'sys', '/dev', '/usr/sbin/nologin']}, {'changed': False, 'skipped': True, 'skip_reason': 'Conditional result was False', 'false_condition': 'item.value[1]|int >= 1000', 'item': {'key': 'sys', 'value': ['x', '3', '3', 'sys', '/dev', '/usr/sbin/nologin']}, 'ansible_loop_var': 'item'}]) 
skipping: [localhost] => (item=[{'key': 'sync', 'value': ['x', '4', '65534', 'sync', '/bin', '/bin/sync']}, {'changed': False, 'skipped': True, 'skip_reason': 'Conditional result was False', 'false_condition': 'item.value[1]|int >= 1000', 'item': {'key': 'sync', 'value': ['x', '4', '65534', 'sync', '/bin', '/bin/sync']}, 'ansible_loop_var': 'item'}]) 
skipping: [localhost] => (item=[{'key': 'games', 'value': ['x', '5', '60', 'games', '/usr/games', '/usr/sbin/nologin']}, {'changed': False, 'skipped': True, 'skip_reason': 'Conditional result was False', 'false_condition': 'item.value[1]|int >= 1000', 'item': {'key': 'games', 'value': ['x', '5', '60', 'games', '/usr/games', '/usr/sbin/nologin']}, 'ansible_loop_var': 'item'}]) 
skipping: [localhost] => (item=[{'key': 'man', 'value': ['x', '6', '12', 'man', '/var/cache/man', '/usr/sbin/nologin']}, {'changed': False, 'skipped': True, 'skip_reason': 'Conditional result was False', 'false_condition': 'item.value[1]|int >= 1000', 'item': {'key': 'man', 'value': ['x', '6', '12', 'man', '/var/cache/man', '/usr/sbin/nologin']}, 'ansible_loop_var': 'item'}]) 
skipping: [localhost] => (item=[{'key': 'lp', 'value': ['x', '7', '7', 'lp', '/var/spool/lpd', '/usr/sbin/nologin']}, {'changed': False, 'skipped': True, 'skip_reason': 'Conditional result was False', 'false_condition': 'item.value[1]|int >= 1000', 'item': {'key': 'lp', 'value': ['x', '7', '7', 'lp', '/var/spool/lpd', '/usr/sbin/nologin']}, 'ansible_loop_var': 'item'}]) 
skipping: [localhost] => (item=[{'key': 'mail', 'value': ['x', '8', '8', 'mail', '/var/mail', '/usr/sbin/nologin']}, {'changed': False, 'skipped': True, 'skip_reason': 'Conditional result was False', 'false_condition': 'item.value[1]|int >= 1000', 'item': {'key': 'mail', 'value': ['x', '8', '8', 'mail', '/var/mail', '/usr/sbin/nologin']}, 'ansible_loop_var': 'item'}]) 
skipping: [localhost] => (item=[{'key': 'news', 'value': ['x', '9', '9', 'news', '/var/spool/news', '/usr/sbin/nologin']}, {'changed': False, 'skipped': True, 'skip_reason': 'Conditional result was False', 'false_condition': 'item.value[1]|int >= 1000', 'item': {'key': 'news', 'value': ['x', '9', '9', 'news', '/var/spool/news', '/usr/sbin/nologin']}, 'ansible_loop_var': 'item'}]) 
skipping: [localhost] => (item=[{'key': 'uucp', 'value': ['x', '10', '10', 'uucp', '/var/spool/uucp', '/usr/sbin/nologin']}, {'changed': False, 'skipped': True, 'skip_reason': 'Conditional result was False', 'false_condition': 'item.value[1]|int >= 1000', 'item': {'key': 'uucp', 'value': ['x', '10', '10', 'uucp', '/var/spool/uucp', '/usr/sbin/nologin']}, 'ansible_loop_var': 'item'}]) 
skipping: [localhost] => (item=[{'key': 'proxy', 'value': ['x', '13', '13', 'proxy', '/bin', '/usr/sbin/nologin']}, {'changed': False, 'skipped': True, 'skip_reason': 'Conditional result was False', 'false_condition': 'item.value[1]|int >= 1000', 'item': {'key': 'proxy', 'value': ['x', '13', '13', 'proxy', '/bin', '/usr/sbin/nologin']}, 'ansible_loop_var': 'item'}]) 
skipping: [localhost] => (item=[{'key': 'www-data', 'value': ['x', '33', '33', 'www-data', '/var/www', '/usr/sbin/nologin']}, {'changed': False, 'skipped': True, 'skip_reason': 'Conditional result was False', 'false_condition': 'item.value[1]|int >= 1000', 'item': {'key': 'www-data', 'value': ['x', '33', '33', 'www-data', '/var/www', '/usr/sbin/nologin']}, 'ansible_loop_var': 'item'}]) 
skipping: [localhost] => (item=[{'key': 'backup', 'value': ['x', '34', '34', 'backup', '/var/backups', '/usr/sbin/nologin']}, {'changed': False, 'skipped': True, 'skip_reason': 'Conditional result was False', 'false_condition': 'item.value[1]|int >= 1000', 'item': {'key': 'backup', 'value': ['x', '34', '34', 'backup', '/var/backups', '/usr/sbin/nologin']}, 'ansible_loop_var': 'item'}]) 
skipping: [localhost] => (item=[{'key': 'list', 'value': ['x', '38', '38', 'Mailing List Manager', '/var/list', '/usr/sbin/nologin']}, {'changed': False, 'skipped': True, 'skip_reason': 'Conditional result was False', 'false_condition': 'item.value[1]|int >= 1000', 'item': {'key': 'list', 'value': ['x', '38', '38', 'Mailing List Manager', '/var/list', '/usr/sbin/nologin']}, 'ansible_loop_var': 'item'}]) 
skipping: [localhost] => (item=[{'key': 'irc', 'value': ['x', '39', '39', 'ircd', '/run/ircd', '/usr/sbin/nologin']}, {'changed': False, 'skipped': True, 'skip_reason': 'Conditional result was False', 'false_condition': 'item.value[1]|int >= 1000', 'item': {'key': 'irc', 'value': ['x', '39', '39', 'ircd', '/run/ircd', '/usr/sbin/nologin']}, 'ansible_loop_var': 'item'}]) 
skipping: [localhost] => (item=[{'key': 'gnats', 'value': ['x', '41', '41', 'Gnats Bug-Reporting System (admin)', '/var/lib/gnats', '/usr/sbin/nologin']}, {'changed': False, 'skipped': True, 'skip_reason': 'Conditional result was False', 'false_condition': 'item.value[1]|int >= 1000', 'item': {'key': 'gnats', 'value': ['x', '41', '41', 'Gnats Bug-Reporting System (admin)', '/var/lib/gnats', '/usr/sbin/nologin']}, 'ansible_loop_var': 'item'}]) 
skipping: [localhost] => (item=[{'key': 'nobody', 'value': ['x', '65534', '65534', 'nobody', '/nonexistent', '/usr/sbin/nologin']}, {'changed': False, 'skipped': True, 'skip_reason': 'Conditional result was False', 'false_condition': 'item.value[1]|int != 65534', 'item': {'key': 'nobody', 'value': ['x', '65534', '65534', 'nobody', '/nonexistent', '/usr/sbin/nologin']}, 'ansible_loop_var': 'item'}]) 
skipping: [localhost] => (item=[{'key': '_apt', 'value': ['x', '100', '65534', '', '/nonexistent', '/usr/sbin/nologin']}, {'changed': False, 'skipped': True, 'skip_reason': 'Conditional result was False', 'false_condition': 'item.value[1]|int >= 1000', 'item': {'key': '_apt', 'value': ['x', '100', '65534', '', '/nonexistent', '/usr/sbin/nologin']}, 'ansible_loop_var': 'item'}]) 
skipping: [localhost]

TASK [/stigforge/roles/ubuntu22_cis : Ensure User Bash History File Has Correct Permissions - Gather User Info] ***
ok: [localhost]

TASK [/stigforge/roles/ubuntu22_cis : Ensure User Bash History File Has Correct Permissions - Check Bash History Files Existence] ***
skipping: [localhost] => (item={'key': 'root', 'value': ['x', '0', '0', 'root', '/root', '/bin/bash']}) 
skipping: [localhost] => (item={'key': 'daemon', 'value': ['x', '1', '1', 'daemon', '/usr/sbin', '/usr/sbin/nologin']}) 
skipping: [localhost] => (item={'key': 'bin', 'value': ['x', '2', '2', 'bin', '/bin', '/usr/sbin/nologin']}) 
skipping: [localhost] => (item={'key': 'sys', 'value': ['x', '3', '3', 'sys', '/dev', '/usr/sbin/nologin']}) 
skipping: [localhost] => (item={'key': 'sync', 'value': ['x', '4', '65534', 'sync', '/bin', '/bin/sync']}) 
skipping: [localhost] => (item={'key': 'games', 'value': ['x', '5', '60', 'games', '/usr/games', '/usr/sbin/nologin']}) 
skipping: [localhost] => (item={'key': 'man', 'value': ['x', '6', '12', 'man', '/var/cache/man', '/usr/sbin/nologin']}) 
skipping: [localhost] => (item={'key': 'lp', 'value': ['x', '7', '7', 'lp', '/var/spool/lpd', '/usr/sbin/nologin']}) 
skipping: [localhost] => (item={'key': 'mail', 'value': ['x', '8', '8', 'mail', '/var/mail', '/usr/sbin/nologin']}) 
skipping: [localhost] => (item={'key': 'news', 'value': ['x', '9', '9', 'news', '/var/spool/news', '/usr/sbin/nologin']}) 
skipping: [localhost] => (item={'key': 'uucp', 'value': ['x', '10', '10', 'uucp', '/var/spool/uucp', '/usr/sbin/nologin']}) 
skipping: [localhost] => (item={'key': 'proxy', 'value': ['x', '13', '13', 'proxy', '/bin', '/usr/sbin/nologin']}) 
skipping: [localhost] => (item={'key': 'www-data', 'value': ['x', '33', '33', 'www-data', '/var/www', '/usr/sbin/nologin']}) 
skipping: [localhost] => (item={'key': 'backup', 'value': ['x', '34', '34', 'backup', '/var/backups', '/usr/sbin/nologin']}) 
skipping: [localhost] => (item={'key': 'list', 'value': ['x', '38', '38', 'Mailing List Manager', '/var/list', '/usr/sbin/nologin']}) 
skipping: [localhost] => (item={'key': 'irc', 'value': ['x', '39', '39', 'ircd', '/run/ircd', '/usr/sbin/nologin']}) 
skipping: [localhost] => (item={'key': 'gnats', 'value': ['x', '41', '41', 'Gnats Bug-Reporting System (admin)', '/var/lib/gnats', '/usr/sbin/nologin']}) 
skipping: [localhost] => (item={'key': 'nobody', 'value': ['x', '65534', '65534', 'nobody', '/nonexistent', '/usr/sbin/nologin']}) 
skipping: [localhost] => (item={'key': '_apt', 'value': ['x', '100', '65534', '', '/nonexistent', '/usr/sbin/nologin']}) 
skipping: [localhost]

TASK [/stigforge/roles/ubuntu22_cis : Ensure User Bash History File Has Correct Permissions - Fix Bash History Files Permissions] ***
skipping: [localhost] => (item={'changed': False, 'skipped': True, 'skip_reason': 'Conditional result was False', 'false_condition': 'item.value[1] | int >= 1000', 'item': {'key': 'root', 'value': ['x', '0', '0', 'root', '/root', '/bin/bash']}, 'ansible_loop_var': 'item'}) 
skipping: [localhost] => (item={'changed': False, 'skipped': True, 'skip_reason': 'Conditional result was False', 'false_condition': 'item.value[1] | int >= 1000', 'item': {'key': 'daemon', 'value': ['x', '1', '1', 'daemon', '/usr/sbin', '/usr/sbin/nologin']}, 'ansible_loop_var': 'item'}) 
skipping: [localhost] => (item={'changed': False, 'skipped': True, 'skip_reason': 'Conditional result was False', 'false_condition': 'item.value[1] | int >= 1000', 'item': {'key': 'bin', 'value': ['x', '2', '2', 'bin', '/bin', '/usr/sbin/nologin']}, 'ansible_loop_var': 'item'}) 
skipping: [localhost] => (item={'changed': False, 'skipped': True, 'skip_reason': 'Conditional result was False', 'false_condition': 'item.value[1] | int >= 1000', 'item': {'key': 'sys', 'value': ['x', '3', '3', 'sys', '/dev', '/usr/sbin/nologin']}, 'ansible_loop_var': 'item'}) 
skipping: [localhost] => (item={'changed': False, 'skipped': True, 'skip_reason': 'Conditional result was False', 'false_condition': 'item.value[1] | int >= 1000', 'item': {'key': 'sync', 'value': ['x', '4', '65534', 'sync', '/bin', '/bin/sync']}, 'ansible_loop_var': 'item'}) 
skipping: [localhost] => (item={'changed': False, 'skipped': True, 'skip_reason': 'Conditional result was False', 'false_condition': 'item.value[1] | int >= 1000', 'item': {'key': 'games', 'value': ['x', '5', '60', 'games', '/usr/games', '/usr/sbin/nologin']}, 'ansible_loop_var': 'item'}) 
skipping: [localhost] => (item={'changed': False, 'skipped': True, 'skip_reason': 'Conditional result was False', 'false_condition': 'item.value[1] | int >= 1000', 'item': {'key': 'man', 'value': ['x', '6', '12', 'man', '/var/cache/man', '/usr/sbin/nologin']}, 'ansible_loop_var': 'item'}) 
skipping: [localhost] => (item={'changed': False, 'skipped': True, 'skip_reason': 'Conditional result was False', 'false_condition': 'item.value[1] | int >= 1000', 'item': {'key': 'lp', 'value': ['x', '7', '7', 'lp', '/var/spool/lpd', '/usr/sbin/nologin']}, 'ansible_loop_var': 'item'}) 
skipping: [localhost] => (item={'changed': False, 'skipped': True, 'skip_reason': 'Conditional result was False', 'false_condition': 'item.value[1] | int >= 1000', 'item': {'key': 'mail', 'value': ['x', '8', '8', 'mail', '/var/mail', '/usr/sbin/nologin']}, 'ansible_loop_var': 'item'}) 
skipping: [localhost] => (item={'changed': False, 'skipped': True, 'skip_reason': 'Conditional result was False', 'false_condition': 'item.value[1] | int >= 1000', 'item': {'key': 'news', 'value': ['x', '9', '9', 'news', '/var/spool/news', '/usr/sbin/nologin']}, 'ansible_loop_var': 'item'}) 
skipping: [localhost] => (item={'changed': False, 'skipped': True, 'skip_reason': 'Conditional result was False', 'false_condition': 'item.value[1] | int >= 1000', 'item': {'key': 'uucp', 'value': ['x', '10', '10', 'uucp', '/var/spool/uucp', '/usr/sbin/nologin']}, 'ansible_loop_var': 'item'}) 
skipping: [localhost] => (item={'changed': False, 'skipped': True, 'skip_reason': 'Conditional result was False', 'false_condition': 'item.value[1] | int >= 1000', 'item': {'key': 'proxy', 'value': ['x', '13', '13', 'proxy', '/bin', '/usr/sbin/nologin']}, 'ansible_loop_var': 'item'}) 
skipping: [localhost] => (item={'changed': False, 'skipped': True, 'skip_reason': 'Conditional result was False', 'false_condition': 'item.value[1] | int >= 1000', 'item': {'key': 'www-data', 'value': ['x', '33', '33', 'www-data', '/var/www', '/usr/sbin/nologin']}, 'ansible_loop_var': 'item'}) 
skipping: [localhost] => (item={'changed': False, 'skipped': True, 'skip_reason': 'Conditional result was False', 'false_condition': 'item.value[1] | int >= 1000', 'item': {'key': 'backup', 'value': ['x', '34', '34', 'backup', '/var/backups', '/usr/sbin/nologin']}, 'ansible_loop_var': 'item'}) 
skipping: [localhost] => (item={'changed': False, 'skipped': True, 'skip_reason': 'Conditional result was False', 'false_condition': 'item.value[1] | int >= 1000', 'item': {'key': 'list', 'value': ['x', '38', '38', 'Mailing List Manager', '/var/list', '/usr/sbin/nologin']}, 'ansible_loop_var': 'item'}) 
skipping: [localhost] => (item={'changed': False, 'skipped': True, 'skip_reason': 'Conditional result was False', 'false_condition': 'item.value[1] | int >= 1000', 'item': {'key': 'irc', 'value': ['x', '39', '39', 'ircd', '/run/ircd', '/usr/sbin/nologin']}, 'ansible_loop_var': 'item'}) 
skipping: [localhost] => (item={'changed': False, 'skipped': True, 'skip_reason': 'Conditional result was False', 'false_condition': 'item.value[1] | int >= 1000', 'item': {'key': 'gnats', 'value': ['x', '41', '41', 'Gnats Bug-Reporting System (admin)', '/var/lib/gnats', '/usr/sbin/nologin']}, 'ansible_loop_var': 'item'}) 
skipping: [localhost] => (item={'changed': False, 'skipped': True, 'skip_reason': 'Conditional result was False', 'false_condition': 'item.key not in ["nobody", "nfsnobody"]', 'item': {'key': 'nobody', 'value': ['x', '65534', '65534', 'nobody', '/nonexistent', '/usr/sbin/nologin']}, 'ansible_loop_var': 'item'}) 
skipping: [localhost] => (item={'changed': False, 'skipped': True, 'skip_reason': 'Conditional result was False', 'false_condition': 'item.value[1] | int >= 1000', 'item': {'key': '_apt', 'value': ['x', '100', '65534', '', '/nonexistent', '/usr/sbin/nologin']}, 'ansible_loop_var': 'item'}) 
skipping: [localhost]

TASK [/stigforge/roles/ubuntu22_cis : Ensure All User Initialization Files Have Mode 0740 Or Less Permissive - Gather User Info] ***
ok: [localhost]

TASK [/stigforge/roles/ubuntu22_cis : Ensure All User Initialization Files Have Mode 0740 Or Less Permissive - Find Init Files] ***
skipping: [localhost] => (item={'key': 'root', 'value': ['x', '0', '0', 'root', '/root', '/bin/bash']}) 
skipping: [localhost] => (item={'key': 'daemon', 'value': ['x', '1', '1', 'daemon', '/usr/sbin', '/usr/sbin/nologin']}) 
skipping: [localhost] => (item={'key': 'bin', 'value': ['x', '2', '2', 'bin', '/bin', '/usr/sbin/nologin']}) 
skipping: [localhost] => (item={'key': 'sys', 'value': ['x', '3', '3', 'sys', '/dev', '/usr/sbin/nologin']}) 
skipping: [localhost] => (item={'key': 'sync', 'value': ['x', '4', '65534', 'sync', '/bin', '/bin/sync']}) 
skipping: [localhost] => (item={'key': 'games', 'value': ['x', '5', '60', 'games', '/usr/games', '/usr/sbin/nologin']}) 
skipping: [localhost] => (item={'key': 'man', 'value': ['x', '6', '12', 'man', '/var/cache/man', '/usr/sbin/nologin']}) 
skipping: [localhost] => (item={'key': 'lp', 'value': ['x', '7', '7', 'lp', '/var/spool/lpd', '/usr/sbin/nologin']}) 
skipping: [localhost] => (item={'key': 'mail', 'value': ['x', '8', '8', 'mail', '/var/mail', '/usr/sbin/nologin']}) 
skipping: [localhost] => (item={'key': 'news', 'value': ['x', '9', '9', 'news', '/var/spool/news', '/usr/sbin/nologin']}) 
skipping: [localhost] => (item={'key': 'uucp', 'value': ['x', '10', '10', 'uucp', '/var/spool/uucp', '/usr/sbin/nologin']}) 
skipping: [localhost] => (item={'key': 'proxy', 'value': ['x', '13', '13', 'proxy', '/bin', '/usr/sbin/nologin']}) 
skipping: [localhost] => (item={'key': 'www-data', 'value': ['x', '33', '33', 'www-data', '/var/www', '/usr/sbin/nologin']}) 
skipping: [localhost] => (item={'key': 'backup', 'value': ['x', '34', '34', 'backup', '/var/backups', '/usr/sbin/nologin']}) 
skipping: [localhost] => (item={'key': 'list', 'value': ['x', '38', '38', 'Mailing List Manager', '/var/list', '/usr/sbin/nologin']}) 
skipping: [localhost] => (item={'key': 'irc', 'value': ['x', '39', '39', 'ircd', '/run/ircd', '/usr/sbin/nologin']}) 
skipping: [localhost] => (item={'key': 'gnats', 'value': ['x', '41', '41', 'Gnats Bug-Reporting System (admin)', '/var/lib/gnats', '/usr/sbin/nologin']}) 
skipping: [localhost] => (item={'key': 'nobody', 'value': ['x', '65534', '65534', 'nobody', '/nonexistent', '/usr/sbin/nologin']}) 
skipping: [localhost] => (item={'key': '_apt', 'value': ['x', '100', '65534', '', '/nonexistent', '/usr/sbin/nologin']}) 
skipping: [localhost]

TASK [/stigforge/roles/ubuntu22_cis : Ensure All User Initialization Files Have Mode 0740 Or Less Permissive - Fix Init Files Permissions] ***
skipping: [localhost]

TASK [/stigforge/roles/ubuntu22_cis : Get all local users from /etc/passwd] ****
ok: [localhost]

TASK [/stigforge/roles/ubuntu22_cis : Create local_users variable from the getent output] ***
ok: [localhost]

TASK [/stigforge/roles/ubuntu22_cis : Test for existence home directories to avoid creating them.] ***
skipping: [localhost] => (item={'key': 'root', 'value': ['x', '0', '0', 'root', '/root', '/bin/bash']}) 
skipping: [localhost] => (item={'key': 'daemon', 'value': ['x', '1', '1', 'daemon', '/usr/sbin', '/usr/sbin/nologin']}) 
skipping: [localhost] => (item={'key': 'bin', 'value': ['x', '2', '2', 'bin', '/bin', '/usr/sbin/nologin']}) 
skipping: [localhost] => (item={'key': 'sys', 'value': ['x', '3', '3', 'sys', '/dev', '/usr/sbin/nologin']}) 
skipping: [localhost] => (item={'key': 'sync', 'value': ['x', '4', '65534', 'sync', '/bin', '/bin/sync']}) 
skipping: [localhost] => (item={'key': 'games', 'value': ['x', '5', '60', 'games', '/usr/games', '/usr/sbin/nologin']}) 
skipping: [localhost] => (item={'key': 'man', 'value': ['x', '6', '12', 'man', '/var/cache/man', '/usr/sbin/nologin']}) 
skipping: [localhost] => (item={'key': 'lp', 'value': ['x', '7', '7', 'lp', '/var/spool/lpd', '/usr/sbin/nologin']}) 
skipping: [localhost] => (item={'key': 'mail', 'value': ['x', '8', '8', 'mail', '/var/mail', '/usr/sbin/nologin']}) 
skipping: [localhost] => (item={'key': 'news', 'value': ['x', '9', '9', 'news', '/var/spool/news', '/usr/sbin/nologin']}) 
skipping: [localhost] => (item={'key': 'uucp', 'value': ['x', '10', '10', 'uucp', '/var/spool/uucp', '/usr/sbin/nologin']}) 
skipping: [localhost] => (item={'key': 'proxy', 'value': ['x', '13', '13', 'proxy', '/bin', '/usr/sbin/nologin']}) 
skipping: [localhost] => (item={'key': 'www-data', 'value': ['x', '33', '33', 'www-data', '/var/www', '/usr/sbin/nologin']}) 
skipping: [localhost] => (item={'key': 'backup', 'value': ['x', '34', '34', 'backup', '/var/backups', '/usr/sbin/nologin']}) 
skipping: [localhost] => (item={'key': 'list', 'value': ['x', '38', '38', 'Mailing List Manager', '/var/list', '/usr/sbin/nologin']}) 
skipping: [localhost] => (item={'key': 'irc', 'value': ['x', '39', '39', 'ircd', '/run/ircd', '/usr/sbin/nologin']}) 
skipping: [localhost] => (item={'key': 'gnats', 'value': ['x', '41', '41', 'Gnats Bug-Reporting System (admin)', '/var/lib/gnats', '/usr/sbin/nologin']}) 
skipping: [localhost] => (item={'key': 'nobody', 'value': ['x', '65534', '65534', 'nobody', '/nonexistent', '/usr/sbin/nologin']}) 
skipping: [localhost] => (item={'key': '_apt', 'value': ['x', '100', '65534', '', '/nonexistent', '/usr/sbin/nologin']}) 
skipping: [localhost]

TASK [/stigforge/roles/ubuntu22_cis : Ensure interactive local users have proper permissions on their respective home directories] ***
skipping: [localhost] => (item=[{'key': 'root', 'value': ['x', '0', '0', 'root', '/root', '/bin/bash']}, {'changed': False, 'skipped': True, 'skip_reason': 'Conditional result was False', 'false_condition': 'item.value[1]|int >= 1000', 'item': {'key': 'root', 'value': ['x', '0', '0', 'root', '/root', '/bin/bash']}, 'ansible_loop_var': 'item'}]) 
skipping: [localhost] => (item=[{'key': 'daemon', 'value': ['x', '1', '1', 'daemon', '/usr/sbin', '/usr/sbin/nologin']}, {'changed': False, 'skipped': True, 'skip_reason': 'Conditional result was False', 'false_condition': 'item.value[1]|int >= 1000', 'item': {'key': 'daemon', 'value': ['x', '1', '1', 'daemon', '/usr/sbin', '/usr/sbin/nologin']}, 'ansible_loop_var': 'item'}]) 
skipping: [localhost] => (item=[{'key': 'bin', 'value': ['x', '2', '2', 'bin', '/bin', '/usr/sbin/nologin']}, {'changed': False, 'skipped': True, 'skip_reason': 'Conditional result was False', 'false_condition': 'item.value[1]|int >= 1000', 'item': {'key': 'bin', 'value': ['x', '2', '2', 'bin', '/bin', '/usr/sbin/nologin']}, 'ansible_loop_var': 'item'}]) 
skipping: [localhost] => (item=[{'key': 'sys', 'value': ['x', '3', '3', 'sys', '/dev', '/usr/sbin/nologin']}, {'changed': False, 'skipped': True, 'skip_reason': 'Conditional result was False', 'false_condition': 'item.value[1]|int >= 1000', 'item': {'key': 'sys', 'value': ['x', '3', '3', 'sys', '/dev', '/usr/sbin/nologin']}, 'ansible_loop_var': 'item'}]) 
skipping: [localhost] => (item=[{'key': 'sync', 'value': ['x', '4', '65534', 'sync', '/bin', '/bin/sync']}, {'changed': False, 'skipped': True, 'skip_reason': 'Conditional result was False', 'false_condition': 'item.value[1]|int >= 1000', 'item': {'key': 'sync', 'value': ['x', '4', '65534', 'sync', '/bin', '/bin/sync']}, 'ansible_loop_var': 'item'}]) 
skipping: [localhost] => (item=[{'key': 'games', 'value': ['x', '5', '60', 'games', '/usr/games', '/usr/sbin/nologin']}, {'changed': False, 'skipped': True, 'skip_reason': 'Conditional result was False', 'false_condition': 'item.value[1]|int >= 1000', 'item': {'key': 'games', 'value': ['x', '5', '60', 'games', '/usr/games', '/usr/sbin/nologin']}, 'ansible_loop_var': 'item'}]) 
skipping: [localhost] => (item=[{'key': 'man', 'value': ['x', '6', '12', 'man', '/var/cache/man', '/usr/sbin/nologin']}, {'changed': False, 'skipped': True, 'skip_reason': 'Conditional result was False', 'false_condition': 'item.value[1]|int >= 1000', 'item': {'key': 'man', 'value': ['x', '6', '12', 'man', '/var/cache/man', '/usr/sbin/nologin']}, 'ansible_loop_var': 'item'}]) 
skipping: [localhost] => (item=[{'key': 'lp', 'value': ['x', '7', '7', 'lp', '/var/spool/lpd', '/usr/sbin/nologin']}, {'changed': False, 'skipped': True, 'skip_reason': 'Conditional result was False', 'false_condition': 'item.value[1]|int >= 1000', 'item': {'key': 'lp', 'value': ['x', '7', '7', 'lp', '/var/spool/lpd', '/usr/sbin/nologin']}, 'ansible_loop_var': 'item'}]) 
skipping: [localhost] => (item=[{'key': 'mail', 'value': ['x', '8', '8', 'mail', '/var/mail', '/usr/sbin/nologin']}, {'changed': False, 'skipped': True, 'skip_reason': 'Conditional result was False', 'false_condition': 'item.value[1]|int >= 1000', 'item': {'key': 'mail', 'value': ['x', '8', '8', 'mail', '/var/mail', '/usr/sbin/nologin']}, 'ansible_loop_var': 'item'}]) 
skipping: [localhost] => (item=[{'key': 'news', 'value': ['x', '9', '9', 'news', '/var/spool/news', '/usr/sbin/nologin']}, {'changed': False, 'skipped': True, 'skip_reason': 'Conditional result was False', 'false_condition': 'item.value[1]|int >= 1000', 'item': {'key': 'news', 'value': ['x', '9', '9', 'news', '/var/spool/news', '/usr/sbin/nologin']}, 'ansible_loop_var': 'item'}]) 
skipping: [localhost] => (item=[{'key': 'uucp', 'value': ['x', '10', '10', 'uucp', '/var/spool/uucp', '/usr/sbin/nologin']}, {'changed': False, 'skipped': True, 'skip_reason': 'Conditional result was False', 'false_condition': 'item.value[1]|int >= 1000', 'item': {'key': 'uucp', 'value': ['x', '10', '10', 'uucp', '/var/spool/uucp', '/usr/sbin/nologin']}, 'ansible_loop_var': 'item'}]) 
skipping: [localhost] => (item=[{'key': 'proxy', 'value': ['x', '13', '13', 'proxy', '/bin', '/usr/sbin/nologin']}, {'changed': False, 'skipped': True, 'skip_reason': 'Conditional result was False', 'false_condition': 'item.value[1]|int >= 1000', 'item': {'key': 'proxy', 'value': ['x', '13', '13', 'proxy', '/bin', '/usr/sbin/nologin']}, 'ansible_loop_var': 'item'}]) 
skipping: [localhost] => (item=[{'key': 'www-data', 'value': ['x', '33', '33', 'www-data', '/var/www', '/usr/sbin/nologin']}, {'changed': False, 'skipped': True, 'skip_reason': 'Conditional result was False', 'false_condition': 'item.value[1]|int >= 1000', 'item': {'key': 'www-data', 'value': ['x', '33', '33', 'www-data', '/var/www', '/usr/sbin/nologin']}, 'ansible_loop_var': 'item'}]) 
skipping: [localhost] => (item=[{'key': 'backup', 'value': ['x', '34', '34', 'backup', '/var/backups', '/usr/sbin/nologin']}, {'changed': False, 'skipped': True, 'skip_reason': 'Conditional result was False', 'false_condition': 'item.value[1]|int >= 1000', 'item': {'key': 'backup', 'value': ['x', '34', '34', 'backup', '/var/backups', '/usr/sbin/nologin']}, 'ansible_loop_var': 'item'}]) 
skipping: [localhost] => (item=[{'key': 'list', 'value': ['x', '38', '38', 'Mailing List Manager', '/var/list', '/usr/sbin/nologin']}, {'changed': False, 'skipped': True, 'skip_reason': 'Conditional result was False', 'false_condition': 'item.value[1]|int >= 1000', 'item': {'key': 'list', 'value': ['x', '38', '38', 'Mailing List Manager', '/var/list', '/usr/sbin/nologin']}, 'ansible_loop_var': 'item'}]) 
skipping: [localhost] => (item=[{'key': 'irc', 'value': ['x', '39', '39', 'ircd', '/run/ircd', '/usr/sbin/nologin']}, {'changed': False, 'skipped': True, 'skip_reason': 'Conditional result was False', 'false_condition': 'item.value[1]|int >= 1000', 'item': {'key': 'irc', 'value': ['x', '39', '39', 'ircd', '/run/ircd', '/usr/sbin/nologin']}, 'ansible_loop_var': 'item'}]) 
skipping: [localhost] => (item=[{'key': 'gnats', 'value': ['x', '41', '41', 'Gnats Bug-Reporting System (admin)', '/var/lib/gnats', '/usr/sbin/nologin']}, {'changed': False, 'skipped': True, 'skip_reason': 'Conditional result was False', 'false_condition': 'item.value[1]|int >= 1000', 'item': {'key': 'gnats', 'value': ['x', '41', '41', 'Gnats Bug-Reporting System (admin)', '/var/lib/gnats', '/usr/sbin/nologin']}, 'ansible_loop_var': 'item'}]) 
skipping: [localhost] => (item=[{'key': 'nobody', 'value': ['x', '65534', '65534', 'nobody', '/nonexistent', '/usr/sbin/nologin']}, {'changed': False, 'skipped': True, 'skip_reason': 'Conditional result was False', 'false_condition': 'item.value[1]|int != 65534', 'item': {'key': 'nobody', 'value': ['x', '65534', '65534', 'nobody', '/nonexistent', '/usr/sbin/nologin']}, 'ansible_loop_var': 'item'}]) 
skipping: [localhost] => (item=[{'key': '_apt', 'value': ['x', '100', '65534', '', '/nonexistent', '/usr/sbin/nologin']}, {'changed': False, 'skipped': True, 'skip_reason': 'Conditional result was False', 'false_condition': 'item.value[1]|int >= 1000', 'item': {'key': '_apt', 'value': ['x', '100', '65534', '', '/nonexistent', '/usr/sbin/nologin']}, 'ansible_loop_var': 'item'}]) 
skipping: [localhost]

TASK [/stigforge/roles/ubuntu22_cis : Check if umask in /etc/bash.bashrc is already set] ***
ok: [localhost]

TASK [/stigforge/roles/ubuntu22_cis : Replace user umask in /etc/bash.bashrc] ***
skipping: [localhost]

TASK [/stigforge/roles/ubuntu22_cis : Ensure the Default umask is Appended Correctly] ***
changed: [localhost]

TASK [/stigforge/roles/ubuntu22_cis : Set default umask] ***********************
skipping: [localhost]

TASK [/stigforge/roles/ubuntu22_cis : Replace user UMASK in /etc/login.defs] ***
skipping: [localhost]

TASK [/stigforge/roles/ubuntu22_cis : Ensure the Default UMASK is Appended Correctly] ***
skipping: [localhost]

TASK [/stigforge/roles/ubuntu22_cis : Ensure the Default Umask is Set Correctly in /etc/profile - Locate Profile Configuration Files Where umask Is Defined] ***
ok: [localhost]

TASK [/stigforge/roles/ubuntu22_cis : Ensure the Default Umask is Set Correctly in /etc/profile - Replace Existing umask Value in Files From /etc/profile.d] ***
skipping: [localhost]

TASK [/stigforge/roles/ubuntu22_cis : Ensure the Default Umask is Set Correctly in /etc/profile - Ensure umask Is Set in /etc/profile if Not Already Set Elsewhere] ***
changed: [localhost]

TASK [/stigforge/roles/ubuntu22_cis : Ensure the Default Umask is Set Correctly in /etc/profile - Ensure umask Value For All Existing umask Definition in /etc/profile] ***
ok: [localhost]

TASK [/stigforge/roles/ubuntu22_cis : Set the file_owner_grub2_cfg_newown variable if represented by uid] ***
skipping: [localhost]

TASK [/stigforge/roles/ubuntu22_cis : Test for existence /boot/grub/grub.cfg] ***
skipping: [localhost]

TASK [/stigforge/roles/ubuntu22_cis : Ensure owner on /boot/grub/grub.cfg] *****
skipping: [localhost]

TASK [/stigforge/roles/ubuntu22_cis : Test for existence /boot/grub/grub.cfg] ***
skipping: [localhost]

TASK [/stigforge/roles/ubuntu22_cis : Ensure permission u-xs,g-xwrs,o-xwrt on /boot/grub/grub.cfg] ***
skipping: [localhost]

TASK [/stigforge/roles/ubuntu22_cis : Ensure journald is configured to compress large log files - Search for a section in files] ***
skipping: [localhost] => (item={'path': '/etc/systemd', 'pattern': 'journald\\.conf'}) 
skipping: [localhost] => (item={'path': '/etc/systemd/journald.conf.d', 'pattern': '.*\\.conf'}) 
skipping: [localhost]

TASK [/stigforge/roles/ubuntu22_cis : Ensure journald is configured to compress large log files - Count number of files which contain the correct section] ***
skipping: [localhost]

TASK [/stigforge/roles/ubuntu22_cis : Ensure journald is configured to compress large log files - Add missing configuration to correct section] ***
skipping: [localhost]

TASK [/stigforge/roles/ubuntu22_cis : Ensure journald is configured to compress large log files - Add configuration to new remediation file] ***
skipping: [localhost]

TASK [/stigforge/roles/ubuntu22_cis : Ensure journald ForwardToSyslog is disabled - Search for a section in files] ***
skipping: [localhost] => (item={'path': '/etc/systemd', 'pattern': 'journald\\.conf'}) 
skipping: [localhost] => (item={'path': '/etc/systemd/journald.conf.d', 'pattern': '.*\\.conf'}) 
skipping: [localhost]

TASK [/stigforge/roles/ubuntu22_cis : Ensure journald ForwardToSyslog is disabled - Count number of files which contain the correct section] ***
skipping: [localhost]

TASK [/stigforge/roles/ubuntu22_cis : Ensure journald ForwardToSyslog is disabled - Add missing configuration to correct section] ***
skipping: [localhost]

TASK [/stigforge/roles/ubuntu22_cis : Ensure journald ForwardToSyslog is disabled - Add configuration to new remediation file] ***
skipping: [localhost]

TASK [/stigforge/roles/ubuntu22_cis : Ensure journald is configured to write log files to persistent disk - Search for a section in files] ***
skipping: [localhost] => (item={'path': '/etc/systemd', 'pattern': 'journald\\.conf'}) 
skipping: [localhost] => (item={'path': '/etc/systemd/journald.conf.d', 'pattern': '.*\\.conf'}) 
skipping: [localhost]

TASK [/stigforge/roles/ubuntu22_cis : Ensure journald is configured to write log files to persistent disk - Count number of files which contain the correct section] ***
skipping: [localhost]

TASK [/stigforge/roles/ubuntu22_cis : Ensure journald is configured to write log files to persistent disk - Add missing configuration to correct section] ***
skipping: [localhost]

TASK [/stigforge/roles/ubuntu22_cis : Ensure journald is configured to write log files to persistent disk - Add configuration to new remediation file] ***
skipping: [localhost]

TASK [/stigforge/roles/ubuntu22_cis : Disable systemd-journal-remote Socket - Collect systemd Socket Units Present in the System] ***
skipping: [localhost]

TASK [/stigforge/roles/ubuntu22_cis : Disable systemd-journal-remote Socket - Ensure systemd-journal-remote.socket is Masked] ***
skipping: [localhost]

TASK [/stigforge/roles/ubuntu22_cis : Check if IPv6 is enabled] ****************
skipping: [localhost]

TASK [/stigforge/roles/ubuntu22_cis : Allow incoming traffic on the loopback interface] ***
skipping: [localhost]

TASK [/stigforge/roles/ubuntu22_cis : Allow outgoing traffic on the loopback interface] ***
skipping: [localhost]

TASK [/stigforge/roles/ubuntu22_cis : Drop incoming traffic from the localhost] ***
skipping: [localhost]

TASK [/stigforge/roles/ubuntu22_cis : Allow incoming traffic on the loopback interface] ***
skipping: [localhost]

TASK [/stigforge/roles/ubuntu22_cis : Allow outgoing traffic on the loopback interface] ***
skipping: [localhost]

TASK [/stigforge/roles/ubuntu22_cis : Drop incoming traffic from the localhost] ***
skipping: [localhost]

TASK [/stigforge/roles/ubuntu22_cis : Configure Accepting Router Advertisements on All IPv6 Interfaces - Set fact for sysctl paths] ***
skipping: [localhost]

TASK [/stigforge/roles/ubuntu22_cis : Configure Accepting Router Advertisements on All IPv6 Interfaces - Find all files that contain net.ipv6.conf.all.accept_ra] ***
skipping: [localhost]

TASK [/stigforge/roles/ubuntu22_cis : Configure Accepting Router Advertisements on All IPv6 Interfaces - Find all files that set net.ipv6.conf.all.accept_ra to correct value] ***
skipping: [localhost]

TASK [/stigforge/roles/ubuntu22_cis : Configure Accepting Router Advertisements on All IPv6 Interfaces - Comment out any occurrences of net.ipv6.conf.all.accept_ra from config files] ***
skipping: [localhost]

TASK [/stigforge/roles/ubuntu22_cis : Configure Accepting Router Advertisements on All IPv6 Interfaces - Comment out any occurrences of net.ipv6.conf.all.accept_ra from /etc/ufw/sysctl.conf] ***
skipping: [localhost]

TASK [/stigforge/roles/ubuntu22_cis : Configure Accepting Router Advertisements on All IPv6 Interfaces - Ensure sysctl net.ipv6.conf.all.accept_ra is set] ***
skipping: [localhost]

TASK [/stigforge/roles/ubuntu22_cis : Disable Accepting ICMP Redirects for All IPv6 Interfaces - Set fact for sysctl paths] ***
skipping: [localhost]

TASK [/stigforge/roles/ubuntu22_cis : Disable Accepting ICMP Redirects for All IPv6 Interfaces - Find all files that contain net.ipv6.conf.all.accept_redirects] ***
skipping: [localhost]

TASK [/stigforge/roles/ubuntu22_cis : Disable Accepting ICMP Redirects for All IPv6 Interfaces - Find all files that set net.ipv6.conf.all.accept_redirects to correct value] ***
skipping: [localhost]

TASK [/stigforge/roles/ubuntu22_cis : Disable Accepting ICMP Redirects for All IPv6 Interfaces - Comment out any occurrences of net.ipv6.conf.all.accept_redirects from config files] ***
skipping: [localhost]

TASK [/stigforge/roles/ubuntu22_cis : Disable Accepting ICMP Redirects for All IPv6 Interfaces - Comment out any occurrences of net.ipv6.conf.all.accept_redirects from /etc/ufw/sysctl.conf] ***
skipping: [localhost]

TASK [/stigforge/roles/ubuntu22_cis : Disable Accepting ICMP Redirects for All IPv6 Interfaces - Ensure sysctl net.ipv6.conf.all.accept_redirects is set] ***
skipping: [localhost]

TASK [/stigforge/roles/ubuntu22_cis : Disable Kernel Parameter for Accepting Source-Routed Packets on all IPv6 Interfaces - Set fact for sysctl paths] ***
skipping: [localhost]

TASK [/stigforge/roles/ubuntu22_cis : Disable Kernel Parameter for Accepting Source-Routed Packets on all IPv6 Interfaces - Find all files that contain net.ipv6.conf.all.accept_source_route] ***
skipping: [localhost]

TASK [/stigforge/roles/ubuntu22_cis : Disable Kernel Parameter for Accepting Source-Routed Packets on all IPv6 Interfaces - Find all files that set net.ipv6.conf.all.accept_source_route to correct value] ***
skipping: [localhost]

TASK [/stigforge/roles/ubuntu22_cis : Disable Kernel Parameter for Accepting Source-Routed Packets on all IPv6 Interfaces - Comment out any occurrences of net.ipv6.conf.all.accept_source_route from config files] ***
skipping: [localhost]

TASK [/stigforge/roles/ubuntu22_cis : Disable Kernel Parameter for Accepting Source-Routed Packets on all IPv6 Interfaces - Comment out any occurrences of net.ipv6.conf.all.accept_source_route from /etc/ufw/sysctl.conf] ***
skipping: [localhost]

TASK [/stigforge/roles/ubuntu22_cis : Disable Kernel Parameter for Accepting Source-Routed Packets on all IPv6 Interfaces - Ensure sysctl net.ipv6.conf.all.accept_source_route is set] ***
skipping: [localhost]

TASK [/stigforge/roles/ubuntu22_cis : Disable Kernel Parameter for IPv6 Forwarding - Set fact for sysctl paths] ***
skipping: [localhost]

TASK [/stigforge/roles/ubuntu22_cis : Disable Kernel Parameter for IPv6 Forwarding - Find all files that contain net.ipv6.conf.all.forwarding] ***
skipping: [localhost]

TASK [/stigforge/roles/ubuntu22_cis : Disable Kernel Parameter for IPv6 Forwarding - Find all files that set net.ipv6.conf.all.forwarding to correct value] ***
skipping: [localhost]

TASK [/stigforge/roles/ubuntu22_cis : Disable Kernel Parameter for IPv6 Forwarding - Comment out any occurrences of net.ipv6.conf.all.forwarding from config files] ***
skipping: [localhost]

TASK [/stigforge/roles/ubuntu22_cis : Disable Kernel Parameter for IPv6 Forwarding - Comment out any occurrences of net.ipv6.conf.all.forwarding from /etc/ufw/sysctl.conf] ***
skipping: [localhost]

TASK [/stigforge/roles/ubuntu22_cis : Disable Kernel Parameter for IPv6 Forwarding - Ensure sysctl net.ipv6.conf.all.forwarding is set] ***
skipping: [localhost]

TASK [/stigforge/roles/ubuntu22_cis : Disable Accepting Router Advertisements on all IPv6 Interfaces by Default - Set fact for sysctl paths] ***
skipping: [localhost]

TASK [/stigforge/roles/ubuntu22_cis : Disable Accepting Router Advertisements on all IPv6 Interfaces by Default - Find all files that contain net.ipv6.conf.default.accept_ra] ***
skipping: [localhost]

TASK [/stigforge/roles/ubuntu22_cis : Disable Accepting Router Advertisements on all IPv6 Interfaces by Default - Find all files that set net.ipv6.conf.default.accept_ra to correct value] ***
skipping: [localhost]

TASK [/stigforge/roles/ubuntu22_cis : Disable Accepting Router Advertisements on all IPv6 Interfaces by Default - Comment out any occurrences of net.ipv6.conf.default.accept_ra from config files] ***
skipping: [localhost]

TASK [/stigforge/roles/ubuntu22_cis : Disable Accepting Router Advertisements on all IPv6 Interfaces by Default - Comment out any occurrences of net.ipv6.conf.default.accept_ra from /etc/ufw/sysctl.conf] ***
skipping: [localhost]

TASK [/stigforge/roles/ubuntu22_cis : Disable Accepting Router Advertisements on all IPv6 Interfaces by Default - Ensure sysctl net.ipv6.conf.default.accept_ra is set] ***
skipping: [localhost]

TASK [/stigforge/roles/ubuntu22_cis : Disable Kernel Parameter for Accepting ICMP Redirects by Default on IPv6 Interfaces - Set fact for sysctl paths] ***
skipping: [localhost]

TASK [/stigforge/roles/ubuntu22_cis : Disable Kernel Parameter for Accepting ICMP Redirects by Default on IPv6 Interfaces - Find all files that contain net.ipv6.conf.default.accept_redirects] ***
skipping: [localhost]

TASK [/stigforge/roles/ubuntu22_cis : Disable Kernel Parameter for Accepting ICMP Redirects by Default on IPv6 Interfaces - Find all files that set net.ipv6.conf.default.accept_redirects to correct value] ***
skipping: [localhost]

TASK [/stigforge/roles/ubuntu22_cis : Disable Kernel Parameter for Accepting ICMP Redirects by Default on IPv6 Interfaces - Comment out any occurrences of net.ipv6.conf.default.accept_redirects from config files] ***
skipping: [localhost]

TASK [/stigforge/roles/ubuntu22_cis : Disable Kernel Parameter for Accepting ICMP Redirects by Default on IPv6 Interfaces - Comment out any occurrences of net.ipv6.conf.default.accept_redirects from /etc/ufw/sysctl.conf] ***
skipping: [localhost]

TASK [/stigforge/roles/ubuntu22_cis : Disable Kernel Parameter for Accepting ICMP Redirects by Default on IPv6 Interfaces - Ensure sysctl net.ipv6.conf.default.accept_redirects is set] ***
skipping: [localhost]

TASK [/stigforge/roles/ubuntu22_cis : Disable Kernel Parameter for Accepting Source-Routed Packets on IPv6 Interfaces by Default - Set fact for sysctl paths] ***
skipping: [localhost]

TASK [/stigforge/roles/ubuntu22_cis : Disable Kernel Parameter for Accepting Source-Routed Packets on IPv6 Interfaces by Default - Find all files that contain net.ipv6.conf.default.accept_source_route] ***
skipping: [localhost]

TASK [/stigforge/roles/ubuntu22_cis : Disable Kernel Parameter for Accepting Source-Routed Packets on IPv6 Interfaces by Default - Find all files that set net.ipv6.conf.default.accept_source_route to correct value] ***
skipping: [localhost]

TASK [/stigforge/roles/ubuntu22_cis : Disable Kernel Parameter for Accepting Source-Routed Packets on IPv6 Interfaces by Default - Comment out any occurrences of net.ipv6.conf.default.accept_source_route from config files] ***
skipping: [localhost]

TASK [/stigforge/roles/ubuntu22_cis : Disable Kernel Parameter for Accepting Source-Routed Packets on IPv6 Interfaces by Default - Comment out any occurrences of net.ipv6.conf.default.accept_source_route from /etc/ufw/sysctl.conf] ***
skipping: [localhost]

TASK [/stigforge/roles/ubuntu22_cis : Disable Kernel Parameter for Accepting Source-Routed Packets on IPv6 Interfaces by Default - Ensure sysctl net.ipv6.conf.default.accept_source_route is set] ***
skipping: [localhost]

TASK [/stigforge/roles/ubuntu22_cis : Disable Accepting ICMP Redirects for All IPv4 Interfaces - Set fact for sysctl paths] ***
skipping: [localhost]

TASK [/stigforge/roles/ubuntu22_cis : Disable Accepting ICMP Redirects for All IPv4 Interfaces - Find all files that contain net.ipv4.conf.all.accept_redirects] ***
skipping: [localhost]

TASK [/stigforge/roles/ubuntu22_cis : Disable Accepting ICMP Redirects for All IPv4 Interfaces - Find all files that set net.ipv4.conf.all.accept_redirects to correct value] ***
skipping: [localhost]

TASK [/stigforge/roles/ubuntu22_cis : Disable Accepting ICMP Redirects for All IPv4 Interfaces - Comment out any occurrences of net.ipv4.conf.all.accept_redirects from config files] ***
skipping: [localhost]

TASK [/stigforge/roles/ubuntu22_cis : Disable Accepting ICMP Redirects for All IPv4 Interfaces - Comment out any occurrences of net.ipv4.conf.all.accept_redirects from /etc/ufw/sysctl.conf] ***
skipping: [localhost]

TASK [/stigforge/roles/ubuntu22_cis : Disable Accepting ICMP Redirects for All IPv4 Interfaces - Ensure sysctl net.ipv4.conf.all.accept_redirects is set] ***
skipping: [localhost]

TASK [/stigforge/roles/ubuntu22_cis : Disable Kernel Parameter for Accepting Source-Routed Packets on all IPv4 Interfaces - Set fact for sysctl paths] ***
skipping: [localhost]

TASK [/stigforge/roles/ubuntu22_cis : Disable Kernel Parameter for Accepting Source-Routed Packets on all IPv4 Interfaces - Find all files that contain net.ipv4.conf.all.accept_source_route] ***
skipping: [localhost]

TASK [/stigforge/roles/ubuntu22_cis : Disable Kernel Parameter for Accepting Source-Routed Packets on all IPv4 Interfaces - Find all files that set net.ipv4.conf.all.accept_source_route to correct value] ***
skipping: [localhost]

TASK [/stigforge/roles/ubuntu22_cis : Disable Kernel Parameter for Accepting Source-Routed Packets on all IPv4 Interfaces - Comment out any occurrences of net.ipv4.conf.all.accept_source_route from config files] ***
skipping: [localhost]

TASK [/stigforge/roles/ubuntu22_cis : Disable Kernel Parameter for Accepting Source-Routed Packets on all IPv4 Interfaces - Comment out any occurrences of net.ipv4.conf.all.accept_source_route from /etc/ufw/sysctl.conf] ***
skipping: [localhost]

TASK [/stigforge/roles/ubuntu22_cis : Disable Kernel Parameter for Accepting Source-Routed Packets on all IPv4 Interfaces - Ensure sysctl net.ipv4.conf.all.accept_source_route is set] ***
skipping: [localhost]

TASK [/stigforge/roles/ubuntu22_cis : Enable Kernel Parameter to Log Martian Packets on all IPv4 Interfaces - Set fact for sysctl paths] ***
skipping: [localhost]

TASK [/stigforge/roles/ubuntu22_cis : Enable Kernel Parameter to Log Martian Packets on all IPv4 Interfaces - Find all files that contain net.ipv4.conf.all.log_martians] ***
skipping: [localhost]

TASK [/stigforge/roles/ubuntu22_cis : Enable Kernel Parameter to Log Martian Packets on all IPv4 Interfaces - Find all files that set net.ipv4.conf.all.log_martians to correct value] ***
skipping: [localhost]

TASK [/stigforge/roles/ubuntu22_cis : Enable Kernel Parameter to Log Martian Packets on all IPv4 Interfaces - Comment out any occurrences of net.ipv4.conf.all.log_martians from config files] ***
skipping: [localhost]

TASK [/stigforge/roles/ubuntu22_cis : Enable Kernel Parameter to Log Martian Packets on all IPv4 Interfaces - Comment out any occurrences of net.ipv4.conf.all.log_martians from /etc/ufw/sysctl.conf] ***
skipping: [localhost]

TASK [/stigforge/roles/ubuntu22_cis : Enable Kernel Parameter to Log Martian Packets on all IPv4 Interfaces - Ensure sysctl net.ipv4.conf.all.log_martians is set] ***
skipping: [localhost]

TASK [/stigforge/roles/ubuntu22_cis : Enable Kernel Parameter to Use Reverse Path Filtering on all IPv4 Interfaces - Set fact for sysctl paths] ***
skipping: [localhost]

TASK [/stigforge/roles/ubuntu22_cis : Enable Kernel Parameter to Use Reverse Path Filtering on all IPv4 Interfaces - Find all files that contain net.ipv4.conf.all.rp_filter] ***
skipping: [localhost]

TASK [/stigforge/roles/ubuntu22_cis : Enable Kernel Parameter to Use Reverse Path Filtering on all IPv4 Interfaces - Find all files that set net.ipv4.conf.all.rp_filter to correct value] ***
skipping: [localhost]

TASK [/stigforge/roles/ubuntu22_cis : Enable Kernel Parameter to Use Reverse Path Filtering on all IPv4 Interfaces - Comment out any occurrences of net.ipv4.conf.all.rp_filter from config files] ***
skipping: [localhost]

TASK [/stigforge/roles/ubuntu22_cis : Enable Kernel Parameter to Use Reverse Path Filtering on all IPv4 Interfaces - Comment out any occurrences of net.ipv4.conf.all.rp_filter from /etc/ufw/sysctl.conf] ***
skipping: [localhost]

TASK [/stigforge/roles/ubuntu22_cis : Enable Kernel Parameter to Use Reverse Path Filtering on all IPv4 Interfaces - Ensure sysctl net.ipv4.conf.all.rp_filter is set] ***
skipping: [localhost]

TASK [/stigforge/roles/ubuntu22_cis : Disable Kernel Parameter for Accepting Secure ICMP Redirects on all IPv4 Interfaces - Set fact for sysctl paths] ***
skipping: [localhost]

TASK [/stigforge/roles/ubuntu22_cis : Disable Kernel Parameter for Accepting Secure ICMP Redirects on all IPv4 Interfaces - Find all files that contain net.ipv4.conf.all.secure_redirects] ***
skipping: [localhost]

TASK [/stigforge/roles/ubuntu22_cis : Disable Kernel Parameter for Accepting Secure ICMP Redirects on all IPv4 Interfaces - Find all files that set net.ipv4.conf.all.secure_redirects to correct value] ***
skipping: [localhost]

TASK [/stigforge/roles/ubuntu22_cis : Disable Kernel Parameter for Accepting Secure ICMP Redirects on all IPv4 Interfaces - Comment out any occurrences of net.ipv4.conf.all.secure_redirects from config files] ***
skipping: [localhost]

TASK [/stigforge/roles/ubuntu22_cis : Disable Kernel Parameter for Accepting Secure ICMP Redirects on all IPv4 Interfaces - Comment out any occurrences of net.ipv4.conf.all.secure_redirects from /etc/ufw/sysctl.conf] ***
skipping: [localhost]

TASK [/stigforge/roles/ubuntu22_cis : Disable Kernel Parameter for Accepting Secure ICMP Redirects on all IPv4 Interfaces - Ensure sysctl net.ipv4.conf.all.secure_redirects is set] ***
skipping: [localhost]

TASK [/stigforge/roles/ubuntu22_cis : Disable Kernel Parameter for Accepting ICMP Redirects by Default on IPv4 Interfaces - Set fact for sysctl paths] ***
skipping: [localhost]

TASK [/stigforge/roles/ubuntu22_cis : Disable Kernel Parameter for Accepting ICMP Redirects by Default on IPv4 Interfaces - Find all files that contain net.ipv4.conf.default.accept_redirects] ***
skipping: [localhost]

TASK [/stigforge/roles/ubuntu22_cis : Disable Kernel Parameter for Accepting ICMP Redirects by Default on IPv4 Interfaces - Find all files that set net.ipv4.conf.default.accept_redirects to correct value] ***
skipping: [localhost]

TASK [/stigforge/roles/ubuntu22_cis : Disable Kernel Parameter for Accepting ICMP Redirects by Default on IPv4 Interfaces - Comment out any occurrences of net.ipv4.conf.default.accept_redirects from config files] ***
skipping: [localhost]

TASK [/stigforge/roles/ubuntu22_cis : Disable Kernel Parameter for Accepting ICMP Redirects by Default on IPv4 Interfaces - Comment out any occurrences of net.ipv4.conf.default.accept_redirects from /etc/ufw/sysctl.conf] ***
skipping: [localhost]

TASK [/stigforge/roles/ubuntu22_cis : Disable Kernel Parameter for Accepting ICMP Redirects by Default on IPv4 Interfaces - Ensure sysctl net.ipv4.conf.default.accept_redirects is set] ***
skipping: [localhost]

TASK [/stigforge/roles/ubuntu22_cis : Disable Kernel Parameter for Accepting Source-Routed Packets on IPv4 Interfaces by Default - Set fact for sysctl paths] ***
skipping: [localhost]

TASK [/stigforge/roles/ubuntu22_cis : Disable Kernel Parameter for Accepting Source-Routed Packets on IPv4 Interfaces by Default - Find all files that contain net.ipv4.conf.default.accept_source_route] ***
skipping: [localhost]

TASK [/stigforge/roles/ubuntu22_cis : Disable Kernel Parameter for Accepting Source-Routed Packets on IPv4 Interfaces by Default - Find all files that set net.ipv4.conf.default.accept_source_route to correct value] ***
skipping: [localhost]

TASK [/stigforge/roles/ubuntu22_cis : Disable Kernel Parameter for Accepting Source-Routed Packets on IPv4 Interfaces by Default - Comment out any occurrences of net.ipv4.conf.default.accept_source_route from config files] ***
skipping: [localhost]

TASK [/stigforge/roles/ubuntu22_cis : Disable Kernel Parameter for Accepting Source-Routed Packets on IPv4 Interfaces by Default - Comment out any occurrences of net.ipv4.conf.default.accept_source_route from /etc/ufw/sysctl.conf] ***
skipping: [localhost]

TASK [/stigforge/roles/ubuntu22_cis : Disable Kernel Parameter for Accepting Source-Routed Packets on IPv4 Interfaces by Default - Ensure sysctl net.ipv4.conf.default.accept_source_route is set] ***
skipping: [localhost]

TASK [/stigforge/roles/ubuntu22_cis : Enable Kernel Parameter to Log Martian Packets on all IPv4 Interfaces by Default - Set fact for sysctl paths] ***
skipping: [localhost]

TASK [/stigforge/roles/ubuntu22_cis : Enable Kernel Parameter to Log Martian Packets on all IPv4 Interfaces by Default - Find all files that contain net.ipv4.conf.default.log_martians] ***
skipping: [localhost]

TASK [/stigforge/roles/ubuntu22_cis : Enable Kernel Parameter to Log Martian Packets on all IPv4 Interfaces by Default - Find all files that set net.ipv4.conf.default.log_martians to correct value] ***
skipping: [localhost]

TASK [/stigforge/roles/ubuntu22_cis : Enable Kernel Parameter to Log Martian Packets on all IPv4 Interfaces by Default - Comment out any occurrences of net.ipv4.conf.default.log_martians from config files] ***
skipping: [localhost]

TASK [/stigforge/roles/ubuntu22_cis : Enable Kernel Parameter to Log Martian Packets on all IPv4 Interfaces by Default - Comment out any occurrences of net.ipv4.conf.default.log_martians from /etc/ufw/sysctl.conf] ***
skipping: [localhost]

TASK [/stigforge/roles/ubuntu22_cis : Enable Kernel Parameter to Log Martian Packets on all IPv4 Interfaces by Default - Ensure sysctl net.ipv4.conf.default.log_martians is set] ***
skipping: [localhost]

TASK [/stigforge/roles/ubuntu22_cis : Enable Kernel Parameter to Use Reverse Path Filtering on all IPv4 Interfaces by Default - Set fact for sysctl paths] ***
skipping: [localhost]

TASK [/stigforge/roles/ubuntu22_cis : Enable Kernel Parameter to Use Reverse Path Filtering on all IPv4 Interfaces by Default - Find all files that contain net.ipv4.conf.default.rp_filter] ***
skipping: [localhost]

TASK [/stigforge/roles/ubuntu22_cis : Enable Kernel Parameter to Use Reverse Path Filtering on all IPv4 Interfaces by Default - Find all files that set net.ipv4.conf.default.rp_filter to correct value] ***
skipping: [localhost]

TASK [/stigforge/roles/ubuntu22_cis : Enable Kernel Parameter to Use Reverse Path Filtering on all IPv4 Interfaces by Default - Comment out any occurrences of net.ipv4.conf.default.rp_filter from config files] ***
skipping: [localhost]

TASK [/stigforge/roles/ubuntu22_cis : Enable Kernel Parameter to Use Reverse Path Filtering on all IPv4 Interfaces by Default - Comment out any occurrences of net.ipv4.conf.default.rp_filter from /etc/ufw/sysctl.conf] ***
skipping: [localhost]

TASK [/stigforge/roles/ubuntu22_cis : Enable Kernel Parameter to Use Reverse Path Filtering on all IPv4 Interfaces by Default - Ensure sysctl net.ipv4.conf.default.rp_filter is set] ***
skipping: [localhost]

TASK [/stigforge/roles/ubuntu22_cis : Configure Kernel Parameter for Accepting Secure Redirects By Default - Set fact for sysctl paths] ***
skipping: [localhost]

TASK [/stigforge/roles/ubuntu22_cis : Configure Kernel Parameter for Accepting Secure Redirects By Default - Find all files that contain net.ipv4.conf.default.secure_redirects] ***
skipping: [localhost]

TASK [/stigforge/roles/ubuntu22_cis : Configure Kernel Parameter for Accepting Secure Redirects By Default - Find all files that set net.ipv4.conf.default.secure_redirects to correct value] ***
skipping: [localhost]

TASK [/stigforge/roles/ubuntu22_cis : Configure Kernel Parameter for Accepting Secure Redirects By Default - Comment out any occurrences of net.ipv4.conf.default.secure_redirects from config files] ***
skipping: [localhost]

TASK [/stigforge/roles/ubuntu22_cis : Configure Kernel Parameter for Accepting Secure Redirects By Default - Comment out any occurrences of net.ipv4.conf.default.secure_redirects from /etc/ufw/sysctl.conf] ***
skipping: [localhost]

TASK [/stigforge/roles/ubuntu22_cis : Configure Kernel Parameter for Accepting Secure Redirects By Default - Ensure sysctl net.ipv4.conf.default.secure_redirects is set] ***
skipping: [localhost]

TASK [/stigforge/roles/ubuntu22_cis : Enable Kernel Parameter to Ignore ICMP Broadcast Echo Requests on IPv4 Interfaces - Set fact for sysctl paths] ***
skipping: [localhost]

TASK [/stigforge/roles/ubuntu22_cis : Enable Kernel Parameter to Ignore ICMP Broadcast Echo Requests on IPv4 Interfaces - Find all files that contain net.ipv4.icmp_echo_ignore_broadcasts] ***
skipping: [localhost]

TASK [/stigforge/roles/ubuntu22_cis : Enable Kernel Parameter to Ignore ICMP Broadcast Echo Requests on IPv4 Interfaces - Find all files that set net.ipv4.icmp_echo_ignore_broadcasts to correct value] ***
skipping: [localhost]

TASK [/stigforge/roles/ubuntu22_cis : Enable Kernel Parameter to Ignore ICMP Broadcast Echo Requests on IPv4 Interfaces - Comment out any occurrences of net.ipv4.icmp_echo_ignore_broadcasts from config files] ***
skipping: [localhost]

TASK [/stigforge/roles/ubuntu22_cis : Enable Kernel Parameter to Ignore ICMP Broadcast Echo Requests on IPv4 Interfaces - Comment out any occurrences of net.ipv4.icmp_echo_ignore_broadcasts from /etc/ufw/sysctl.conf] ***
skipping: [localhost]

TASK [/stigforge/roles/ubuntu22_cis : Enable Kernel Parameter to Ignore ICMP Broadcast Echo Requests on IPv4 Interfaces - Ensure sysctl net.ipv4.icmp_echo_ignore_broadcasts is set] ***
skipping: [localhost]

TASK [/stigforge/roles/ubuntu22_cis : Enable Kernel Parameter to Ignore Bogus ICMP Error Responses on IPv4 Interfaces - Set fact for sysctl paths] ***
skipping: [localhost]

TASK [/stigforge/roles/ubuntu22_cis : Enable Kernel Parameter to Ignore Bogus ICMP Error Responses on IPv4 Interfaces - Find all files that contain net.ipv4.icmp_ignore_bogus_error_responses] ***
skipping: [localhost]

TASK [/stigforge/roles/ubuntu22_cis : Enable Kernel Parameter to Ignore Bogus ICMP Error Responses on IPv4 Interfaces - Find all files that set net.ipv4.icmp_ignore_bogus_error_responses to correct value] ***
skipping: [localhost]

TASK [/stigforge/roles/ubuntu22_cis : Enable Kernel Parameter to Ignore Bogus ICMP Error Responses on IPv4 Interfaces - Comment out any occurrences of net.ipv4.icmp_ignore_bogus_error_responses from config files] ***
skipping: [localhost]

TASK [/stigforge/roles/ubuntu22_cis : Enable Kernel Parameter to Ignore Bogus ICMP Error Responses on IPv4 Interfaces - Comment out any occurrences of net.ipv4.icmp_ignore_bogus_error_responses from /etc/ufw/sysctl.conf] ***
skipping: [localhost]

TASK [/stigforge/roles/ubuntu22_cis : Enable Kernel Parameter to Ignore Bogus ICMP Error Responses on IPv4 Interfaces - Ensure sysctl net.ipv4.icmp_ignore_bogus_error_responses is set] ***
skipping: [localhost]

TASK [/stigforge/roles/ubuntu22_cis : Enable Kernel Parameter to Use TCP Syncookies on Network Interfaces - Set fact for sysctl paths] ***
skipping: [localhost]

TASK [/stigforge/roles/ubuntu22_cis : Enable Kernel Parameter to Use TCP Syncookies on Network Interfaces - Find all files that contain net.ipv4.tcp_syncookies] ***
skipping: [localhost]

TASK [/stigforge/roles/ubuntu22_cis : Enable Kernel Parameter to Use TCP Syncookies on Network Interfaces - Find all files that set net.ipv4.tcp_syncookies to correct value] ***
skipping: [localhost]

TASK [/stigforge/roles/ubuntu22_cis : Enable Kernel Parameter to Use TCP Syncookies on Network Interfaces - Comment out any occurrences of net.ipv4.tcp_syncookies from config files] ***
skipping: [localhost]

TASK [/stigforge/roles/ubuntu22_cis : Enable Kernel Parameter to Use TCP Syncookies on Network Interfaces - Comment out any occurrences of net.ipv4.tcp_syncookies from /etc/ufw/sysctl.conf] ***
skipping: [localhost]

TASK [/stigforge/roles/ubuntu22_cis : Enable Kernel Parameter to Use TCP Syncookies on Network Interfaces - Ensure sysctl net.ipv4.tcp_syncookies is set] ***
skipping: [localhost]

TASK [/stigforge/roles/ubuntu22_cis : Disable Kernel Parameter for Sending ICMP Redirects on all IPv4 Interfaces - Set fact for sysctl paths] ***
skipping: [localhost]

TASK [/stigforge/roles/ubuntu22_cis : Disable Kernel Parameter for Sending ICMP Redirects on all IPv4 Interfaces - Find all files that contain net.ipv4.conf.all.send_redirects] ***
skipping: [localhost]

TASK [/stigforge/roles/ubuntu22_cis : Disable Kernel Parameter for Sending ICMP Redirects on all IPv4 Interfaces - Find all files that set net.ipv4.conf.all.send_redirects to correct value] ***
skipping: [localhost]

TASK [/stigforge/roles/ubuntu22_cis : Disable Kernel Parameter for Sending ICMP Redirects on all IPv4 Interfaces - Comment out any occurrences of net.ipv4.conf.all.send_redirects from config files] ***
skipping: [localhost]

TASK [/stigforge/roles/ubuntu22_cis : Disable Kernel Parameter for Sending ICMP Redirects on all IPv4 Interfaces - Comment out any occurrences of net.ipv4.conf.all.send_redirects from /etc/ufw/sysctl.conf] ***
skipping: [localhost]

TASK [/stigforge/roles/ubuntu22_cis : Disable Kernel Parameter for Sending ICMP Redirects on all IPv4 Interfaces - Ensure sysctl net.ipv4.conf.all.send_redirects is set to 0] ***
skipping: [localhost]

TASK [/stigforge/roles/ubuntu22_cis : Disable Kernel Parameter for Sending ICMP Redirects on all IPv4 Interfaces by Default - Set fact for sysctl paths] ***
skipping: [localhost]

TASK [/stigforge/roles/ubuntu22_cis : Disable Kernel Parameter for Sending ICMP Redirects on all IPv4 Interfaces by Default - Find all files that contain net.ipv4.conf.default.send_redirects] ***
skipping: [localhost]

TASK [/stigforge/roles/ubuntu22_cis : Disable Kernel Parameter for Sending ICMP Redirects on all IPv4 Interfaces by Default - Find all files that set net.ipv4.conf.default.send_redirects to correct value] ***
skipping: [localhost]

TASK [/stigforge/roles/ubuntu22_cis : Disable Kernel Parameter for Sending ICMP Redirects on all IPv4 Interfaces by Default - Comment out any occurrences of net.ipv4.conf.default.send_redirects from config files] ***
skipping: [localhost]

TASK [/stigforge/roles/ubuntu22_cis : Disable Kernel Parameter for Sending ICMP Redirects on all IPv4 Interfaces by Default - Comment out any occurrences of net.ipv4.conf.default.send_redirects from /etc/ufw/sysctl.conf] ***
skipping: [localhost]

TASK [/stigforge/roles/ubuntu22_cis : Disable Kernel Parameter for Sending ICMP Redirects on all IPv4 Interfaces by Default - Ensure sysctl net.ipv4.conf.default.send_redirects is set to 0] ***
skipping: [localhost]

TASK [/stigforge/roles/ubuntu22_cis : Disable Kernel Parameter for IP Forwarding on IPv4 Interfaces - Set fact for sysctl paths] ***
skipping: [localhost]

TASK [/stigforge/roles/ubuntu22_cis : Disable Kernel Parameter for IP Forwarding on IPv4 Interfaces - Find all files that contain net.ipv4.ip_forward] ***
skipping: [localhost]

TASK [/stigforge/roles/ubuntu22_cis : Disable Kernel Parameter for IP Forwarding on IPv4 Interfaces - Find all files that set net.ipv4.ip_forward to correct value] ***
skipping: [localhost]

TASK [/stigforge/roles/ubuntu22_cis : Disable Kernel Parameter for IP Forwarding on IPv4 Interfaces - Comment out any occurrences of net.ipv4.ip_forward from config files] ***
skipping: [localhost]

TASK [/stigforge/roles/ubuntu22_cis : Disable Kernel Parameter for IP Forwarding on IPv4 Interfaces - Comment out any occurrences of net.ipv4.ip_forward from /etc/ufw/sysctl.conf] ***
skipping: [localhost]

TASK [/stigforge/roles/ubuntu22_cis : Disable Kernel Parameter for IP Forwarding on IPv4 Interfaces - Ensure sysctl net.ipv4.ip_forward is set to 0] ***
skipping: [localhost]

TASK [/stigforge/roles/ubuntu22_cis : Ensure Base Chains Exist for Nftables - Check Existence of Nftables Table] ***
skipping: [localhost]

TASK [/stigforge/roles/ubuntu22_cis : Ensure Base Chains Exist for Nftables - Set NFTables Table] ***
skipping: [localhost]

TASK [/stigforge/roles/ubuntu22_cis : Ensure Base Chains Exist for Nftables - Add Base Chains] ***
skipping: [localhost] => (item=['input', 'filter', 'input', '0', 'accept']) 
skipping: [localhost] => (item=['forward', 'filter', 'forward', '0', 'accept']) 
skipping: [localhost] => (item=['output', 'filter', 'output', '0', 'accept']) 
skipping: [localhost]

TASK [/stigforge/roles/ubuntu22_cis : Implement Loopback Rules] ****************
skipping: [localhost]

TASK [/stigforge/roles/ubuntu22_cis : Create Rule to Drop Input IP Address from Loopback] ***
skipping: [localhost]

TASK [/stigforge/roles/ubuntu22_cis : Check if IPv6 is Disabled in grub Configuration] ***
skipping: [localhost]

TASK [/stigforge/roles/ubuntu22_cis : Check sysctl value of net.ipv6.conf.all.disable_ipv6] ***
skipping: [localhost]

TASK [/stigforge/roles/ubuntu22_cis : Check sysctl value of net.ipv6.conf.default.disable_ipv6] ***
skipping: [localhost]

TASK [/stigforge/roles/ubuntu22_cis : Implement IPv6 loopback rules] ***********
skipping: [localhost]

TASK [/stigforge/roles/ubuntu22_cis : Collect Existing Nftables] ***************
skipping: [localhost]

TASK [/stigforge/roles/ubuntu22_cis : Set Nftable Table] ***********************
skipping: [localhost]

TASK [/stigforge/roles/ubuntu22_cis : Enable service ufw] **********************
skipping: [localhost]

TASK [/stigforge/roles/ubuntu22_cis : Find /var/log/ file(s) recursively] ******
ok: [localhost]

TASK [/stigforge/roles/ubuntu22_cis : Set permissions for /var/log/ file(s)] ***
changed: [localhost] => (item=/var/log/bootstrap.log)
changed: [localhost] => (item=/var/log/dpkg.log)
changed: [localhost] => (item=/var/log/alternatives.log)
changed: [localhost] => (item=/var/log/faillog)

TASK [/stigforge/roles/ubuntu22_cis : Set the file_groupowner_backup_etc_group_newgroup variable if represented by gid] ***
ok: [localhost]

TASK [/stigforge/roles/ubuntu22_cis : Test for existence /etc/group-] **********
ok: [localhost]

TASK [/stigforge/roles/ubuntu22_cis : Ensure group owner on /etc/group-] *******
skipping: [localhost]

TASK [/stigforge/roles/ubuntu22_cis : Set the file_groupowner_backup_etc_gshadow_newgroup variable if represented by gid] ***
ok: [localhost]

TASK [/stigforge/roles/ubuntu22_cis : Test for existence /etc/gshadow-] ********
ok: [localhost]

TASK [/stigforge/roles/ubuntu22_cis : Ensure group owner on /etc/gshadow-] *****
skipping: [localhost]

TASK [/stigforge/roles/ubuntu22_cis : Set the file_groupowner_backup_etc_passwd_newgroup variable if represented by gid] ***
ok: [localhost]

TASK [/stigforge/roles/ubuntu22_cis : Test for existence /etc/passwd-] *********
ok: [localhost]

TASK [/stigforge/roles/ubuntu22_cis : Ensure group owner on /etc/passwd-] ******
skipping: [localhost]

TASK [/stigforge/roles/ubuntu22_cis : Set the file_groupowner_backup_etc_shadow_newgroup variable if represented by gid] ***
ok: [localhost]

TASK [/stigforge/roles/ubuntu22_cis : Test for existence /etc/shadow-] *********
ok: [localhost]

TASK [/stigforge/roles/ubuntu22_cis : Ensure group owner on /etc/shadow-] ******
skipping: [localhost]

TASK [/stigforge/roles/ubuntu22_cis : Set the file_groupowner_etc_group_newgroup variable if represented by gid] ***
ok: [localhost]

TASK [/stigforge/roles/ubuntu22_cis : Test for existence /etc/group] ***********
ok: [localhost]

TASK [/stigforge/roles/ubuntu22_cis : Ensure group owner on /etc/group] ********
ok: [localhost]

TASK [/stigforge/roles/ubuntu22_cis : Set the file_groupowner_etc_gshadow_newgroup variable if represented by gid] ***
ok: [localhost]

TASK [/stigforge/roles/ubuntu22_cis : Test for existence /etc/gshadow] *********
ok: [localhost]

TASK [/stigforge/roles/ubuntu22_cis : Ensure group owner on /etc/gshadow] ******
ok: [localhost]

TASK [/stigforge/roles/ubuntu22_cis : Set the file_groupowner_etc_passwd_newgroup variable if represented by gid] ***
ok: [localhost]

TASK [/stigforge/roles/ubuntu22_cis : Test for existence /etc/passwd] **********
ok: [localhost]

TASK [/stigforge/roles/ubuntu22_cis : Ensure group owner on /etc/passwd] *******
ok: [localhost]

TASK [/stigforge/roles/ubuntu22_cis : Set the file_groupowner_etc_security_opasswd_newgroup variable if represented by gid] ***
ok: [localhost]

TASK [/stigforge/roles/ubuntu22_cis : Test for existence /etc/security/opasswd] ***
ok: [localhost]

TASK [/stigforge/roles/ubuntu22_cis : Ensure group owner on /etc/security/opasswd] ***
ok: [localhost]

TASK [/stigforge/roles/ubuntu22_cis : Set the file_groupowner_etc_security_opasswd_old_newgroup variable if represented by gid] ***
ok: [localhost]

TASK [/stigforge/roles/ubuntu22_cis : Test for existence /etc/security/opasswd.old] ***
ok: [localhost]

TASK [/stigforge/roles/ubuntu22_cis : Ensure group owner on /etc/security/opasswd.old] ***
skipping: [localhost]

TASK [/stigforge/roles/ubuntu22_cis : Set the file_groupowner_etc_shadow_newgroup variable if represented by gid] ***
ok: [localhost]

TASK [/stigforge/roles/ubuntu22_cis : Test for existence /etc/shadow] **********
ok: [localhost]

TASK [/stigforge/roles/ubuntu22_cis : Ensure group owner on /etc/shadow] *******
ok: [localhost]

TASK [/stigforge/roles/ubuntu22_cis : Set the file_groupowner_etc_shells_newgroup variable if represented by gid] ***
ok: [localhost]

TASK [/stigforge/roles/ubuntu22_cis : Test for existence /etc/shells] **********
ok: [localhost]

TASK [/stigforge/roles/ubuntu22_cis : Ensure group owner on /etc/shells] *******
ok: [localhost]

TASK [/stigforge/roles/ubuntu22_cis : Set the file_owner_backup_etc_group_newown variable if represented by uid] ***
ok: [localhost]

TASK [/stigforge/roles/ubuntu22_cis : Test for existence /etc/group-] **********
ok: [localhost]

TASK [/stigforge/roles/ubuntu22_cis : Ensure owner on /etc/group-] *************
skipping: [localhost]

TASK [/stigforge/roles/ubuntu22_cis : Set the file_owner_backup_etc_gshadow_newown variable if represented by uid] ***
ok: [localhost]

TASK [/stigforge/roles/ubuntu22_cis : Test for existence /etc/gshadow-] ********
ok: [localhost]

TASK [/stigforge/roles/ubuntu22_cis : Ensure owner on /etc/gshadow-] ***********
skipping: [localhost]

TASK [/stigforge/roles/ubuntu22_cis : Set the file_owner_backup_etc_passwd_newown variable if represented by uid] ***
ok: [localhost]

TASK [/stigforge/roles/ubuntu22_cis : Test for existence /etc/passwd-] *********
ok: [localhost]

TASK [/stigforge/roles/ubuntu22_cis : Ensure owner on /etc/passwd-] ************
skipping: [localhost]

TASK [/stigforge/roles/ubuntu22_cis : Set the file_owner_backup_etc_shadow_newown variable if represented by uid] ***
ok: [localhost]

TASK [/stigforge/roles/ubuntu22_cis : Test for existence /etc/shadow-] *********
ok: [localhost]

TASK [/stigforge/roles/ubuntu22_cis : Ensure owner on /etc/shadow-] ************
skipping: [localhost]

TASK [/stigforge/roles/ubuntu22_cis : Set the file_owner_etc_group_newown variable if represented by uid] ***
ok: [localhost]

TASK [/stigforge/roles/ubuntu22_cis : Test for existence /etc/group] ***********
ok: [localhost]

TASK [/stigforge/roles/ubuntu22_cis : Ensure owner on /etc/group] **************
ok: [localhost]

TASK [/stigforge/roles/ubuntu22_cis : Set the file_owner_etc_gshadow_newown variable if represented by uid] ***
ok: [localhost]

TASK [/stigforge/roles/ubuntu22_cis : Test for existence /etc/gshadow] *********
ok: [localhost]

TASK [/stigforge/roles/ubuntu22_cis : Ensure owner on /etc/gshadow] ************
ok: [localhost]

TASK [/stigforge/roles/ubuntu22_cis : Set the file_owner_etc_passwd_newown variable if represented by uid] ***
ok: [localhost]

TASK [/stigforge/roles/ubuntu22_cis : Test for existence /etc/passwd] **********
ok: [localhost]

TASK [/stigforge/roles/ubuntu22_cis : Ensure owner on /etc/passwd] *************
ok: [localhost]

TASK [/stigforge/roles/ubuntu22_cis : Set the file_owner_etc_security_opasswd_newown variable if represented by uid] ***
ok: [localhost]

TASK [/stigforge/roles/ubuntu22_cis : Test for existence /etc/security/opasswd] ***
ok: [localhost]

TASK [/stigforge/roles/ubuntu22_cis : Ensure owner on /etc/security/opasswd] ***
ok: [localhost]

TASK [/stigforge/roles/ubuntu22_cis : Set the file_owner_etc_security_opasswd_old_newown variable if represented by uid] ***
ok: [localhost]

TASK [/stigforge/roles/ubuntu22_cis : Test for existence /etc/security/opasswd.old] ***
ok: [localhost]

TASK [/stigforge/roles/ubuntu22_cis : Ensure owner on /etc/security/opasswd.old] ***
skipping: [localhost]

TASK [/stigforge/roles/ubuntu22_cis : Set the file_owner_etc_shadow_newown variable if represented by uid] ***
ok: [localhost]

TASK [/stigforge/roles/ubuntu22_cis : Test for existence /etc/shadow] **********
ok: [localhost]

TASK [/stigforge/roles/ubuntu22_cis : Ensure owner on /etc/shadow] *************
ok: [localhost]

TASK [/stigforge/roles/ubuntu22_cis : Set the file_owner_etc_shells_newown variable if represented by uid] ***
ok: [localhost]

TASK [/stigforge/roles/ubuntu22_cis : Test for existence /etc/shells] **********
ok: [localhost]

TASK [/stigforge/roles/ubuntu22_cis : Ensure owner on /etc/shells] *************
ok: [localhost]

TASK [/stigforge/roles/ubuntu22_cis : Test for existence /etc/group-] **********
ok: [localhost]

TASK [/stigforge/roles/ubuntu22_cis : Ensure permission u-xs,g-xws,o-xwt on /etc/group-] ***
skipping: [localhost]

TASK [/stigforge/roles/ubuntu22_cis : Test for existence /etc/gshadow-] ********
ok: [localhost]

TASK [/stigforge/roles/ubuntu22_cis : Ensure permission u-xs,g-xws,o-xwrt on /etc/gshadow-] ***
skipping: [localhost]

TASK [/stigforge/roles/ubuntu22_cis : Test for existence /etc/passwd-] *********
ok: [localhost]

TASK [/stigforge/roles/ubuntu22_cis : Ensure permission u-xs,g-xws,o-xwt on /etc/passwd-] ***
skipping: [localhost]

TASK [/stigforge/roles/ubuntu22_cis : Test for existence /etc/shadow-] *********
ok: [localhost]

TASK [/stigforge/roles/ubuntu22_cis : Ensure permission u-xs,g-xws,o-xwrt on /etc/shadow-] ***
skipping: [localhost]

TASK [/stigforge/roles/ubuntu22_cis : Test for existence /etc/group] ***********
ok: [localhost]

TASK [/stigforge/roles/ubuntu22_cis : Ensure permission u-xs,g-xws,o-xwt on /etc/group] ***
ok: [localhost]

TASK [/stigforge/roles/ubuntu22_cis : Test for existence /etc/gshadow] *********
ok: [localhost]

TASK [/stigforge/roles/ubuntu22_cis : Ensure permission u-xs,g-xws,o-xwrt on /etc/gshadow] ***
ok: [localhost]

TASK [/stigforge/roles/ubuntu22_cis : Test for existence /etc/passwd] **********
ok: [localhost]

TASK [/stigforge/roles/ubuntu22_cis : Ensure permission u-xs,g-xws,o-xwt on /etc/passwd] ***
ok: [localhost]

TASK [/stigforge/roles/ubuntu22_cis : Test for existence /etc/security/opasswd] ***
ok: [localhost]

TASK [/stigforge/roles/ubuntu22_cis : Ensure permission u-xs,g-xwrs,o-xwrt on /etc/security/opasswd] ***
ok: [localhost]

TASK [/stigforge/roles/ubuntu22_cis : Test for existence /etc/security/opasswd.old] ***
ok: [localhost]

TASK [/stigforge/roles/ubuntu22_cis : Ensure permission u-xs,g-xwrs,o-xwrt on /etc/security/opasswd.old] ***
skipping: [localhost]

TASK [/stigforge/roles/ubuntu22_cis : Test for existence /etc/shadow] **********
ok: [localhost]

TASK [/stigforge/roles/ubuntu22_cis : Ensure permission u-xs,g-xws,o-xwrt on /etc/shadow] ***
ok: [localhost]

TASK [/stigforge/roles/ubuntu22_cis : Test for existence /etc/shells] **********
ok: [localhost]

TASK [/stigforge/roles/ubuntu22_cis : Ensure permission u-xs,g-xws,o-xwt on /etc/shells] ***
ok: [localhost]

TASK [/stigforge/roles/ubuntu22_cis : Check that the adm group is defined] *****
ok: [localhost]

TASK [/stigforge/roles/ubuntu22_cis : Set the file_groupowner_var_log_auth_newgroup variable if adm found] ***
ok: [localhost]

TASK [/stigforge/roles/ubuntu22_cis : Check that the root group is defined] ****
skipping: [localhost]

TASK [/stigforge/roles/ubuntu22_cis : Set the file_groupowner_var_log_auth_newgroup variable if root found] ***
skipping: [localhost]

TASK [/stigforge/roles/ubuntu22_cis : Test for existence /var/log/auth.log] ****
ok: [localhost]

TASK [/stigforge/roles/ubuntu22_cis : Ensure group owner on /var/log/auth.log] ***
skipping: [localhost]

TASK [/stigforge/roles/ubuntu22_cis : Check that the adm group is defined] *****
ok: [localhost]

TASK [/stigforge/roles/ubuntu22_cis : Set the file_groupowner_var_log_cloud_init_newgroup variable if adm found] ***
ok: [localhost]

TASK [/stigforge/roles/ubuntu22_cis : Check that the root group is defined] ****
skipping: [localhost]

TASK [/stigforge/roles/ubuntu22_cis : Set the file_groupowner_var_log_cloud_init_newgroup variable if root found] ***
skipping: [localhost]

TASK [/stigforge/roles/ubuntu22_cis : Find /var/log/ file(s) matching .*cloud-init\.log.*] ***
ok: [localhost]

TASK [/stigforge/roles/ubuntu22_cis : Ensure group owner on /var/log/ file(s) matching .*cloud-init\.log.*] ***
skipping: [localhost]

TASK [/stigforge/roles/ubuntu22_cis : Check that the systemd-journal group is defined] ***
fatal: [localhost]: FAILED! => {"changed": false, "msg": "One or more supplied key could not be found in the database."}
...ignoring

TASK [/stigforge/roles/ubuntu22_cis : Set the file_groupowner_var_log_journal_newgroup variable if systemd-journal found] ***
skipping: [localhost]

TASK [/stigforge/roles/ubuntu22_cis : Check that the root group is defined] ****
ok: [localhost]

TASK [/stigforge/roles/ubuntu22_cis : Set the file_groupowner_var_log_journal_newgroup variable if root found] ***
ok: [localhost]

TASK [/stigforge/roles/ubuntu22_cis : Find /var/log/ file(s) matching .*\.journal[~]? recursively] ***
ok: [localhost]

TASK [/stigforge/roles/ubuntu22_cis : Ensure group owner on /var/log/ file(s) matching .*\.journal[~]?] ***
skipping: [localhost]

TASK [/stigforge/roles/ubuntu22_cis : Check that the utmp group is defined] ****
ok: [localhost]

TASK [/stigforge/roles/ubuntu22_cis : Set the file_groupowner_var_log_lastlog_newgroup variable if utmp found] ***
ok: [localhost]

TASK [/stigforge/roles/ubuntu22_cis : Check that the root group is defined] ****
skipping: [localhost]

TASK [/stigforge/roles/ubuntu22_cis : Set the file_groupowner_var_log_lastlog_newgroup variable if root found] ***
skipping: [localhost]

TASK [/stigforge/roles/ubuntu22_cis : Find /var/log/ file(s) matching .*lastlog(\.[^\/]+)?] ***
ok: [localhost]

TASK [/stigforge/roles/ubuntu22_cis : Ensure group owner on /var/log/ file(s) matching .*lastlog(\.[^\/]+)?] ***
skipping: [localhost]

TASK [/stigforge/roles/ubuntu22_cis : Check that the adm group is defined] *****
ok: [localhost]

TASK [/stigforge/roles/ubuntu22_cis : Set the file_groupowner_var_log_localmessages_newgroup variable if adm found] ***
ok: [localhost]

TASK [/stigforge/roles/ubuntu22_cis : Check that the root group is defined] ****
skipping: [localhost]

TASK [/stigforge/roles/ubuntu22_cis : Set the file_groupowner_var_log_localmessages_newgroup variable if root found] ***
skipping: [localhost]

TASK [/stigforge/roles/ubuntu22_cis : Find /var/log/ file(s) matching .*localmessages.*] ***
ok: [localhost]

TASK [/stigforge/roles/ubuntu22_cis : Ensure group owner on /var/log/ file(s) matching .*localmessages.*] ***
skipping: [localhost]

TASK [/stigforge/roles/ubuntu22_cis : Set the file_groupowner_var_log_messages_newgroup variable if represented by gid] ***
ok: [localhost]

TASK [/stigforge/roles/ubuntu22_cis : Test for existence /var/log/messages] ****
ok: [localhost]

TASK [/stigforge/roles/ubuntu22_cis : Ensure group owner on /var/log/messages] ***
skipping: [localhost]

TASK [/stigforge/roles/ubuntu22_cis : Check that the adm group is defined] *****
ok: [localhost]

TASK [/stigforge/roles/ubuntu22_cis : Set the file_groupowner_var_log_secure_newgroup variable if adm found] ***
ok: [localhost]

TASK [/stigforge/roles/ubuntu22_cis : Check that the root group is defined] ****
skipping: [localhost]

TASK [/stigforge/roles/ubuntu22_cis : Set the file_groupowner_var_log_secure_newgroup variable if root found] ***
skipping: [localhost]

TASK [/stigforge/roles/ubuntu22_cis : Find /var/log/ file(s) matching .*secure(.*[-\.].*)?] ***
ok: [localhost]

TASK [/stigforge/roles/ubuntu22_cis : Ensure group owner on /var/log/ file(s) matching .*secure(.*[-\.].*)?] ***
skipping: [localhost]

TASK [/stigforge/roles/ubuntu22_cis : Set the file_groupowner_var_log_syslog_newgroup variable if represented by gid] ***
skipping: [localhost]

TASK [/stigforge/roles/ubuntu22_cis : Test for existence /var/log/syslog] ******
skipping: [localhost]

TASK [/stigforge/roles/ubuntu22_cis : Ensure group owner on /var/log/syslog] ***
skipping: [localhost]

TASK [/stigforge/roles/ubuntu22_cis : Check that the adm group is defined] *****
ok: [localhost]

TASK [/stigforge/roles/ubuntu22_cis : Set the file_groupowner_var_log_waagent_newgroup variable if adm found] ***
ok: [localhost]

TASK [/stigforge/roles/ubuntu22_cis : Check that the root group is defined] ****
skipping: [localhost]

TASK [/stigforge/roles/ubuntu22_cis : Set the file_groupowner_var_log_waagent_newgroup variable if root found] ***
skipping: [localhost]

TASK [/stigforge/roles/ubuntu22_cis : Find /var/log/ file(s) matching .*waagent.log.*] ***
ok: [localhost]

TASK [/stigforge/roles/ubuntu22_cis : Ensure group owner on /var/log/ file(s) matching .*waagent.log.*] ***
skipping: [localhost]

TASK [/stigforge/roles/ubuntu22_cis : Check that the utmp group is defined] ****
ok: [localhost]

TASK [/stigforge/roles/ubuntu22_cis : Set the file_groupowner_var_log_wbtmp_newgroup variable if utmp found] ***
ok: [localhost]

TASK [/stigforge/roles/ubuntu22_cis : Check that the root group is defined] ****
skipping: [localhost]

TASK [/stigforge/roles/ubuntu22_cis : Set the file_groupowner_var_log_wbtmp_newgroup variable if root found] ***
skipping: [localhost]

TASK [/stigforge/roles/ubuntu22_cis : Find /var/log/ file(s) matching .*(b|w)tmp((\.|-)[^\/]+)?] ***
ok: [localhost]

TASK [/stigforge/roles/ubuntu22_cis : Ensure group owner on /var/log/ file(s) matching .*(b|w)tmp((\.|-)[^\/]+)?] ***
skipping: [localhost]

TASK [/stigforge/roles/ubuntu22_cis : Check that the adm group is defined] *****
ok: [localhost]

TASK [/stigforge/roles/ubuntu22_cis : Set the file_groupownerships_var_log_apt_newgroup variable if adm found] ***
ok: [localhost]

TASK [/stigforge/roles/ubuntu22_cis : Check that the root group is defined] ****
skipping: [localhost]

TASK [/stigforge/roles/ubuntu22_cis : Set the file_groupownerships_var_log_apt_newgroup variable if root found] ***
skipping: [localhost]

TASK [/stigforge/roles/ubuntu22_cis : Find /var/log/apt/ file(s) matching .*] ***
ok: [localhost]

TASK [/stigforge/roles/ubuntu22_cis : Ensure group owner on /var/log/apt/ file(s) matching .*] ***
skipping: [localhost]

TASK [/stigforge/roles/ubuntu22_cis : Check that the gdm group is defined] *****
fatal: [localhost]: FAILED! => {"changed": false, "msg": "One or more supplied key could not be found in the database."}
...ignoring

TASK [/stigforge/roles/ubuntu22_cis : Set the file_groupownerships_var_log_gdm_newgroup variable if gdm found] ***
skipping: [localhost]

TASK [/stigforge/roles/ubuntu22_cis : Check that the root group is defined] ****
ok: [localhost]

TASK [/stigforge/roles/ubuntu22_cis : Set the file_groupownerships_var_log_gdm_newgroup variable if root found] ***
ok: [localhost]

TASK [/stigforge/roles/ubuntu22_cis : Find /var/log/gdm/ file(s) matching .* recursively] ***
ok: [localhost]

TASK [/stigforge/roles/ubuntu22_cis : Ensure group owner on /var/log/gdm/ file(s) matching .*] ***
skipping: [localhost]

TASK [/stigforge/roles/ubuntu22_cis : Check that the gdm group is defined] *****
fatal: [localhost]: FAILED! => {"changed": false, "msg": "One or more supplied key could not be found in the database."}
...ignoring

TASK [/stigforge/roles/ubuntu22_cis : Set the file_groupownerships_var_log_gdm3_newgroup variable if gdm found] ***
skipping: [localhost]

TASK [/stigforge/roles/ubuntu22_cis : Check that the gdm3 group is defined] ****
fatal: [localhost]: FAILED! => {"changed": false, "msg": "One or more supplied key could not be found in the database."}
...ignoring

TASK [/stigforge/roles/ubuntu22_cis : Set the file_groupownerships_var_log_gdm3_newgroup variable if gdm3 found] ***
skipping: [localhost]

TASK [/stigforge/roles/ubuntu22_cis : Check that the root group is defined] ****
ok: [localhost]

TASK [/stigforge/roles/ubuntu22_cis : Set the file_groupownerships_var_log_gdm3_newgroup variable if root found] ***
ok: [localhost]

TASK [/stigforge/roles/ubuntu22_cis : Find /var/log/gdm3/ file(s) matching .* recursively] ***
ok: [localhost]

TASK [/stigforge/roles/ubuntu22_cis : Ensure group owner on /var/log/gdm3/ file(s) matching .*] ***
skipping: [localhost]

TASK [/stigforge/roles/ubuntu22_cis : Check that the root group is defined] ****
ok: [localhost]

TASK [/stigforge/roles/ubuntu22_cis : Set the file_groupownerships_var_log_landscape_newgroup variable if root found] ***
ok: [localhost]

TASK [/stigforge/roles/ubuntu22_cis : Check that the landscape group is defined] ***
skipping: [localhost]

TASK [/stigforge/roles/ubuntu22_cis : Set the file_groupownerships_var_log_landscape_newgroup variable if landscape found] ***
skipping: [localhost]

TASK [/stigforge/roles/ubuntu22_cis : Find /var/log/landscape/ file(s) matching ^.*$] ***
ok: [localhost]

TASK [/stigforge/roles/ubuntu22_cis : Ensure group owner on /var/log/landscape/ file(s) matching ^.*$] ***
skipping: [localhost]

TASK [/stigforge/roles/ubuntu22_cis : Check that the sssd group is defined] ****
fatal: [localhost]: FAILED! => {"changed": false, "msg": "One or more supplied key could not be found in the database."}
...ignoring

TASK [/stigforge/roles/ubuntu22_cis : Set the file_groupownerships_var_log_sssd_newgroup variable if sssd found] ***
skipping: [localhost]

TASK [/stigforge/roles/ubuntu22_cis : Check that the root group is defined] ****
ok: [localhost]

TASK [/stigforge/roles/ubuntu22_cis : Set the file_groupownerships_var_log_sssd_newgroup variable if root found] ***
ok: [localhost]

TASK [/stigforge/roles/ubuntu22_cis : Find /var/log/sssd/ file(s) matching .* recursively] ***
ok: [localhost]

TASK [/stigforge/roles/ubuntu22_cis : Ensure group owner on /var/log/sssd/ file(s) matching .*] ***
skipping: [localhost]

TASK [/stigforge/roles/ubuntu22_cis : Check that the syslog user is defined] ***
fatal: [localhost]: FAILED! => {"changed": false, "msg": "One or more supplied key could not be found in the database."}
...ignoring

TASK [/stigforge/roles/ubuntu22_cis : Set the file_owner_var_log_auth_newown variable if syslog found] ***
skipping: [localhost]

TASK [/stigforge/roles/ubuntu22_cis : Check that the root user is defined] *****
ok: [localhost]

TASK [/stigforge/roles/ubuntu22_cis : Set the file_owner_var_log_auth_newown variable if root found] ***
ok: [localhost]

TASK [/stigforge/roles/ubuntu22_cis : Test for existence /var/log/auth.log] ****
ok: [localhost]

TASK [/stigforge/roles/ubuntu22_cis : Ensure owner on /var/log/auth.log] *******
skipping: [localhost]

TASK [/stigforge/roles/ubuntu22_cis : Check that the syslog user is defined] ***
fatal: [localhost]: FAILED! => {"changed": false, "msg": "One or more supplied key could not be found in the database."}
...ignoring

TASK [/stigforge/roles/ubuntu22_cis : Set the file_owner_var_log_cloud_init_newown variable if syslog found] ***
skipping: [localhost]

TASK [/stigforge/roles/ubuntu22_cis : Check that the root user is defined] *****
ok: [localhost]

TASK [/stigforge/roles/ubuntu22_cis : Set the file_owner_var_log_cloud_init_newown variable if root found] ***
ok: [localhost]

TASK [/stigforge/roles/ubuntu22_cis : Find /var/log/ file(s) matching .*cloud-init\.log.*] ***
ok: [localhost]

TASK [/stigforge/roles/ubuntu22_cis : Ensure owner on /var/log/ file(s) matching .*cloud-init\.log.*] ***
skipping: [localhost]

TASK [/stigforge/roles/ubuntu22_cis : Set the file_owner_var_log_journal_newown variable if represented by uid] ***
ok: [localhost]

TASK [/stigforge/roles/ubuntu22_cis : Find /var/log/ file(s) matching .*\.journal(~)?$ recursively] ***
ok: [localhost]

TASK [/stigforge/roles/ubuntu22_cis : Ensure owner on /var/log/ file(s) matching .*\.journal(~)?$] ***
skipping: [localhost]

TASK [/stigforge/roles/ubuntu22_cis : Set the file_owner_var_log_lastlog_newown variable if represented by uid] ***
ok: [localhost]

TASK [/stigforge/roles/ubuntu22_cis : Find /var/log/ file(s) matching .*lastlog(\.[^\/]+)?$] ***
ok: [localhost]

TASK [/stigforge/roles/ubuntu22_cis : Ensure owner on /var/log/ file(s) matching .*lastlog(\.[^\/]+)?$] ***
skipping: [localhost]

TASK [/stigforge/roles/ubuntu22_cis : Check that the syslog user is defined] ***
fatal: [localhost]: FAILED! => {"changed": false, "msg": "One or more supplied key could not be found in the database."}
...ignoring

TASK [/stigforge/roles/ubuntu22_cis : Set the file_owner_var_log_localmessages_newown variable if syslog found] ***
skipping: [localhost]

TASK [/stigforge/roles/ubuntu22_cis : Check that the root user is defined] *****
ok: [localhost]

TASK [/stigforge/roles/ubuntu22_cis : Set the file_owner_var_log_localmessages_newown variable if root found] ***
ok: [localhost]

TASK [/stigforge/roles/ubuntu22_cis : Find /var/log/ file(s) matching .*localmessages.*] ***
ok: [localhost]

TASK [/stigforge/roles/ubuntu22_cis : Ensure owner on /var/log/ file(s) matching .*localmessages.*] ***
skipping: [localhost]

TASK [/stigforge/roles/ubuntu22_cis : Set the file_owner_var_log_messages_newown variable if represented by uid] ***
ok: [localhost]

TASK [/stigforge/roles/ubuntu22_cis : Test for existence /var/log/messages] ****
ok: [localhost]

TASK [/stigforge/roles/ubuntu22_cis : Ensure owner on /var/log/messages] *******
skipping: [localhost]

TASK [/stigforge/roles/ubuntu22_cis : Check that the syslog user is defined] ***
fatal: [localhost]: FAILED! => {"changed": false, "msg": "One or more supplied key could not be found in the database."}
...ignoring

TASK [/stigforge/roles/ubuntu22_cis : Set the file_owner_var_log_secure_newown variable if syslog found] ***
skipping: [localhost]

TASK [/stigforge/roles/ubuntu22_cis : Check that the root user is defined] *****
ok: [localhost]

TASK [/stigforge/roles/ubuntu22_cis : Set the file_owner_var_log_secure_newown variable if root found] ***
ok: [localhost]

TASK [/stigforge/roles/ubuntu22_cis : Find /var/log/ file(s) matching .*secure(.*[-\.].*)?] ***
ok: [localhost]

TASK [/stigforge/roles/ubuntu22_cis : Ensure owner on /var/log/ file(s) matching .*secure(.*[-\.].*)?] ***
skipping: [localhost]

TASK [/stigforge/roles/ubuntu22_cis : Check that the syslog user is defined] ***
skipping: [localhost]

TASK [/stigforge/roles/ubuntu22_cis : Set the file_owner_var_log_syslog_newown variable if syslog found] ***
skipping: [localhost]

TASK [/stigforge/roles/ubuntu22_cis : Test for existence /var/log/syslog] ******
skipping: [localhost]

TASK [/stigforge/roles/ubuntu22_cis : Ensure owner on /var/log/syslog] *********
skipping: [localhost]

TASK [/stigforge/roles/ubuntu22_cis : Check that the syslog user is defined] ***
fatal: [localhost]: FAILED! => {"changed": false, "msg": "One or more supplied key could not be found in the database."}
...ignoring

TASK [/stigforge/roles/ubuntu22_cis : Set the file_owner_var_log_waagent_newown variable if syslog found] ***
skipping: [localhost]

TASK [/stigforge/roles/ubuntu22_cis : Check that the root user is defined] *****
ok: [localhost]

TASK [/stigforge/roles/ubuntu22_cis : Set the file_owner_var_log_waagent_newown variable if root found] ***
ok: [localhost]

TASK [/stigforge/roles/ubuntu22_cis : Find /var/log/ file(s) matching .*waagent.log.*] ***
ok: [localhost]

TASK [/stigforge/roles/ubuntu22_cis : Ensure owner on /var/log/ file(s) matching .*waagent.log.*] ***
skipping: [localhost]

TASK [/stigforge/roles/ubuntu22_cis : Set the file_owner_var_log_wbtmp_newown variable if represented by uid] ***
ok: [localhost]

TASK [/stigforge/roles/ubuntu22_cis : Find /var/log/ file(s) matching .*(b|w)tmp((\.|-)[^\/]+)?$] ***
ok: [localhost]

TASK [/stigforge/roles/ubuntu22_cis : Ensure owner on /var/log/ file(s) matching .*(b|w)tmp((\.|-)[^\/]+)?$] ***
skipping: [localhost]

TASK [/stigforge/roles/ubuntu22_cis : Set the file_ownerships_var_log_apt_newown variable if represented by uid] ***
ok: [localhost]

TASK [/stigforge/roles/ubuntu22_cis : Find /var/log/apt/ file(s) matching ^.*$] ***
ok: [localhost]

TASK [/stigforge/roles/ubuntu22_cis : Ensure owner on /var/log/apt/ file(s) matching ^.*$] ***
skipping: [localhost]

TASK [/stigforge/roles/ubuntu22_cis : Set the file_ownerships_var_log_gdm_newown variable if represented by uid] ***
ok: [localhost]

TASK [/stigforge/roles/ubuntu22_cis : Find /var/log/gdm/ file(s) matching .* recursively] ***
ok: [localhost]

TASK [/stigforge/roles/ubuntu22_cis : Ensure owner on /var/log/gdm/ file(s) matching .*] ***
skipping: [localhost]

TASK [/stigforge/roles/ubuntu22_cis : Set the file_ownerships_var_log_gdm3_newown variable if represented by uid] ***
ok: [localhost]

TASK [/stigforge/roles/ubuntu22_cis : Find /var/log/gdm3/ file(s) matching .* recursively] ***
ok: [localhost]

TASK [/stigforge/roles/ubuntu22_cis : Ensure owner on /var/log/gdm3/ file(s) matching .*] ***
skipping: [localhost]

TASK [/stigforge/roles/ubuntu22_cis : Check that the root user is defined] *****
ok: [localhost]

TASK [/stigforge/roles/ubuntu22_cis : Set the file_ownerships_var_log_landscape_newown variable if root found] ***
ok: [localhost]

TASK [/stigforge/roles/ubuntu22_cis : Check that the landscape user is defined] ***
skipping: [localhost]

TASK [/stigforge/roles/ubuntu22_cis : Set the file_ownerships_var_log_landscape_newown variable if landscape found] ***
skipping: [localhost]

TASK [/stigforge/roles/ubuntu22_cis : Find /var/log/landscape/ file(s) matching ^.*$] ***
ok: [localhost]

TASK [/stigforge/roles/ubuntu22_cis : Ensure owner on /var/log/landscape/ file(s) matching ^.*$] ***
skipping: [localhost]

TASK [/stigforge/roles/ubuntu22_cis : Check that the sssd user is defined] *****
fatal: [localhost]: FAILED! => {"changed": false, "msg": "One or more supplied key could not be found in the database."}
...ignoring

TASK [/stigforge/roles/ubuntu22_cis : Set the file_ownerships_var_log_sssd_newown variable if sssd found] ***
skipping: [localhost]

TASK [/stigforge/roles/ubuntu22_cis : Check that the root user is defined] *****
ok: [localhost]

TASK [/stigforge/roles/ubuntu22_cis : Set the file_ownerships_var_log_sssd_newown variable if root found] ***
ok: [localhost]

TASK [/stigforge/roles/ubuntu22_cis : Find /var/log/sssd/ file(s) matching .* recursively] ***
ok: [localhost]

TASK [/stigforge/roles/ubuntu22_cis : Ensure owner on /var/log/sssd/ file(s) matching .*] ***
skipping: [localhost]

TASK [/stigforge/roles/ubuntu22_cis : Find /var/log/apt/ file(s)] **************
ok: [localhost]

TASK [/stigforge/roles/ubuntu22_cis : Set permissions for /var/log/apt/ file(s)] ***
skipping: [localhost]

TASK [/stigforge/roles/ubuntu22_cis : Test for existence /var/log/auth.log] ****
ok: [localhost]

TASK [/stigforge/roles/ubuntu22_cis : Ensure permission u-xs,g-xws,o-xwrt on /var/log/auth.log] ***
skipping: [localhost]

TASK [/stigforge/roles/ubuntu22_cis : Find /var/log/ file(s)] ******************
ok: [localhost]

TASK [/stigforge/roles/ubuntu22_cis : Set permissions for /var/log/ file(s)] ***
skipping: [localhost]

TASK [/stigforge/roles/ubuntu22_cis : Find /var/log/gdm/ file(s) recursively] ***
ok: [localhost]

TASK [/stigforge/roles/ubuntu22_cis : Set permissions for /var/log/gdm/ file(s)] ***
skipping: [localhost]

TASK [/stigforge/roles/ubuntu22_cis : Find /var/log/gdm3/ file(s) recursively] ***
ok: [localhost]

TASK [/stigforge/roles/ubuntu22_cis : Set permissions for /var/log/gdm3/ file(s)] ***
skipping: [localhost]

TASK [/stigforge/roles/ubuntu22_cis : Find /var/log/ file(s)] ******************
ok: [localhost]

TASK [/stigforge/roles/ubuntu22_cis : Set permissions for /var/log/ file(s)] ***
skipping: [localhost]

TASK [/stigforge/roles/ubuntu22_cis : Find /var/log/ file(s)] ******************
ok: [localhost]

TASK [/stigforge/roles/ubuntu22_cis : Set permissions for /var/log/ file(s)] ***
skipping: [localhost]

TASK [/stigforge/roles/ubuntu22_cis : Test for existence /var/log/messages] ****
ok: [localhost]

TASK [/stigforge/roles/ubuntu22_cis : Ensure permission u-xs,g-xwrs,o-xwrt on /var/log/messages] ***
skipping: [localhost]

TASK [/stigforge/roles/ubuntu22_cis : Test for existence /var/log/secure] ******
ok: [localhost]

TASK [/stigforge/roles/ubuntu22_cis : Ensure permission u-xs,g-xws,o-xwrt on /var/log/secure] ***
skipping: [localhost]

TASK [/stigforge/roles/ubuntu22_cis : Find /var/log/sssd/ file(s)] *************
ok: [localhost]

TASK [/stigforge/roles/ubuntu22_cis : Set permissions for /var/log/sssd/ file(s)] ***
skipping: [localhost]

TASK [/stigforge/roles/ubuntu22_cis : Test for existence /var/log/syslog] ******
ok: [localhost]

TASK [/stigforge/roles/ubuntu22_cis : Ensure permission u-xs,g-xws,o-xwrt on /var/log/syslog] ***
skipping: [localhost]

TASK [/stigforge/roles/ubuntu22_cis : Find /var/log/ file(s)] ******************
ok: [localhost]

TASK [/stigforge/roles/ubuntu22_cis : Set permissions for /var/log/ file(s)] ***
skipping: [localhost]

TASK [/stigforge/roles/ubuntu22_cis : Find /var/log/ file(s)] ******************
ok: [localhost]

TASK [/stigforge/roles/ubuntu22_cis : Set permissions for /var/log/ file(s)] ***
skipping: [localhost]

TASK [/stigforge/roles/ubuntu22_cis : Ensure kernel module 'cramfs' is disabled] ***
skipping: [localhost]

TASK [/stigforge/roles/ubuntu22_cis : Ensure kernel module 'cramfs' is blacklisted] ***
skipping: [localhost]

TASK [/stigforge/roles/ubuntu22_cis : Ensure kernel module 'freevxfs' is disabled] ***
skipping: [localhost]

TASK [/stigforge/roles/ubuntu22_cis : Ensure kernel module 'freevxfs' is blacklisted] ***
skipping: [localhost]

TASK [/stigforge/roles/ubuntu22_cis : Ensure kernel module 'hfs' is disabled] ***
skipping: [localhost]

TASK [/stigforge/roles/ubuntu22_cis : Ensure kernel module 'hfs' is blacklisted] ***
skipping: [localhost]

TASK [/stigforge/roles/ubuntu22_cis : Ensure kernel module 'hfsplus' is disabled] ***
skipping: [localhost]

TASK [/stigforge/roles/ubuntu22_cis : Ensure kernel module 'hfsplus' is blacklisted] ***
skipping: [localhost]

TASK [/stigforge/roles/ubuntu22_cis : Ensure kernel module 'jffs2' is disabled] ***
skipping: [localhost]

TASK [/stigforge/roles/ubuntu22_cis : Ensure kernel module 'jffs2' is blacklisted] ***
skipping: [localhost]

TASK [/stigforge/roles/ubuntu22_cis : Add nodev Option to /dev/shm: Check information associated to mountpoint] ***
skipping: [localhost]

TASK [/stigforge/roles/ubuntu22_cis : Add nodev Option to /dev/shm: Create mount_info dictionary variable] ***
skipping: [localhost]

TASK [/stigforge/roles/ubuntu22_cis : Add nodev Option to /dev/shm: If /dev/shm not mounted, craft mount_info manually] ***
skipping: [localhost] => (item=['target', '/dev/shm']) 
skipping: [localhost] => (item=['source', 'tmpfs']) 
skipping: [localhost] => (item=['fstype', 'tmpfs']) 
skipping: [localhost] => (item=['options', 'defaults']) 
skipping: [localhost]

TASK [/stigforge/roles/ubuntu22_cis : Add nodev Option to /dev/shm: Make sure nodev option is part of the to /dev/shm options] ***
skipping: [localhost]

TASK [/stigforge/roles/ubuntu22_cis : Add nodev Option to /dev/shm: Ensure /dev/shm is mounted with nodev option] ***
skipping: [localhost]

TASK [/stigforge/roles/ubuntu22_cis : Add noexec Option to /dev/shm: Check information associated to mountpoint] ***
skipping: [localhost]

TASK [/stigforge/roles/ubuntu22_cis : Add noexec Option to /dev/shm: Create mount_info dictionary variable] ***
skipping: [localhost]

TASK [/stigforge/roles/ubuntu22_cis : Add noexec Option to /dev/shm: If /dev/shm not mounted, craft mount_info manually] ***
skipping: [localhost] => (item=['target', '/dev/shm']) 
skipping: [localhost] => (item=['source', 'tmpfs']) 
skipping: [localhost] => (item=['fstype', 'tmpfs']) 
skipping: [localhost] => (item=['options', 'defaults']) 
skipping: [localhost]

TASK [/stigforge/roles/ubuntu22_cis : Add noexec Option to /dev/shm: Make sure noexec option is part of the to /dev/shm options] ***
skipping: [localhost]

TASK [/stigforge/roles/ubuntu22_cis : Add noexec Option to /dev/shm: Ensure /dev/shm is mounted with noexec option] ***
skipping: [localhost]

TASK [/stigforge/roles/ubuntu22_cis : Add nosuid Option to /dev/shm: Check information associated to mountpoint] ***
skipping: [localhost]

TASK [/stigforge/roles/ubuntu22_cis : Add nosuid Option to /dev/shm: Create mount_info dictionary variable] ***
skipping: [localhost]

TASK [/stigforge/roles/ubuntu22_cis : Add nosuid Option to /dev/shm: If /dev/shm not mounted, craft mount_info manually] ***
skipping: [localhost] => (item=['target', '/dev/shm']) 
skipping: [localhost] => (item=['source', 'tmpfs']) 
skipping: [localhost] => (item=['fstype', 'tmpfs']) 
skipping: [localhost] => (item=['options', 'defaults']) 
skipping: [localhost]

TASK [/stigforge/roles/ubuntu22_cis : Add nosuid Option to /dev/shm: Make sure nosuid option is part of the to /dev/shm options] ***
skipping: [localhost]

TASK [/stigforge/roles/ubuntu22_cis : Add nosuid Option to /dev/shm: Ensure /dev/shm is mounted with nosuid option] ***
skipping: [localhost]

TASK [/stigforge/roles/ubuntu22_cis : Add nodev Option to /home: Check information associated to mountpoint] ***
skipping: [localhost]

TASK [/stigforge/roles/ubuntu22_cis : Add nodev Option to /home: Create mount_info dictionary variable] ***
skipping: [localhost]

TASK [/stigforge/roles/ubuntu22_cis : Add nodev Option to /home: If /home not mounted, craft mount_info manually] ***
skipping: [localhost] => (item=['target', '/home']) 
skipping: [localhost] => (item=['source', '']) 
skipping: [localhost] => (item=['fstype', '']) 
skipping: [localhost] => (item=['options', 'defaults']) 
skipping: [localhost]

TASK [/stigforge/roles/ubuntu22_cis : Add nodev Option to /home: Make sure nodev option is part of the to /home options] ***
skipping: [localhost]

TASK [/stigforge/roles/ubuntu22_cis : Add nodev Option to /home: Ensure /home is mounted with nodev option] ***
skipping: [localhost]

TASK [/stigforge/roles/ubuntu22_cis : Add nosuid Option to /home: Check information associated to mountpoint] ***
skipping: [localhost]

TASK [/stigforge/roles/ubuntu22_cis : Add nosuid Option to /home: Create mount_info dictionary variable] ***
skipping: [localhost]

TASK [/stigforge/roles/ubuntu22_cis : Add nosuid Option to /home: If /home not mounted, craft mount_info manually] ***
skipping: [localhost] => (item=['target', '/home']) 
skipping: [localhost] => (item=['source', '']) 
skipping: [localhost] => (item=['fstype', '']) 
skipping: [localhost] => (item=['options', 'defaults']) 
skipping: [localhost]

TASK [/stigforge/roles/ubuntu22_cis : Add nosuid Option to /home: Make sure nosuid option is part of the to /home options] ***
skipping: [localhost]

TASK [/stigforge/roles/ubuntu22_cis : Add nosuid Option to /home: Ensure /home is mounted with nosuid option] ***
skipping: [localhost]

TASK [/stigforge/roles/ubuntu22_cis : Add nodev Option to /tmp: Check information associated to mountpoint] ***
skipping: [localhost]

TASK [/stigforge/roles/ubuntu22_cis : Add nodev Option to /tmp: Create mount_info dictionary variable] ***
skipping: [localhost]

TASK [/stigforge/roles/ubuntu22_cis : Add nodev Option to /tmp: If /tmp not mounted, craft mount_info manually] ***
skipping: [localhost] => (item=['target', '/tmp']) 
skipping: [localhost] => (item=['source', '']) 
skipping: [localhost] => (item=['fstype', '']) 
skipping: [localhost] => (item=['options', 'defaults']) 
skipping: [localhost]

TASK [/stigforge/roles/ubuntu22_cis : Add nodev Option to /tmp: Make sure nodev option is part of the to /tmp options] ***
skipping: [localhost]

TASK [/stigforge/roles/ubuntu22_cis : Add nodev Option to /tmp: Ensure /tmp is mounted with nodev option] ***
skipping: [localhost]

TASK [/stigforge/roles/ubuntu22_cis : Add noexec Option to /tmp: Check information associated to mountpoint] ***
skipping: [localhost]

TASK [/stigforge/roles/ubuntu22_cis : Add noexec Option to /tmp: Create mount_info dictionary variable] ***
skipping: [localhost]

TASK [/stigforge/roles/ubuntu22_cis : Add noexec Option to /tmp: If /tmp not mounted, craft mount_info manually] ***
skipping: [localhost] => (item=['target', '/tmp']) 
skipping: [localhost] => (item=['source', '']) 
skipping: [localhost] => (item=['fstype', '']) 
skipping: [localhost] => (item=['options', 'defaults']) 
skipping: [localhost]

TASK [/stigforge/roles/ubuntu22_cis : Add noexec Option to /tmp: Make sure noexec option is part of the to /tmp options] ***
skipping: [localhost]

TASK [/stigforge/roles/ubuntu22_cis : Add noexec Option to /tmp: Ensure /tmp is mounted with noexec option] ***
skipping: [localhost]

TASK [/stigforge/roles/ubuntu22_cis : Add nosuid Option to /tmp: Check information associated to mountpoint] ***
skipping: [localhost]

TASK [/stigforge/roles/ubuntu22_cis : Add nosuid Option to /tmp: Create mount_info dictionary variable] ***
skipping: [localhost]

TASK [/stigforge/roles/ubuntu22_cis : Add nosuid Option to /tmp: If /tmp not mounted, craft mount_info manually] ***
skipping: [localhost] => (item=['target', '/tmp']) 
skipping: [localhost] => (item=['source', '']) 
skipping: [localhost] => (item=['fstype', '']) 
skipping: [localhost] => (item=['options', 'defaults']) 
skipping: [localhost]

TASK [/stigforge/roles/ubuntu22_cis : Add nosuid Option to /tmp: Make sure nosuid option is part of the to /tmp options] ***
skipping: [localhost]

TASK [/stigforge/roles/ubuntu22_cis : Add nosuid Option to /tmp: Ensure /tmp is mounted with nosuid option] ***
skipping: [localhost]

TASK [/stigforge/roles/ubuntu22_cis : Add nodev Option to /var/log/audit: Check information associated to mountpoint] ***
skipping: [localhost]

TASK [/stigforge/roles/ubuntu22_cis : Add nodev Option to /var/log/audit: Create mount_info dictionary variable] ***
skipping: [localhost]

TASK [/stigforge/roles/ubuntu22_cis : Add nodev Option to /var/log/audit: If /var/log/audit not mounted, craft mount_info manually] ***
skipping: [localhost] => (item=['target', '/var/log/audit']) 
skipping: [localhost] => (item=['source', '']) 
skipping: [localhost] => (item=['fstype', '']) 
skipping: [localhost] => (item=['options', 'defaults']) 
skipping: [localhost]

TASK [/stigforge/roles/ubuntu22_cis : Add nodev Option to /var/log/audit: Make sure nodev option is part of the to /var/log/audit options] ***
skipping: [localhost]

TASK [/stigforge/roles/ubuntu22_cis : Add nodev Option to /var/log/audit: Ensure /var/log/audit is mounted with nodev option] ***
skipping: [localhost]

TASK [/stigforge/roles/ubuntu22_cis : Add noexec Option to /var/log/audit: Check information associated to mountpoint] ***
skipping: [localhost]

TASK [/stigforge/roles/ubuntu22_cis : Add noexec Option to /var/log/audit: Create mount_info dictionary variable] ***
skipping: [localhost]

TASK [/stigforge/roles/ubuntu22_cis : Add noexec Option to /var/log/audit: If /var/log/audit not mounted, craft mount_info manually] ***
skipping: [localhost] => (item=['target', '/var/log/audit']) 
skipping: [localhost] => (item=['source', '']) 
skipping: [localhost] => (item=['fstype', '']) 
skipping: [localhost] => (item=['options', 'defaults']) 
skipping: [localhost]

TASK [/stigforge/roles/ubuntu22_cis : Add noexec Option to /var/log/audit: Make sure noexec option is part of the to /var/log/audit options] ***
skipping: [localhost]

TASK [/stigforge/roles/ubuntu22_cis : Add noexec Option to /var/log/audit: Ensure /var/log/audit is mounted with noexec option] ***
skipping: [localhost]

TASK [/stigforge/roles/ubuntu22_cis : Add nosuid Option to /var/log/audit: Check information associated to mountpoint] ***
skipping: [localhost]

TASK [/stigforge/roles/ubuntu22_cis : Add nosuid Option to /var/log/audit: Create mount_info dictionary variable] ***
skipping: [localhost]

TASK [/stigforge/roles/ubuntu22_cis : Add nosuid Option to /var/log/audit: If /var/log/audit not mounted, craft mount_info manually] ***
skipping: [localhost] => (item=['target', '/var/log/audit']) 
skipping: [localhost] => (item=['source', '']) 
skipping: [localhost] => (item=['fstype', '']) 
skipping: [localhost] => (item=['options', 'defaults']) 
skipping: [localhost]

TASK [/stigforge/roles/ubuntu22_cis : Add nosuid Option to /var/log/audit: Make sure nosuid option is part of the to /var/log/audit options] ***
skipping: [localhost]

TASK [/stigforge/roles/ubuntu22_cis : Add nosuid Option to /var/log/audit: Ensure /var/log/audit is mounted with nosuid option] ***
skipping: [localhost]

TASK [/stigforge/roles/ubuntu22_cis : Add nodev Option to /var/log: Check information associated to mountpoint] ***
skipping: [localhost]

TASK [/stigforge/roles/ubuntu22_cis : Add nodev Option to /var/log: Create mount_info dictionary variable] ***
skipping: [localhost]

TASK [/stigforge/roles/ubuntu22_cis : Add nodev Option to /var/log: If /var/log not mounted, craft mount_info manually] ***
skipping: [localhost] => (item=['target', '/var/log']) 
skipping: [localhost] => (item=['source', '']) 
skipping: [localhost] => (item=['fstype', '']) 
skipping: [localhost] => (item=['options', 'defaults']) 
skipping: [localhost]

TASK [/stigforge/roles/ubuntu22_cis : Add nodev Option to /var/log: Make sure nodev option is part of the to /var/log options] ***
skipping: [localhost]

TASK [/stigforge/roles/ubuntu22_cis : Add nodev Option to /var/log: Ensure /var/log is mounted with nodev option] ***
skipping: [localhost]

TASK [/stigforge/roles/ubuntu22_cis : Add noexec Option to /var/log: Check information associated to mountpoint] ***
skipping: [localhost]

TASK [/stigforge/roles/ubuntu22_cis : Add noexec Option to /var/log: Create mount_info dictionary variable] ***
skipping: [localhost]

TASK [/stigforge/roles/ubuntu22_cis : Add noexec Option to /var/log: If /var/log not mounted, craft mount_info manually] ***
skipping: [localhost] => (item=['target', '/var/log']) 
skipping: [localhost] => (item=['source', '']) 
skipping: [localhost] => (item=['fstype', '']) 
skipping: [localhost] => (item=['options', 'defaults']) 
skipping: [localhost]

TASK [/stigforge/roles/ubuntu22_cis : Add noexec Option to /var/log: Make sure noexec option is part of the to /var/log options] ***
skipping: [localhost]

TASK [/stigforge/roles/ubuntu22_cis : Add noexec Option to /var/log: Ensure /var/log is mounted with noexec option] ***
skipping: [localhost]

TASK [/stigforge/roles/ubuntu22_cis : Add nosuid Option to /var/log: Check information associated to mountpoint] ***
skipping: [localhost]

TASK [/stigforge/roles/ubuntu22_cis : Add nosuid Option to /var/log: Create mount_info dictionary variable] ***
skipping: [localhost]

TASK [/stigforge/roles/ubuntu22_cis : Add nosuid Option to /var/log: If /var/log not mounted, craft mount_info manually] ***
skipping: [localhost] => (item=['target', '/var/log']) 
skipping: [localhost] => (item=['source', '']) 
skipping: [localhost] => (item=['fstype', '']) 
skipping: [localhost] => (item=['options', 'defaults']) 
skipping: [localhost]

TASK [/stigforge/roles/ubuntu22_cis : Add nosuid Option to /var/log: Make sure nosuid option is part of the to /var/log options] ***
skipping: [localhost]

TASK [/stigforge/roles/ubuntu22_cis : Add nosuid Option to /var/log: Ensure /var/log is mounted with nosuid option] ***
skipping: [localhost]

TASK [/stigforge/roles/ubuntu22_cis : Add nodev Option to /var: Check information associated to mountpoint] ***
skipping: [localhost]

TASK [/stigforge/roles/ubuntu22_cis : Add nodev Option to /var: Create mount_info dictionary variable] ***
skipping: [localhost]

TASK [/stigforge/roles/ubuntu22_cis : Add nodev Option to /var: If /var not mounted, craft mount_info manually] ***
skipping: [localhost] => (item=['target', '/var']) 
skipping: [localhost] => (item=['source', '']) 
skipping: [localhost] => (item=['fstype', '']) 
skipping: [localhost] => (item=['options', 'defaults']) 
skipping: [localhost]

TASK [/stigforge/roles/ubuntu22_cis : Add nodev Option to /var: Make sure nodev option is part of the to /var options] ***
skipping: [localhost]

TASK [/stigforge/roles/ubuntu22_cis : Add nodev Option to /var: Ensure /var is mounted with nodev option] ***
skipping: [localhost]

TASK [/stigforge/roles/ubuntu22_cis : Add nosuid Option to /var: Check information associated to mountpoint] ***
skipping: [localhost]

TASK [/stigforge/roles/ubuntu22_cis : Add nosuid Option to /var: Create mount_info dictionary variable] ***
skipping: [localhost]

TASK [/stigforge/roles/ubuntu22_cis : Add nosuid Option to /var: If /var not mounted, craft mount_info manually] ***
skipping: [localhost] => (item=['target', '/var']) 
skipping: [localhost] => (item=['source', '']) 
skipping: [localhost] => (item=['fstype', '']) 
skipping: [localhost] => (item=['options', 'defaults']) 
skipping: [localhost]

TASK [/stigforge/roles/ubuntu22_cis : Add nosuid Option to /var: Make sure nosuid option is part of the to /var options] ***
skipping: [localhost]

TASK [/stigforge/roles/ubuntu22_cis : Add nosuid Option to /var: Ensure /var is mounted with nosuid option] ***
skipping: [localhost]

TASK [/stigforge/roles/ubuntu22_cis : Add nodev Option to /var/tmp: Check information associated to mountpoint] ***
skipping: [localhost]

TASK [/stigforge/roles/ubuntu22_cis : Add nodev Option to /var/tmp: Create mount_info dictionary variable] ***
skipping: [localhost]

TASK [/stigforge/roles/ubuntu22_cis : Add nodev Option to /var/tmp: If /var/tmp not mounted, craft mount_info manually] ***
skipping: [localhost] => (item=['target', '/var/tmp']) 
skipping: [localhost] => (item=['source', '']) 
skipping: [localhost] => (item=['fstype', '']) 
skipping: [localhost] => (item=['options', 'defaults']) 
skipping: [localhost]

TASK [/stigforge/roles/ubuntu22_cis : Add nodev Option to /var/tmp: Make sure nodev option is part of the to /var/tmp options] ***
skipping: [localhost]

TASK [/stigforge/roles/ubuntu22_cis : Add nodev Option to /var/tmp: Ensure /var/tmp is mounted with nodev option] ***
skipping: [localhost]

TASK [/stigforge/roles/ubuntu22_cis : Add noexec Option to /var/tmp: Check information associated to mountpoint] ***
skipping: [localhost]

TASK [/stigforge/roles/ubuntu22_cis : Add noexec Option to /var/tmp: Create mount_info dictionary variable] ***
skipping: [localhost]

TASK [/stigforge/roles/ubuntu22_cis : Add noexec Option to /var/tmp: If /var/tmp not mounted, craft mount_info manually] ***
skipping: [localhost] => (item=['target', '/var/tmp']) 
skipping: [localhost] => (item=['source', '']) 
skipping: [localhost] => (item=['fstype', '']) 
skipping: [localhost] => (item=['options', 'defaults']) 
skipping: [localhost]

TASK [/stigforge/roles/ubuntu22_cis : Add noexec Option to /var/tmp: Make sure noexec option is part of the to /var/tmp options] ***
skipping: [localhost]

TASK [/stigforge/roles/ubuntu22_cis : Add noexec Option to /var/tmp: Ensure /var/tmp is mounted with noexec option] ***
skipping: [localhost]

TASK [/stigforge/roles/ubuntu22_cis : Add nosuid Option to /var/tmp: Check information associated to mountpoint] ***
skipping: [localhost]

TASK [/stigforge/roles/ubuntu22_cis : Add nosuid Option to /var/tmp: Create mount_info dictionary variable] ***
skipping: [localhost]

TASK [/stigforge/roles/ubuntu22_cis : Add nosuid Option to /var/tmp: If /var/tmp not mounted, craft mount_info manually] ***
skipping: [localhost] => (item=['target', '/var/tmp']) 
skipping: [localhost] => (item=['source', '']) 
skipping: [localhost] => (item=['fstype', '']) 
skipping: [localhost] => (item=['options', 'defaults']) 
skipping: [localhost]

TASK [/stigforge/roles/ubuntu22_cis : Add nosuid Option to /var/tmp: Make sure nosuid option is part of the to /var/tmp options] ***
skipping: [localhost]

TASK [/stigforge/roles/ubuntu22_cis : Add nosuid Option to /var/tmp: Ensure /var/tmp is mounted with nosuid option] ***
skipping: [localhost]

TASK [/stigforge/roles/ubuntu22_cis : Restrict usage of ptrace to descendant processes - Set fact for sysctl paths] ***
skipping: [localhost]

TASK [/stigforge/roles/ubuntu22_cis : Restrict usage of ptrace to descendant processes - Find all files that contain kernel.yama.ptrace_scope] ***
skipping: [localhost]

TASK [/stigforge/roles/ubuntu22_cis : Restrict usage of ptrace to descendant processes - Find all files that set kernel.yama.ptrace_scope to correct value] ***
skipping: [localhost]

TASK [/stigforge/roles/ubuntu22_cis : Restrict usage of ptrace to descendant processes - Comment out any occurrences of kernel.yama.ptrace_scope from config files] ***
skipping: [localhost]

TASK [/stigforge/roles/ubuntu22_cis : Restrict usage of ptrace to descendant processes - Comment out any occurrences of kernel.yama.ptrace_scope from /etc/ufw/sysctl.conf] ***
skipping: [localhost]

TASK [/stigforge/roles/ubuntu22_cis : Restrict usage of ptrace to descendant processes - Ensure sysctl kernel.yama.ptrace_scope is set to 1] ***
skipping: [localhost]

TASK [/stigforge/roles/ubuntu22_cis : Disable Core Dumps for All Users - Set dirs, files and regex variables] ***
skipping: [localhost]

TASK [/stigforge/roles/ubuntu22_cis : Disable Core Dumps for All Users - Find valid drop-ins for core limit] ***
skipping: [localhost]

TASK [/stigforge/roles/ubuntu22_cis : Disable Core Dumps for All Users - Find all drop-ins with any core limit] ***
skipping: [localhost]

TASK [/stigforge/roles/ubuntu22_cis : Disable Core Dumps for All Users - Get invalid drop-ins] ***
skipping: [localhost]

TASK [/stigforge/roles/ubuntu22_cis : Disable Core Dumps for All Users - Comment invalid * hard core lines in drop-ins] ***
skipping: [localhost]

TASK [/stigforge/roles/ubuntu22_cis : Disable Core Dumps for All Users - Check if main limits.conf contains correct core limit] ***
skipping: [localhost]

TASK [/stigforge/roles/ubuntu22_cis : Disable Core Dumps for All Users - Set fact if configuration is valid] ***
skipping: [localhost]

TASK [/stigforge/roles/ubuntu22_cis : Disable Core Dumps for All Users - Ensure drop-in directory exists] ***
skipping: [localhost]

TASK [/stigforge/roles/ubuntu22_cis : Disable Core Dumps for All Users - Deploy 10-ssg-hardening.conf drop-in with correct core limit] ***
skipping: [localhost]

TASK [/stigforge/roles/ubuntu22_cis : Disable Core Dumps for SUID programs - Set fact for sysctl paths] ***
skipping: [localhost]

TASK [/stigforge/roles/ubuntu22_cis : Disable Core Dumps for SUID programs - Find all files that contain fs.suid_dumpable] ***
skipping: [localhost]

TASK [/stigforge/roles/ubuntu22_cis : Disable Core Dumps for SUID programs - Find all files that set fs.suid_dumpable to correct value] ***
skipping: [localhost]

TASK [/stigforge/roles/ubuntu22_cis : Disable Core Dumps for SUID programs - Comment out any occurrences of fs.suid_dumpable from config files] ***
skipping: [localhost]

TASK [/stigforge/roles/ubuntu22_cis : Disable Core Dumps for SUID programs - Comment out any occurrences of fs.suid_dumpable from /etc/ufw/sysctl.conf] ***
skipping: [localhost]

TASK [/stigforge/roles/ubuntu22_cis : Disable Core Dumps for SUID programs - Ensure sysctl fs.suid_dumpable is set to 0] ***
skipping: [localhost]

TASK [/stigforge/roles/ubuntu22_cis : Enable Randomized Layout of Virtual Address Space - Set fact for sysctl paths] ***
skipping: [localhost]

TASK [/stigforge/roles/ubuntu22_cis : Enable Randomized Layout of Virtual Address Space - Find all files that contain kernel.randomize_va_space] ***
skipping: [localhost]

TASK [/stigforge/roles/ubuntu22_cis : Enable Randomized Layout of Virtual Address Space - Find all files that set kernel.randomize_va_space to correct value] ***
skipping: [localhost]

TASK [/stigforge/roles/ubuntu22_cis : Enable Randomized Layout of Virtual Address Space - Comment out any occurrences of kernel.randomize_va_space from config files] ***
skipping: [localhost]

TASK [/stigforge/roles/ubuntu22_cis : Enable Randomized Layout of Virtual Address Space - Comment out any occurrences of kernel.randomize_va_space from /etc/ufw/sysctl.conf] ***
skipping: [localhost]

TASK [/stigforge/roles/ubuntu22_cis : Enable Randomized Layout of Virtual Address Space - Ensure sysctl kernel.randomize_va_space is set to 2] ***
skipping: [localhost]

TASK [/stigforge/roles/ubuntu22_cis : Set the file_groupowner_cron_d_newgroup variable if represented by gid] ***
skipping: [localhost]

TASK [/stigforge/roles/ubuntu22_cis : Ensure group owner on /etc/cron.d/] ******
skipping: [localhost]

TASK [/stigforge/roles/ubuntu22_cis : Set the file_groupowner_cron_daily_newgroup variable if represented by gid] ***
skipping: [localhost]

TASK [/stigforge/roles/ubuntu22_cis : Ensure group owner on /etc/cron.daily/] ***
skipping: [localhost]

TASK [/stigforge/roles/ubuntu22_cis : Set the file_groupowner_cron_hourly_newgroup variable if represented by gid] ***
skipping: [localhost]

TASK [/stigforge/roles/ubuntu22_cis : Ensure group owner on /etc/cron.hourly/] ***
skipping: [localhost]

TASK [/stigforge/roles/ubuntu22_cis : Set the file_groupowner_cron_monthly_newgroup variable if represented by gid] ***
skipping: [localhost]

TASK [/stigforge/roles/ubuntu22_cis : Ensure group owner on /etc/cron.monthly/] ***
skipping: [localhost]

TASK [/stigforge/roles/ubuntu22_cis : Set the file_groupowner_cron_weekly_newgroup variable if represented by gid] ***
skipping: [localhost]

TASK [/stigforge/roles/ubuntu22_cis : Ensure group owner on /etc/cron.weekly/] ***
skipping: [localhost]

TASK [/stigforge/roles/ubuntu22_cis : Set the file_groupowner_crontab_newgroup variable if represented by gid] ***
skipping: [localhost]

TASK [/stigforge/roles/ubuntu22_cis : Test for existence /etc/crontab] *********
skipping: [localhost]

TASK [/stigforge/roles/ubuntu22_cis : Ensure group owner on /etc/crontab] ******
skipping: [localhost]

TASK [/stigforge/roles/ubuntu22_cis : Set the file_owner_cron_d_newown variable if represented by uid] ***
skipping: [localhost]

TASK [/stigforge/roles/ubuntu22_cis : Ensure owner on directory /etc/cron.d/] ***
skipping: [localhost]

TASK [/stigforge/roles/ubuntu22_cis : Set the file_owner_cron_daily_newown variable if represented by uid] ***
skipping: [localhost]

TASK [/stigforge/roles/ubuntu22_cis : Ensure owner on directory /etc/cron.daily/] ***
skipping: [localhost]

TASK [/stigforge/roles/ubuntu22_cis : Set the file_owner_cron_hourly_newown variable if represented by uid] ***
skipping: [localhost]

TASK [/stigforge/roles/ubuntu22_cis : Ensure owner on directory /etc/cron.hourly/] ***
skipping: [localhost]

TASK [/stigforge/roles/ubuntu22_cis : Set the file_owner_cron_monthly_newown variable if represented by uid] ***
skipping: [localhost]

TASK [/stigforge/roles/ubuntu22_cis : Ensure owner on directory /etc/cron.monthly/] ***
skipping: [localhost]

TASK [/stigforge/roles/ubuntu22_cis : Set the file_owner_cron_weekly_newown variable if represented by uid] ***
skipping: [localhost]

TASK [/stigforge/roles/ubuntu22_cis : Ensure owner on directory /etc/cron.weekly/] ***
skipping: [localhost]

TASK [/stigforge/roles/ubuntu22_cis : Set the file_owner_crontab_newown variable if represented by uid] ***
skipping: [localhost]

TASK [/stigforge/roles/ubuntu22_cis : Test for existence /etc/crontab] *********
skipping: [localhost]

TASK [/stigforge/roles/ubuntu22_cis : Ensure owner on /etc/crontab] ************
skipping: [localhost]

TASK [/stigforge/roles/ubuntu22_cis : Find /etc/cron.d/ file(s)] ***************
skipping: [localhost]

TASK [/stigforge/roles/ubuntu22_cis : Set permissions for /etc/cron.d/ file(s)] ***
skipping: [localhost]

TASK [/stigforge/roles/ubuntu22_cis : Find /etc/cron.daily/ file(s)] ***********
skipping: [localhost]

TASK [/stigforge/roles/ubuntu22_cis : Set permissions for /etc/cron.daily/ file(s)] ***
skipping: [localhost]

TASK [/stigforge/roles/ubuntu22_cis : Find /etc/cron.hourly/ file(s)] **********
skipping: [localhost]

TASK [/stigforge/roles/ubuntu22_cis : Set permissions for /etc/cron.hourly/ file(s)] ***
skipping: [localhost]

TASK [/stigforge/roles/ubuntu22_cis : Find /etc/cron.monthly/ file(s)] *********
skipping: [localhost]

TASK [/stigforge/roles/ubuntu22_cis : Set permissions for /etc/cron.monthly/ file(s)] ***
skipping: [localhost]

TASK [/stigforge/roles/ubuntu22_cis : Find /etc/cron.weekly/ file(s)] **********
skipping: [localhost]

TASK [/stigforge/roles/ubuntu22_cis : Set permissions for /etc/cron.weekly/ file(s)] ***
skipping: [localhost]

TASK [/stigforge/roles/ubuntu22_cis : Test for existence /etc/crontab] *********
skipping: [localhost]

TASK [/stigforge/roles/ubuntu22_cis : Ensure permission u-xs,g-xwrs,o-xwrt on /etc/crontab] ***
skipping: [localhost]

TASK [/stigforge/roles/ubuntu22_cis : Ensure that /etc/at.allow exists - Add empty /etc/at.allow] ***
skipping: [localhost]

TASK [/stigforge/roles/ubuntu22_cis : Ensure that /etc/cron.allow exists - Add empty /etc/cron.allow] ***
skipping: [localhost]

TASK [/stigforge/roles/ubuntu22_cis : Ensure that /etc/cron.deny does not exist - Remove /etc/cron.deny] ***
skipping: [localhost]

TASK [/stigforge/roles/ubuntu22_cis : Set the file_groupowner_at_allow_newgroup variable if represented by gid] ***
skipping: [localhost]

TASK [/stigforge/roles/ubuntu22_cis : Test for existence /etc/at.allow] ********
skipping: [localhost]

TASK [/stigforge/roles/ubuntu22_cis : Ensure group owner on /etc/at.allow] *****
skipping: [localhost]

TASK [/stigforge/roles/ubuntu22_cis : Set the file_groupowner_at_deny_newgroup variable if represented by gid] ***
skipping: [localhost]

TASK [/stigforge/roles/ubuntu22_cis : Test for existence /etc/at.deny] *********
skipping: [localhost]

TASK [/stigforge/roles/ubuntu22_cis : Ensure group owner on /etc/at.deny] ******
skipping: [localhost]

TASK [/stigforge/roles/ubuntu22_cis : Check that the crontab group is defined] ***
skipping: [localhost]

TASK [/stigforge/roles/ubuntu22_cis : Set the file_groupowner_cron_allow_newgroup variable if crontab found] ***
skipping: [localhost]

TASK [/stigforge/roles/ubuntu22_cis : Test for existence /etc/cron.allow] ******
skipping: [localhost]

TASK [/stigforge/roles/ubuntu22_cis : Ensure group owner on /etc/cron.allow] ***
skipping: [localhost]

TASK [/stigforge/roles/ubuntu22_cis : Set the file_owner_at_allow_newown variable if represented by uid] ***
skipping: [localhost]

TASK [/stigforge/roles/ubuntu22_cis : Test for existence /etc/at.allow] ********
skipping: [localhost]

TASK [/stigforge/roles/ubuntu22_cis : Ensure owner on /etc/at.allow] ***********
skipping: [localhost]

TASK [/stigforge/roles/ubuntu22_cis : Set the file_owner_at_deny_newown variable if represented by uid] ***
skipping: [localhost]

TASK [/stigforge/roles/ubuntu22_cis : Test for existence /etc/at.deny] *********
skipping: [localhost]

TASK [/stigforge/roles/ubuntu22_cis : Ensure owner on /etc/at.deny] ************
skipping: [localhost]

TASK [/stigforge/roles/ubuntu22_cis : Set the file_owner_cron_allow_newown variable if represented by uid] ***
skipping: [localhost]

TASK [/stigforge/roles/ubuntu22_cis : Test for existence /etc/cron.allow] ******
skipping: [localhost]

TASK [/stigforge/roles/ubuntu22_cis : Ensure owner on /etc/cron.allow] *********
skipping: [localhost]

TASK [/stigforge/roles/ubuntu22_cis : Test for existence /etc/at.allow] ********
skipping: [localhost]

TASK [/stigforge/roles/ubuntu22_cis : Ensure permission u-xs,g-xws,o-xwrt on /etc/at.allow] ***
skipping: [localhost]

TASK [/stigforge/roles/ubuntu22_cis : Test for existence /etc/at.deny] *********
skipping: [localhost]

TASK [/stigforge/roles/ubuntu22_cis : Ensure permission u-xs,g-xws,o-xwrt on /etc/at.deny] ***
skipping: [localhost]

TASK [/stigforge/roles/ubuntu22_cis : Test for existence /etc/cron.allow] ******
skipping: [localhost]

TASK [/stigforge/roles/ubuntu22_cis : Ensure permission u-xs,g-xws,o-xwrt on /etc/cron.allow] ***
skipping: [localhost]

TASK [/stigforge/roles/ubuntu22_cis : Enable service chrony] *******************
skipping: [localhost]

TASK [/stigforge/roles/ubuntu22_cis : Enable service systemd-timesyncd] ********
skipping: [localhost]

TASK [/stigforge/roles/ubuntu22_cis : The Chronyd service is disabled - Collect systemd Services Present in the System] ***
skipping: [localhost]

TASK [/stigforge/roles/ubuntu22_cis : The Chronyd service is disabled - Ensure "chrony.service" is Masked] ***
skipping: [localhost]

TASK [/stigforge/roles/ubuntu22_cis : Unit Socket Exists - chrony.socket] ******
skipping: [localhost]

TASK [/stigforge/roles/ubuntu22_cis : Disable socket chrony] *******************
skipping: [localhost]

TASK [/stigforge/roles/ubuntu22_cis : Disable systemd_timesyncd Service - Collect systemd Services Present in the System] ***
skipping: [localhost]

TASK [/stigforge/roles/ubuntu22_cis : Disable systemd_timesyncd Service - Ensure "systemd-timesyncd.service" is Masked] ***
skipping: [localhost]

TASK [/stigforge/roles/ubuntu22_cis : Unit Socket Exists - systemd-timesyncd.socket] ***
skipping: [localhost]

TASK [/stigforge/roles/ubuntu22_cis : Disable socket systemd-timesyncd] ********
skipping: [localhost]

TASK [/stigforge/roles/ubuntu22_cis : Chrony Configure Pool and Server - Add missing / update wrong records for remote time servers] ***
skipping: [localhost] => (item=time.nist.gov) 
skipping: [localhost] => (item=time-a-g.nist.gov) 
skipping: [localhost] => (item=time-b-g.nist.gov) 
skipping: [localhost] => (item=time-c-g.nist.gov) 
skipping: [localhost]

TASK [/stigforge/roles/ubuntu22_cis : Chrony Configure Pool and Server - Add missing / update wrong records for remote time pools] ***
skipping: [localhost] => (item=time.nist.gov) 
skipping: [localhost]

TASK [/stigforge/roles/ubuntu22_cis : Configure Systemd Timesyncd Servers - Set Primary NTP Servers] ***
skipping: [localhost]

TASK [/stigforge/roles/ubuntu22_cis : Configure Systemd Timesyncd Servers - Set Fallback NTP Servers] ***
skipping: [localhost]

TASK [/stigforge/roles/ubuntu22_cis : Set 'NTP' to '{{ preferred_ntp_servers }}' in the [Time] section of '/etc/systemd/timesyncd.conf.d/oscap-remedy.conf'] ***
skipping: [localhost]

TASK [/stigforge/roles/ubuntu22_cis : Set 'FallbackNTP' to '{{ fallback_ntp_servers }}' in the [Time] section of '/etc/systemd/timesyncd.conf.d/oscap-remedy.conf'] ***
skipping: [localhost]

TASK [/stigforge/roles/ubuntu22_cis : Set the file_groupowner_sshd_config_newgroup variable if represented by gid] ***
skipping: [localhost]

TASK [/stigforge/roles/ubuntu22_cis : Test for existence /etc/ssh/sshd_config] ***
skipping: [localhost]

TASK [/stigforge/roles/ubuntu22_cis : Ensure group owner on /etc/ssh/sshd_config] ***
skipping: [localhost]

TASK [/stigforge/roles/ubuntu22_cis : Set the file_groupowner_sshd_drop_in_config_newgroup variable if represented by gid] ***
skipping: [localhost]

TASK [/stigforge/roles/ubuntu22_cis : Find /etc/ssh/sshd_config.d/ file(s) matching ^.*$] ***
skipping: [localhost]

TASK [/stigforge/roles/ubuntu22_cis : Ensure group owner on /etc/ssh/sshd_config.d/ file(s) matching ^.*$] ***
skipping: [localhost]

TASK [/stigforge/roles/ubuntu22_cis : Set the file_owner_sshd_config_newown variable if represented by uid] ***
skipping: [localhost]

TASK [/stigforge/roles/ubuntu22_cis : Test for existence /etc/ssh/sshd_config] ***
skipping: [localhost]

TASK [/stigforge/roles/ubuntu22_cis : Ensure owner on /etc/ssh/sshd_config] ****
skipping: [localhost]

TASK [/stigforge/roles/ubuntu22_cis : Set the file_owner_sshd_drop_in_config_newown variable if represented by uid] ***
skipping: [localhost]

TASK [/stigforge/roles/ubuntu22_cis : Find /etc/ssh/sshd_config.d/ file(s) matching ^.*$] ***
skipping: [localhost]

TASK [/stigforge/roles/ubuntu22_cis : Ensure owner on /etc/ssh/sshd_config.d/ file(s) matching ^.*$] ***
skipping: [localhost]

TASK [/stigforge/roles/ubuntu22_cis : Test for existence /etc/ssh/sshd_config] ***
skipping: [localhost]

TASK [/stigforge/roles/ubuntu22_cis : Ensure permission u-xs,g-xwrs,o-xwrt on /etc/ssh/sshd_config] ***
skipping: [localhost]

TASK [/stigforge/roles/ubuntu22_cis : Find /etc/ssh/sshd_config.d/ file(s)] ****
skipping: [localhost]

TASK [/stigforge/roles/ubuntu22_cis : Set permissions for /etc/ssh/sshd_config.d/ file(s)] ***
skipping: [localhost]

TASK [/stigforge/roles/ubuntu22_cis : Find root:root-owned keys] ***************
skipping: [localhost]

TASK [/stigforge/roles/ubuntu22_cis : Set permissions for root:root-owned keys] ***
skipping: [localhost]

TASK [/stigforge/roles/ubuntu22_cis : Find /etc/ssh/ file(s)] ******************
skipping: [localhost]

TASK [/stigforge/roles/ubuntu22_cis : Set permissions for /etc/ssh/ file(s)] ***
skipping: [localhost]

TASK [/stigforge/roles/ubuntu22_cis : Set SSH Client Alive Count Max - Check if the parameter ClientAliveCountMax is configured in /etc/ssh/sshd_config] ***
skipping: [localhost]

TASK [/stigforge/roles/ubuntu22_cis : Set SSH Client Alive Count Max - Check if the parameter ClientAliveCountMax is configured in /etc/ssh/sshd_config.d] ***
skipping: [localhost]

TASK [/stigforge/roles/ubuntu22_cis : Set SSH Client Alive Count Max - Check if /etc/ssh/sshd_config exists] ***
skipping: [localhost]

TASK [/stigforge/roles/ubuntu22_cis : Set SSH Client Alive Count Max - Check if the parameter ClientAliveCountMax is configured correctly in /etc/ssh/sshd_config] ***
skipping: [localhost]

TASK [/stigforge/roles/ubuntu22_cis : Set SSH Client Alive Count Max - Check if the parameter ClientAliveCountMax is configured correctly in /etc/ssh/sshd_config.d] ***
skipping: [localhost]

TASK [/stigforge/roles/ubuntu22_cis : Deduplicate values from /etc/ssh/sshd_config] ***
skipping: [localhost]

TASK [/stigforge/roles/ubuntu22_cis : Check if /etc/ssh/sshd_config.d exists] ***
skipping: [localhost]

TASK [/stigforge/roles/ubuntu22_cis : Check if the parameter ClientAliveCountMax is present in /etc/ssh/sshd_config.d] ***
skipping: [localhost]

TASK [/stigforge/roles/ubuntu22_cis : Remove parameter from files in /etc/ssh/sshd_config.d] ***
skipping: [localhost]

TASK [/stigforge/roles/ubuntu22_cis : Insert correct line to /etc/ssh/sshd_config.d/00-complianceascode-hardening.conf] ***
skipping: [localhost]

TASK [/stigforge/roles/ubuntu22_cis : Set SSH Client Alive Count Max - set file mode for /etc/ssh/sshd_config.d/00-complianceascode-hardening.conf] ***
skipping: [localhost]

TASK [/stigforge/roles/ubuntu22_cis : Set SSH Client Alive Interval - Check if the parameter ClientAliveInterval is configured in /etc/ssh/sshd_config] ***
skipping: [localhost]

TASK [/stigforge/roles/ubuntu22_cis : Set SSH Client Alive Interval - Check if the parameter ClientAliveInterval is configured in /etc/ssh/sshd_config.d] ***
skipping: [localhost]

TASK [/stigforge/roles/ubuntu22_cis : Set SSH Client Alive Interval - Check if /etc/ssh/sshd_config exists] ***
skipping: [localhost]

TASK [/stigforge/roles/ubuntu22_cis : Set SSH Client Alive Interval - Check if the parameter ClientAliveInterval is configured correctly in /etc/ssh/sshd_config] ***
skipping: [localhost]

TASK [/stigforge/roles/ubuntu22_cis : Set SSH Client Alive Interval - Check if the parameter ClientAliveInterval is configured correctly in /etc/ssh/sshd_config.d] ***
skipping: [localhost]

TASK [/stigforge/roles/ubuntu22_cis : Deduplicate values from /etc/ssh/sshd_config] ***
skipping: [localhost]

TASK [/stigforge/roles/ubuntu22_cis : Check if /etc/ssh/sshd_config.d exists] ***
skipping: [localhost]

TASK [/stigforge/roles/ubuntu22_cis : Check if the parameter ClientAliveInterval is present in /etc/ssh/sshd_config.d] ***
skipping: [localhost]

TASK [/stigforge/roles/ubuntu22_cis : Remove parameter from files in /etc/ssh/sshd_config.d] ***
skipping: [localhost]

TASK [/stigforge/roles/ubuntu22_cis : Insert correct line to /etc/ssh/sshd_config.d/00-complianceascode-hardening.conf] ***
skipping: [localhost]

TASK [/stigforge/roles/ubuntu22_cis : Set SSH Client Alive Interval - set file mode for /etc/ssh/sshd_config.d/00-complianceascode-hardening.conf] ***
skipping: [localhost]

TASK [/stigforge/roles/ubuntu22_cis : Disable Host-Based Authentication - Check if the parameter HostbasedAuthentication is configured in /etc/ssh/sshd_config] ***
skipping: [localhost]

TASK [/stigforge/roles/ubuntu22_cis : Disable Host-Based Authentication - Check if the parameter HostbasedAuthentication is configured in /etc/ssh/sshd_config.d] ***
skipping: [localhost]

TASK [/stigforge/roles/ubuntu22_cis : Disable Host-Based Authentication - Check if /etc/ssh/sshd_config exists] ***
skipping: [localhost]

TASK [/stigforge/roles/ubuntu22_cis : Disable Host-Based Authentication - Check if the parameter HostbasedAuthentication is configured correctly in /etc/ssh/sshd_config] ***
skipping: [localhost]

TASK [/stigforge/roles/ubuntu22_cis : Disable Host-Based Authentication - Check if the parameter HostbasedAuthentication is configured correctly in /etc/ssh/sshd_config.d] ***
skipping: [localhost]

TASK [/stigforge/roles/ubuntu22_cis : Deduplicate values from /etc/ssh/sshd_config] ***
skipping: [localhost]

TASK [/stigforge/roles/ubuntu22_cis : Check if /etc/ssh/sshd_config.d exists] ***
skipping: [localhost]

TASK [/stigforge/roles/ubuntu22_cis : Check if the parameter HostbasedAuthentication is present in /etc/ssh/sshd_config.d] ***
skipping: [localhost]

TASK [/stigforge/roles/ubuntu22_cis : Remove parameter from files in /etc/ssh/sshd_config.d] ***
skipping: [localhost]

TASK [/stigforge/roles/ubuntu22_cis : Insert correct line to /etc/ssh/sshd_config.d/01-complianceascode-reinforce-os-defaults.conf] ***
skipping: [localhost]

TASK [/stigforge/roles/ubuntu22_cis : Disable Host-Based Authentication - set file mode for /etc/ssh/sshd_config.d/01-complianceascode-reinforce-os-defaults.conf] ***
skipping: [localhost]

TASK [/stigforge/roles/ubuntu22_cis : Disable SSH Access via Empty Passwords - Check if the parameter PermitEmptyPasswords is configured in /etc/ssh/sshd_config] ***
skipping: [localhost]

TASK [/stigforge/roles/ubuntu22_cis : Disable SSH Access via Empty Passwords - Check if the parameter PermitEmptyPasswords is configured in /etc/ssh/sshd_config.d] ***
skipping: [localhost]

TASK [/stigforge/roles/ubuntu22_cis : Disable SSH Access via Empty Passwords - Check if /etc/ssh/sshd_config exists] ***
skipping: [localhost]

TASK [/stigforge/roles/ubuntu22_cis : Disable SSH Access via Empty Passwords - Check if the parameter PermitEmptyPasswords is configured correctly in /etc/ssh/sshd_config] ***
skipping: [localhost]

TASK [/stigforge/roles/ubuntu22_cis : Disable SSH Access via Empty Passwords - Check if the parameter PermitEmptyPasswords is configured correctly in /etc/ssh/sshd_config.d] ***
skipping: [localhost]

TASK [/stigforge/roles/ubuntu22_cis : Deduplicate values from /etc/ssh/sshd_config] ***
skipping: [localhost]

TASK [/stigforge/roles/ubuntu22_cis : Check if /etc/ssh/sshd_config.d exists] ***
skipping: [localhost]

TASK [/stigforge/roles/ubuntu22_cis : Check if the parameter PermitEmptyPasswords is present in /etc/ssh/sshd_config.d] ***
skipping: [localhost]

TASK [/stigforge/roles/ubuntu22_cis : Remove parameter from files in /etc/ssh/sshd_config.d] ***
skipping: [localhost]

TASK [/stigforge/roles/ubuntu22_cis : Insert correct line to /etc/ssh/sshd_config.d/01-complianceascode-reinforce-os-defaults.conf] ***
skipping: [localhost]

TASK [/stigforge/roles/ubuntu22_cis : Disable SSH Access via Empty Passwords - set file mode for /etc/ssh/sshd_config.d/01-complianceascode-reinforce-os-defaults.conf] ***
skipping: [localhost]

TASK [/stigforge/roles/ubuntu22_cis : Disable SSH Forwarding - Check if the parameter DisableForwarding is configured in /etc/ssh/sshd_config] ***
skipping: [localhost]

TASK [/stigforge/roles/ubuntu22_cis : Disable SSH Forwarding - Check if the parameter DisableForwarding is configured in /etc/ssh/sshd_config.d] ***
skipping: [localhost]

TASK [/stigforge/roles/ubuntu22_cis : Disable SSH Forwarding - Check if /etc/ssh/sshd_config exists] ***
skipping: [localhost]

TASK [/stigforge/roles/ubuntu22_cis : Disable SSH Forwarding - Check if the parameter DisableForwarding is configured correctly in /etc/ssh/sshd_config] ***
skipping: [localhost]

TASK [/stigforge/roles/ubuntu22_cis : Disable SSH Forwarding - Check if the parameter DisableForwarding is configured correctly in /etc/ssh/sshd_config.d] ***
skipping: [localhost]

TASK [/stigforge/roles/ubuntu22_cis : Deduplicate values from /etc/ssh/sshd_config] ***
skipping: [localhost]

TASK [/stigforge/roles/ubuntu22_cis : Check if /etc/ssh/sshd_config.d exists] ***
skipping: [localhost]

TASK [/stigforge/roles/ubuntu22_cis : Check if the parameter DisableForwarding is present in /etc/ssh/sshd_config.d] ***
skipping: [localhost]

TASK [/stigforge/roles/ubuntu22_cis : Remove parameter from files in /etc/ssh/sshd_config.d] ***
skipping: [localhost]

TASK [/stigforge/roles/ubuntu22_cis : Insert correct line to /etc/ssh/sshd_config.d/00-complianceascode-hardening.conf] ***
skipping: [localhost]

TASK [/stigforge/roles/ubuntu22_cis : Disable SSH Forwarding - set file mode for /etc/ssh/sshd_config.d/00-complianceascode-hardening.conf] ***
skipping: [localhost]

TASK [/stigforge/roles/ubuntu22_cis : Disable GSSAPI Authentication - Check if the parameter GSSAPIAuthentication is configured in /etc/ssh/sshd_config] ***
skipping: [localhost]

TASK [/stigforge/roles/ubuntu22_cis : Disable GSSAPI Authentication - Check if the parameter GSSAPIAuthentication is configured in /etc/ssh/sshd_config.d] ***
skipping: [localhost]

TASK [/stigforge/roles/ubuntu22_cis : Disable GSSAPI Authentication - Check if /etc/ssh/sshd_config exists] ***
skipping: [localhost]

TASK [/stigforge/roles/ubuntu22_cis : Disable GSSAPI Authentication - Check if the parameter GSSAPIAuthentication is configured correctly in /etc/ssh/sshd_config] ***
skipping: [localhost]

TASK [/stigforge/roles/ubuntu22_cis : Disable GSSAPI Authentication - Check if the parameter GSSAPIAuthentication is configured correctly in /etc/ssh/sshd_config.d] ***
skipping: [localhost]

TASK [/stigforge/roles/ubuntu22_cis : Deduplicate values from /etc/ssh/sshd_config] ***
skipping: [localhost]

TASK [/stigforge/roles/ubuntu22_cis : Check if /etc/ssh/sshd_config.d exists] ***
skipping: [localhost]

TASK [/stigforge/roles/ubuntu22_cis : Check if the parameter GSSAPIAuthentication is present in /etc/ssh/sshd_config.d] ***
skipping: [localhost]

TASK [/stigforge/roles/ubuntu22_cis : Remove parameter from files in /etc/ssh/sshd_config.d] ***
skipping: [localhost]

TASK [/stigforge/roles/ubuntu22_cis : Insert correct line to /etc/ssh/sshd_config.d/01-complianceascode-reinforce-os-defaults.conf] ***
skipping: [localhost]

TASK [/stigforge/roles/ubuntu22_cis : Disable GSSAPI Authentication - set file mode for /etc/ssh/sshd_config.d/01-complianceascode-reinforce-os-defaults.conf] ***
skipping: [localhost]

TASK [/stigforge/roles/ubuntu22_cis : Disable SSH Support for .rhosts Files - Check if the parameter IgnoreRhosts is configured in /etc/ssh/sshd_config] ***
skipping: [localhost]

TASK [/stigforge/roles/ubuntu22_cis : Disable SSH Support for .rhosts Files - Check if the parameter IgnoreRhosts is configured in /etc/ssh/sshd_config.d] ***
skipping: [localhost]

TASK [/stigforge/roles/ubuntu22_cis : Disable SSH Support for .rhosts Files - Check if /etc/ssh/sshd_config exists] ***
skipping: [localhost]

TASK [/stigforge/roles/ubuntu22_cis : Disable SSH Support for .rhosts Files - Check if the parameter IgnoreRhosts is configured correctly in /etc/ssh/sshd_config] ***
skipping: [localhost]

TASK [/stigforge/roles/ubuntu22_cis : Disable SSH Support for .rhosts Files - Check if the parameter IgnoreRhosts is configured correctly in /etc/ssh/sshd_config.d] ***
skipping: [localhost]

TASK [/stigforge/roles/ubuntu22_cis : Deduplicate values from /etc/ssh/sshd_config] ***
skipping: [localhost]

TASK [/stigforge/roles/ubuntu22_cis : Check if /etc/ssh/sshd_config.d exists] ***
skipping: [localhost]

TASK [/stigforge/roles/ubuntu22_cis : Check if the parameter IgnoreRhosts is present in /etc/ssh/sshd_config.d] ***
skipping: [localhost]

TASK [/stigforge/roles/ubuntu22_cis : Remove parameter from files in /etc/ssh/sshd_config.d] ***
skipping: [localhost]

TASK [/stigforge/roles/ubuntu22_cis : Insert correct line to /etc/ssh/sshd_config.d/01-complianceascode-reinforce-os-defaults.conf] ***
skipping: [localhost]

TASK [/stigforge/roles/ubuntu22_cis : Disable SSH Support for .rhosts Files - set file mode for /etc/ssh/sshd_config.d/01-complianceascode-reinforce-os-defaults.conf] ***
skipping: [localhost]

TASK [/stigforge/roles/ubuntu22_cis : Disable SSH Root Login - Check if the parameter PermitRootLogin is configured in /etc/ssh/sshd_config] ***
skipping: [localhost]

TASK [/stigforge/roles/ubuntu22_cis : Disable SSH Root Login - Check if the parameter PermitRootLogin is configured in /etc/ssh/sshd_config.d] ***
skipping: [localhost]

TASK [/stigforge/roles/ubuntu22_cis : Disable SSH Root Login - Check if /etc/ssh/sshd_config exists] ***
skipping: [localhost]

TASK [/stigforge/roles/ubuntu22_cis : Disable SSH Root Login - Check if the parameter PermitRootLogin is configured correctly in /etc/ssh/sshd_config] ***
skipping: [localhost]

TASK [/stigforge/roles/ubuntu22_cis : Disable SSH Root Login - Check if the parameter PermitRootLogin is configured correctly in /etc/ssh/sshd_config.d] ***
skipping: [localhost]

TASK [/stigforge/roles/ubuntu22_cis : Deduplicate values from /etc/ssh/sshd_config] ***
skipping: [localhost]

TASK [/stigforge/roles/ubuntu22_cis : Check if /etc/ssh/sshd_config.d exists] ***
skipping: [localhost]

TASK [/stigforge/roles/ubuntu22_cis : Check if the parameter PermitRootLogin is present in /etc/ssh/sshd_config.d] ***
skipping: [localhost]

TASK [/stigforge/roles/ubuntu22_cis : Remove parameter from files in /etc/ssh/sshd_config.d] ***
skipping: [localhost]

TASK [/stigforge/roles/ubuntu22_cis : Insert correct line to /etc/ssh/sshd_config.d/00-complianceascode-hardening.conf] ***
skipping: [localhost]

TASK [/stigforge/roles/ubuntu22_cis : Disable SSH Root Login - set file mode for /etc/ssh/sshd_config.d/00-complianceascode-hardening.conf] ***
skipping: [localhost]

TASK [/stigforge/roles/ubuntu22_cis : Do Not Allow SSH Environment Options - Check if the parameter PermitUserEnvironment is configured in /etc/ssh/sshd_config] ***
skipping: [localhost]

TASK [/stigforge/roles/ubuntu22_cis : Do Not Allow SSH Environment Options - Check if the parameter PermitUserEnvironment is configured in /etc/ssh/sshd_config.d] ***
skipping: [localhost]

TASK [/stigforge/roles/ubuntu22_cis : Do Not Allow SSH Environment Options - Check if /etc/ssh/sshd_config exists] ***
skipping: [localhost]

TASK [/stigforge/roles/ubuntu22_cis : Do Not Allow SSH Environment Options - Check if the parameter PermitUserEnvironment is configured correctly in /etc/ssh/sshd_config] ***
skipping: [localhost]

TASK [/stigforge/roles/ubuntu22_cis : Do Not Allow SSH Environment Options - Check if the parameter PermitUserEnvironment is configured correctly in /etc/ssh/sshd_config.d] ***
skipping: [localhost]

TASK [/stigforge/roles/ubuntu22_cis : Deduplicate values from /etc/ssh/sshd_config] ***
skipping: [localhost]

TASK [/stigforge/roles/ubuntu22_cis : Check if /etc/ssh/sshd_config.d exists] ***
skipping: [localhost]

TASK [/stigforge/roles/ubuntu22_cis : Check if the parameter PermitUserEnvironment is present in /etc/ssh/sshd_config.d] ***
skipping: [localhost]

TASK [/stigforge/roles/ubuntu22_cis : Remove parameter from files in /etc/ssh/sshd_config.d] ***
skipping: [localhost]

TASK [/stigforge/roles/ubuntu22_cis : Insert correct line to /etc/ssh/sshd_config.d/01-complianceascode-reinforce-os-defaults.conf] ***
skipping: [localhost]

TASK [/stigforge/roles/ubuntu22_cis : Do Not Allow SSH Environment Options - set file mode for /etc/ssh/sshd_config.d/01-complianceascode-reinforce-os-defaults.conf] ***
skipping: [localhost]

TASK [/stigforge/roles/ubuntu22_cis : Enable PAM - Check if the parameter UsePAM is configured in /etc/ssh/sshd_config] ***
skipping: [localhost]

TASK [/stigforge/roles/ubuntu22_cis : Enable PAM - Check if the parameter UsePAM is configured in /etc/ssh/sshd_config.d] ***
skipping: [localhost]

TASK [/stigforge/roles/ubuntu22_cis : Enable PAM - Check if /etc/ssh/sshd_config exists] ***
skipping: [localhost]

TASK [/stigforge/roles/ubuntu22_cis : Enable PAM - Check if the parameter UsePAM is configured correctly in /etc/ssh/sshd_config] ***
skipping: [localhost]

TASK [/stigforge/roles/ubuntu22_cis : Enable PAM - Check if the parameter UsePAM is configured correctly in /etc/ssh/sshd_config.d] ***
skipping: [localhost]

TASK [/stigforge/roles/ubuntu22_cis : Deduplicate values from /etc/ssh/sshd_config] ***
skipping: [localhost]

TASK [/stigforge/roles/ubuntu22_cis : Check if /etc/ssh/sshd_config.d exists] ***
skipping: [localhost]

TASK [/stigforge/roles/ubuntu22_cis : Check if the parameter UsePAM is present in /etc/ssh/sshd_config.d] ***
skipping: [localhost]

TASK [/stigforge/roles/ubuntu22_cis : Remove parameter from files in /etc/ssh/sshd_config.d] ***
skipping: [localhost]

TASK [/stigforge/roles/ubuntu22_cis : Insert correct line to /etc/ssh/sshd_config.d/00-complianceascode-hardening.conf] ***
skipping: [localhost]

TASK [/stigforge/roles/ubuntu22_cis : Enable PAM - set file mode for /etc/ssh/sshd_config.d/00-complianceascode-hardening.conf] ***
skipping: [localhost]

TASK [/stigforge/roles/ubuntu22_cis : Enable SSH Warning Banner - Check if the parameter Banner is configured in /etc/ssh/sshd_config] ***
skipping: [localhost]

TASK [/stigforge/roles/ubuntu22_cis : Enable SSH Warning Banner - Check if the parameter Banner is configured in /etc/ssh/sshd_config.d] ***
skipping: [localhost]

TASK [/stigforge/roles/ubuntu22_cis : Enable SSH Warning Banner - Check if /etc/ssh/sshd_config exists] ***
skipping: [localhost]

TASK [/stigforge/roles/ubuntu22_cis : Enable SSH Warning Banner - Check if the parameter Banner is configured correctly in /etc/ssh/sshd_config] ***
skipping: [localhost]

TASK [/stigforge/roles/ubuntu22_cis : Enable SSH Warning Banner - Check if the parameter Banner is configured correctly in /etc/ssh/sshd_config.d] ***
skipping: [localhost]

TASK [/stigforge/roles/ubuntu22_cis : Deduplicate values from /etc/ssh/sshd_config] ***
skipping: [localhost]

TASK [/stigforge/roles/ubuntu22_cis : Check if /etc/ssh/sshd_config.d exists] ***
skipping: [localhost]

TASK [/stigforge/roles/ubuntu22_cis : Check if the parameter Banner is present in /etc/ssh/sshd_config.d] ***
skipping: [localhost]

TASK [/stigforge/roles/ubuntu22_cis : Remove parameter from files in /etc/ssh/sshd_config.d] ***
skipping: [localhost]

TASK [/stigforge/roles/ubuntu22_cis : Insert correct line to /etc/ssh/sshd_config.d/00-complianceascode-hardening.conf] ***
skipping: [localhost]

TASK [/stigforge/roles/ubuntu22_cis : Enable SSH Warning Banner - set file mode for /etc/ssh/sshd_config.d/00-complianceascode-hardening.conf] ***
skipping: [localhost]

TASK [/stigforge/roles/ubuntu22_cis : Ensure SSH LoginGraceTime is configured - Check if the parameter LoginGraceTime is configured in /etc/ssh/sshd_config] ***
skipping: [localhost]

TASK [/stigforge/roles/ubuntu22_cis : Ensure SSH LoginGraceTime is configured - Check if the parameter LoginGraceTime is configured in /etc/ssh/sshd_config.d] ***
skipping: [localhost]

TASK [/stigforge/roles/ubuntu22_cis : Ensure SSH LoginGraceTime is configured - Check if /etc/ssh/sshd_config exists] ***
skipping: [localhost]

TASK [/stigforge/roles/ubuntu22_cis : Ensure SSH LoginGraceTime is configured - Check if the parameter LoginGraceTime is configured correctly in /etc/ssh/sshd_config] ***
skipping: [localhost]

TASK [/stigforge/roles/ubuntu22_cis : Ensure SSH LoginGraceTime is configured - Check if the parameter LoginGraceTime is configured correctly in /etc/ssh/sshd_config.d] ***
skipping: [localhost]

TASK [/stigforge/roles/ubuntu22_cis : Deduplicate values from /etc/ssh/sshd_config] ***
skipping: [localhost]

TASK [/stigforge/roles/ubuntu22_cis : Check if /etc/ssh/sshd_config.d exists] ***
skipping: [localhost]

TASK [/stigforge/roles/ubuntu22_cis : Check if the parameter LoginGraceTime is present in /etc/ssh/sshd_config.d] ***
skipping: [localhost]

TASK [/stigforge/roles/ubuntu22_cis : Remove parameter from files in /etc/ssh/sshd_config.d] ***
skipping: [localhost]

TASK [/stigforge/roles/ubuntu22_cis : Insert correct line to /etc/ssh/sshd_config.d/00-complianceascode-hardening.conf] ***
skipping: [localhost]

TASK [/stigforge/roles/ubuntu22_cis : Ensure SSH LoginGraceTime is configured - set file mode for /etc/ssh/sshd_config.d/00-complianceascode-hardening.conf] ***
skipping: [localhost]

TASK [/stigforge/roles/ubuntu22_cis : Set LogLevel to INFO - Check if the parameter LogLevel is configured in /etc/ssh/sshd_config] ***
skipping: [localhost]

TASK [/stigforge/roles/ubuntu22_cis : Set LogLevel to INFO - Check if the parameter LogLevel is configured in /etc/ssh/sshd_config.d] ***
skipping: [localhost]

TASK [/stigforge/roles/ubuntu22_cis : Set LogLevel to INFO - Check if /etc/ssh/sshd_config exists] ***
skipping: [localhost]

TASK [/stigforge/roles/ubuntu22_cis : Set LogLevel to INFO - Check if the parameter LogLevel is configured correctly in /etc/ssh/sshd_config] ***
skipping: [localhost]

TASK [/stigforge/roles/ubuntu22_cis : Set LogLevel to INFO - Check if the parameter LogLevel is configured correctly in /etc/ssh/sshd_config.d] ***
skipping: [localhost]

TASK [/stigforge/roles/ubuntu22_cis : Deduplicate values from /etc/ssh/sshd_config] ***
skipping: [localhost]

TASK [/stigforge/roles/ubuntu22_cis : Check if /etc/ssh/sshd_config.d exists] ***
skipping: [localhost]

TASK [/stigforge/roles/ubuntu22_cis : Check if the parameter LogLevel is present in /etc/ssh/sshd_config.d] ***
skipping: [localhost]

TASK [/stigforge/roles/ubuntu22_cis : Remove parameter from files in /etc/ssh/sshd_config.d] ***
skipping: [localhost]

TASK [/stigforge/roles/ubuntu22_cis : Insert correct line to /etc/ssh/sshd_config.d/01-complianceascode-reinforce-os-defaults.conf] ***
skipping: [localhost]

TASK [/stigforge/roles/ubuntu22_cis : Set LogLevel to INFO - set file mode for /etc/ssh/sshd_config.d/01-complianceascode-reinforce-os-defaults.conf] ***
skipping: [localhost]

TASK [/stigforge/roles/ubuntu22_cis : Set SSH authentication attempt limit - Check if the parameter MaxAuthTries is configured in /etc/ssh/sshd_config] ***
skipping: [localhost]

TASK [/stigforge/roles/ubuntu22_cis : Set SSH authentication attempt limit - Check if the parameter MaxAuthTries is configured in /etc/ssh/sshd_config.d] ***
skipping: [localhost]

TASK [/stigforge/roles/ubuntu22_cis : Set SSH authentication attempt limit - Check if /etc/ssh/sshd_config exists] ***
skipping: [localhost]

TASK [/stigforge/roles/ubuntu22_cis : Set SSH authentication attempt limit - Check if the parameter MaxAuthTries is configured correctly in /etc/ssh/sshd_config] ***
skipping: [localhost]

TASK [/stigforge/roles/ubuntu22_cis : Set SSH authentication attempt limit - Check if the parameter MaxAuthTries is configured correctly in /etc/ssh/sshd_config.d] ***
skipping: [localhost]

TASK [/stigforge/roles/ubuntu22_cis : Deduplicate values from /etc/ssh/sshd_config] ***
skipping: [localhost]

TASK [/stigforge/roles/ubuntu22_cis : Check if /etc/ssh/sshd_config.d exists] ***
skipping: [localhost]

TASK [/stigforge/roles/ubuntu22_cis : Check if the parameter MaxAuthTries is present in /etc/ssh/sshd_config.d] ***
skipping: [localhost]

TASK [/stigforge/roles/ubuntu22_cis : Remove parameter from files in /etc/ssh/sshd_config.d] ***
skipping: [localhost]

TASK [/stigforge/roles/ubuntu22_cis : Insert correct line to /etc/ssh/sshd_config.d/00-complianceascode-hardening.conf] ***
skipping: [localhost]

TASK [/stigforge/roles/ubuntu22_cis : Set SSH authentication attempt limit - set file mode for /etc/ssh/sshd_config.d/00-complianceascode-hardening.conf] ***
skipping: [localhost]

TASK [/stigforge/roles/ubuntu22_cis : Set SSH MaxSessions limit - Check if the parameter MaxSessions is configured in /etc/ssh/sshd_config] ***
skipping: [localhost]

TASK [/stigforge/roles/ubuntu22_cis : Set SSH MaxSessions limit - Check if the parameter MaxSessions is configured in /etc/ssh/sshd_config.d] ***
skipping: [localhost]

TASK [/stigforge/roles/ubuntu22_cis : Set SSH MaxSessions limit - Check if /etc/ssh/sshd_config exists] ***
skipping: [localhost]

TASK [/stigforge/roles/ubuntu22_cis : Set SSH MaxSessions limit - Check if the parameter MaxSessions is configured correctly in /etc/ssh/sshd_config] ***
skipping: [localhost]

TASK [/stigforge/roles/ubuntu22_cis : Set SSH MaxSessions limit - Check if the parameter MaxSessions is configured correctly in /etc/ssh/sshd_config.d] ***
skipping: [localhost]

TASK [/stigforge/roles/ubuntu22_cis : Deduplicate values from /etc/ssh/sshd_config] ***
skipping: [localhost]

TASK [/stigforge/roles/ubuntu22_cis : Check if /etc/ssh/sshd_config.d exists] ***
skipping: [localhost]

TASK [/stigforge/roles/ubuntu22_cis : Check if the parameter MaxSessions is present in /etc/ssh/sshd_config.d] ***
skipping: [localhost]

TASK [/stigforge/roles/ubuntu22_cis : Remove parameter from files in /etc/ssh/sshd_config.d] ***
skipping: [localhost]

TASK [/stigforge/roles/ubuntu22_cis : Insert correct line to /etc/ssh/sshd_config.d/00-complianceascode-hardening.conf] ***
skipping: [localhost]

TASK [/stigforge/roles/ubuntu22_cis : Set SSH MaxSessions limit - set file mode for /etc/ssh/sshd_config.d/00-complianceascode-hardening.conf] ***
skipping: [localhost]

TASK [/stigforge/roles/ubuntu22_cis : Ensure SSH MaxStartups is configured - Check if the parameter MaxStartups is configured in /etc/ssh/sshd_config] ***
skipping: [localhost]

TASK [/stigforge/roles/ubuntu22_cis : Ensure SSH MaxStartups is configured - Check if the parameter MaxStartups is configured in /etc/ssh/sshd_config.d] ***
skipping: [localhost]

TASK [/stigforge/roles/ubuntu22_cis : Ensure SSH MaxStartups is configured - Check if /etc/ssh/sshd_config exists] ***
skipping: [localhost]

TASK [/stigforge/roles/ubuntu22_cis : Ensure SSH MaxStartups is configured - Check if the parameter MaxStartups is configured correctly in /etc/ssh/sshd_config] ***
skipping: [localhost]

TASK [/stigforge/roles/ubuntu22_cis : Ensure SSH MaxStartups is configured - Check if the parameter MaxStartups is configured correctly in /etc/ssh/sshd_config.d] ***
skipping: [localhost]

TASK [/stigforge/roles/ubuntu22_cis : Deduplicate values from /etc/ssh/sshd_config] ***
skipping: [localhost]

TASK [/stigforge/roles/ubuntu22_cis : Check if /etc/ssh/sshd_config.d exists] ***
skipping: [localhost]

TASK [/stigforge/roles/ubuntu22_cis : Check if the parameter MaxStartups is present in /etc/ssh/sshd_config.d] ***
skipping: [localhost]

TASK [/stigforge/roles/ubuntu22_cis : Remove parameter from files in /etc/ssh/sshd_config.d] ***
skipping: [localhost]

TASK [/stigforge/roles/ubuntu22_cis : Insert correct line to /etc/ssh/sshd_config.d/00-complianceascode-hardening.conf] ***
skipping: [localhost]

TASK [/stigforge/roles/ubuntu22_cis : Ensure SSH MaxStartups is configured - set file mode for /etc/ssh/sshd_config.d/00-complianceascode-hardening.conf] ***
skipping: [localhost]

TASK [/stigforge/roles/ubuntu22_cis : Use Only Strong Key Exchange algorithms - Check if the parameter KexAlgorithms is configured in /etc/ssh/sshd_config] ***
skipping: [localhost]

TASK [/stigforge/roles/ubuntu22_cis : Use Only Strong Key Exchange algorithms - Check if the parameter KexAlgorithms is configured in /etc/ssh/sshd_config.d] ***
skipping: [localhost]

TASK [/stigforge/roles/ubuntu22_cis : Use Only Strong Key Exchange algorithms - Check if /etc/ssh/sshd_config exists] ***
skipping: [localhost]

TASK [/stigforge/roles/ubuntu22_cis : Use Only Strong Key Exchange algorithms - Check if the parameter KexAlgorithms is configured correctly in /etc/ssh/sshd_config] ***
skipping: [localhost]

TASK [/stigforge/roles/ubuntu22_cis : Use Only Strong Key Exchange algorithms - Check if the parameter KexAlgorithms is configured correctly in /etc/ssh/sshd_config.d] ***
skipping: [localhost]

TASK [/stigforge/roles/ubuntu22_cis : Deduplicate values from /etc/ssh/sshd_config] ***
skipping: [localhost]

TASK [/stigforge/roles/ubuntu22_cis : Check if /etc/ssh/sshd_config.d exists] ***
skipping: [localhost]

TASK [/stigforge/roles/ubuntu22_cis : Check if the parameter KexAlgorithms is present in /etc/ssh/sshd_config.d] ***
skipping: [localhost]

TASK [/stigforge/roles/ubuntu22_cis : Remove parameter from files in /etc/ssh/sshd_config.d] ***
skipping: [localhost]

TASK [/stigforge/roles/ubuntu22_cis : Insert correct line to /etc/ssh/sshd_config.d/00-complianceascode-hardening.conf] ***
skipping: [localhost]

TASK [/stigforge/roles/ubuntu22_cis : Use Only Strong Key Exchange algorithms - set file mode for /etc/ssh/sshd_config.d/00-complianceascode-hardening.conf] ***
skipping: [localhost]

TASK [/stigforge/roles/ubuntu22_cis : Use Only Strong MACs - Check if the parameter MACs is configured in /etc/ssh/sshd_config] ***
skipping: [localhost]

TASK [/stigforge/roles/ubuntu22_cis : Use Only Strong MACs - Check if the parameter MACs is configured in /etc/ssh/sshd_config.d] ***
skipping: [localhost]

TASK [/stigforge/roles/ubuntu22_cis : Use Only Strong MACs - Check if /etc/ssh/sshd_config exists] ***
skipping: [localhost]

TASK [/stigforge/roles/ubuntu22_cis : Use Only Strong MACs - Check if the parameter MACs is configured correctly in /etc/ssh/sshd_config] ***
skipping: [localhost]

TASK [/stigforge/roles/ubuntu22_cis : Use Only Strong MACs - Check if the parameter MACs is configured correctly in /etc/ssh/sshd_config.d] ***
skipping: [localhost]

TASK [/stigforge/roles/ubuntu22_cis : Deduplicate values from /etc/ssh/sshd_config] ***
skipping: [localhost]

TASK [/stigforge/roles/ubuntu22_cis : Check if /etc/ssh/sshd_config.d exists] ***
skipping: [localhost]

TASK [/stigforge/roles/ubuntu22_cis : Check if the parameter MACs is present in /etc/ssh/sshd_config.d] ***
skipping: [localhost]

TASK [/stigforge/roles/ubuntu22_cis : Remove parameter from files in /etc/ssh/sshd_config.d] ***
skipping: [localhost]

TASK [/stigforge/roles/ubuntu22_cis : Insert correct line to /etc/ssh/sshd_config.d/00-complianceascode-hardening.conf] ***
skipping: [localhost]

TASK [/stigforge/roles/ubuntu22_cis : Use Only Strong MACs - set file mode for /etc/ssh/sshd_config.d/00-complianceascode-hardening.conf] ***
skipping: [localhost]

PLAY RECAP *********************************************************************
localhost                  : ok=241  changed=4    unreachable=0    failed=0    skipped=959  rescued=0    ignored=11  

